year,month,day,hour,minute,second,millisecond,UTC,open_CB1-22KV,open_CB2-22KV,open_CB3-22KV,open_CB1-FDR1,open_CB2-FDR2,open_CB-FDR3,open_CB-FDR4,I_FDR1,I_FDR4
2021,1,4,17,19,33,726,1609744773.726000,0,0,0,0,0,0,0,26,26,
2021,1,4,17,19,33,847,1609744773.847000,0,0,0,0,0,0,0,26,26,
2021,1,4,17,19,33,958,1609744773.958000,0,0,0,0,0,0,0,26,26,
2021,1,4,17,19,34,74,1609744774.074000,0,0,0,0,0,0,0,26,26,
2021,1,4,17,19,34,190,1609744774.190000,0,0,0,0,0,0,0,26,26,
2021,1,4,17,19,34,303,1609744774.303000,0,0,0,0,0,0,0,26,26,
2021,1,4,17,19,34,417,1609744774.417000,0,0,0,0,0,0,0,26,26,
2021,1,4,17,19,34,528,1609744774.528000,0,0,0,0,0,0,0,26,26,
2021,1,4,17,19,34,637,1609744774.637000,0,0,0,0,0,0,0,26,26,
2021,1,4,17,19,34,747,1609744774.747000,0,0,0,0,0,0,0,26,26,
2021,1,4,17,19,34,858,1609744774.858000,0,0,0,0,0,0,0,26,26,
2021,1,4,17,19,34,974,1609744774.974000,0,0,0,0,0,0,0,26,26,
2021,1,4,17,19,35,89,1609744775.089000,0,0,0,0,0,0,0,26,26,
2021,1,4,17,19,35,201,1609744775.201000,0,0,0,0,0,0,0,26,26,
2021,1,4,17,19,35,317,1609744775.317000,0,0,0,0,0,0,0,26,26,
2021,1,4,17,19,35,427,1609744775.427000,0,0,0,0,0,0,0,26,26,
2021,1,4,17,19,35,541,1609744775.541000,0,0,0,0,0,0,0,26,26,
2021,1,4,17,19,35,652,1609744775.652000,0,0,0,0,0,0,0,26,26,
2021,1,4,17,19,35,767,1609744775.767000,0,0,0,0,0,0,0,26,26,
2021,1,4,17,19,35,879,1609744775.879000,0,0,0,0,0,0,0,26,26,
2021,1,4,17,19,35,995,1609744775.995000,0,0,0,0,0,0,0,26,26,
2021,1,4,17,19,36,110,1609744776.110000,0,0,0,0,0,0,0,26,26,
2021,1,4,17,19,36,223,1609744776.223000,0,0,0,0,0,0,0,26,26,
2021,1,4,17,19,36,333,1609744776.333000,0,0,0,0,0,0,0,26,26,
2021,1,4,17,19,36,445,1609744776.445000,0,0,0,0,0,0,0,26,26,
2021,1,4,17,19,36,559,1609744776.559000,0,0,0,0,0,0,0,26,26,
2021,1,4,17,19,36,674,1609744776.674000,0,0,0,0,0,0,0,26,26,
2021,1,4,17,19,36,789,1609744776.789000,0,0,0,0,0,0,0,26,26,
2021,1,4,17,19,36,899,1609744776.899000,0,0,0,0,0,0,0,26,26,
2021,1,4,17,19,37,18,1609744777.018000,0,0,0,0,0,0,0,26,26,
2021,1,4,17,19,37,131,1609744777.131000,0,0,0,0,0,0,0,26,26,
2021,1,4,17,19,37,242,1609744777.242000,0,0,0,0,0,0,0,26,26,
2021,1,4,17,19,37,352,1609744777.352000,0,0,0,0,0,0,0,26,26,
2021,1,4,17,19,37,465,1609744777.465000,0,0,0,0,0,0,0,26,26,
2021,1,4,17,19,37,578,1609744777.578000,0,0,0,0,0,0,0,26,26,
2021,1,4,17,19,37,693,1609744777.693000,0,0,0,0,0,0,0,26,26,
2021,1,4,17,19,37,805,1609744777.805000,0,0,0,0,0,0,0,26,26,
2021,1,4,17,19,37,920,1609744777.920000,0,0,0,0,0,0,0,26,26,
2021,1,4,17,19,38,30,1609744778.030000,0,0,0,0,0,0,0,26,26,
2021,1,4,17,19,38,142,1609744778.142000,0,0,0,0,0,0,0,26,26,
2021,1,4,17,19,38,254,1609744778.254000,0,0,0,0,0,0,0,26,26,
2021,1,4,17,19,38,366,1609744778.366000,0,0,0,0,0,0,0,26,26,
2021,1,4,17,19,38,478,1609744778.478000,0,0,0,0,0,0,0,26,26,
2021,1,4,17,19,38,596,1609744778.596000,0,0,0,0,0,0,0,26,26,
2021,1,4,17,19,38,709,1609744778.709000,0,0,0,0,0,0,0,26,26,
2021,1,4,17,19,38,822,1609744778.822000,0,0,0,0,0,0,0,26,26,
2021,1,4,17,19,38,937,1609744778.937000,0,0,0,0,0,0,0,26,26,
2021,1,4,17,19,39,52,1609744779.052000,0,0,0,0,0,0,0,26,26,
2021,1,4,17,19,39,168,1609744779.168000,0,0,0,0,0,0,0,26,26,
2021,1,4,17,19,39,282,1609744779.282000,0,0,0,0,0,0,0,26,26,
2021,1,4,17,19,39,397,1609744779.397000,0,0,0,0,0,0,0,26,26,
2021,1,4,17,19,39,509,1609744779.509000,0,0,0,0,0,0,0,26,26,
2021,1,4,17,19,39,622,1609744779.622000,0,0,0,0,0,0,0,26,26,
2021,1,4,17,19,39,744,1609744779.744000,0,0,0,0,0,0,0,26,26,
2021,1,4,17,19,39,858,1609744779.858000,0,0,0,0,0,0,0,26,26,
2021,1,4,17,19,39,971,1609744779.971000,0,0,0,0,0,0,0,26,26,
2021,1,4,17,19,40,89,1609744780.089000,0,0,0,0,0,0,0,26,26,
2021,1,4,17,19,40,204,1609744780.204000,0,0,0,0,0,0,0,26,26,
2021,1,4,17,19,40,323,1609744780.323000,0,0,0,0,0,0,0,26,26,
2021,1,4,17,19,40,441,1609744780.441000,0,0,0,0,0,0,0,26,26,
2021,1,4,17,19,40,557,1609744780.557000,0,0,0,0,0,0,0,26,26,
2021,1,4,17,19,40,677,1609744780.677000,0,0,0,0,0,0,0,26,26,
2021,1,4,17,19,40,790,1609744780.790000,0,0,0,0,0,0,0,26,26,
2021,1,4,17,19,40,907,1609744780.907000,0,0,0,0,0,0,0,26,26,
2021,1,4,17,19,41,25,1609744781.025000,0,0,0,0,0,0,0,26,26,
2021,1,4,17,19,41,143,1609744781.143000,0,0,0,0,0,0,0,26,26,
2021,1,4,17,19,41,255,1609744781.255000,0,0,0,0,0,0,0,26,26,
2021,1,4,17,19,41,366,1609744781.366000,0,0,0,0,0,0,0,26,26,
2021,1,4,17,19,41,482,1609744781.482000,0,0,0,0,0,0,0,26,26,
2021,1,4,17,19,41,597,1609744781.597000,0,0,0,0,0,0,0,26,26,
2021,1,4,17,19,41,710,1609744781.710000,0,0,0,0,0,0,0,26,26,
2021,1,4,17,19,41,827,1609744781.827000,0,0,0,0,0,0,0,26,26,
2021,1,4,17,19,41,951,1609744781.951000,0,0,0,0,0,0,0,26,26,
2021,1,4,17,19,42,65,1609744782.065000,0,0,0,0,0,0,0,26,26,
2021,1,4,17,19,42,178,1609744782.178000,0,0,0,0,0,0,0,26,26,
2021,1,4,17,19,42,295,1609744782.295000,0,0,0,0,0,0,0,26,26,
2021,1,4,17,19,42,408,1609744782.408000,0,0,0,0,0,0,0,26,26,
2021,1,4,17,19,42,524,1609744782.524000,0,0,0,0,0,0,0,26,26,
2021,1,4,17,19,42,637,1609744782.637000,0,0,0,0,0,0,0,26,26,
2021,1,4,17,19,42,749,1609744782.749000,0,0,0,0,0,0,0,26,26,
2021,1,4,17,19,42,865,1609744782.865000,0,0,0,0,0,0,0,26,26,
2021,1,4,17,19,42,979,1609744782.979000,0,0,0,0,0,0,0,26,26,
2021,1,4,17,19,43,92,1609744783.092000,0,0,0,0,0,0,0,26,26,
2021,1,4,17,19,43,207,1609744783.207000,0,0,0,0,0,0,0,26,26,
2021,1,4,17,19,43,326,1609744783.326000,0,0,0,0,0,0,0,26,26,
2021,1,4,17,19,43,440,1609744783.440000,0,0,0,0,0,0,0,26,26,
2021,1,4,17,19,43,558,1609744783.558000,0,0,0,0,0,0,0,26,26,
2021,1,4,17,19,43,675,1609744783.675000,0,0,0,0,0,0,0,26,26,
2021,1,4,17,19,43,789,1609744783.789000,0,0,0,0,0,0,0,26,26,
2021,1,4,17,19,43,908,1609744783.908000,0,0,0,0,0,0,0,26,26,
2021,1,4,17,19,44,23,1609744784.023000,0,0,0,0,0,0,0,26,26,
2021,1,4,17,19,44,137,1609744784.137000,0,0,0,0,0,0,0,26,26,
2021,1,4,17,19,44,248,1609744784.248000,0,0,0,0,0,0,0,26,26,
2021,1,4,17,19,44,366,1609744784.366000,0,0,0,0,0,0,0,26,26,
2021,1,4,17,19,44,482,1609744784.482000,0,0,0,0,0,0,0,26,26,
2021,1,4,17,19,44,595,1609744784.595000,0,0,0,0,0,0,0,26,26,
2021,1,4,17,19,44,718,1609744784.718000,0,0,0,0,0,0,0,26,26,
2021,1,4,17,19,44,830,1609744784.830000,0,0,0,0,0,0,0,26,26,
2021,1,4,17,19,44,945,1609744784.945000,0,0,0,0,0,0,0,26,26,
2021,1,4,17,19,45,57,1609744785.057000,0,0,0,0,0,0,0,26,26,
2021,1,4,17,19,45,176,1609744785.176000,0,0,0,0,0,0,0,26,26,
2021,1,4,17,19,45,289,1609744785.289000,0,0,0,0,0,0,0,26,26,
2021,1,4,17,19,45,402,1609744785.402000,0,0,0,0,0,0,0,26,26,
2021,1,4,17,19,45,518,1609744785.518000,0,0,0,0,0,0,0,26,26,
2021,1,4,17,19,45,637,1609744785.637000,0,0,0,0,0,0,0,26,26,
2021,1,4,17,19,45,751,1609744785.751000,0,0,0,0,0,0,0,26,26,
2021,1,4,17,19,45,872,1609744785.872000,0,0,0,0,0,0,0,26,26,
2021,1,4,17,19,45,988,1609744785.988000,0,0,0,0,0,0,0,26,26,
2021,1,4,17,19,46,108,1609744786.108000,0,0,0,0,0,0,0,26,26,
2021,1,4,17,19,46,230,1609744786.230000,0,0,0,0,0,0,0,26,26,
2021,1,4,17,19,46,347,1609744786.347000,0,0,0,0,0,0,0,26,26,
2021,1,4,17,19,46,464,1609744786.464000,0,0,0,0,0,0,0,26,26,
2021,1,4,17,19,46,585,1609744786.585000,0,0,0,0,0,0,0,26,26,
2021,1,4,17,19,46,701,1609744786.701000,0,0,0,0,0,0,0,26,26,
2021,1,4,17,19,46,820,1609744786.820000,0,0,0,0,0,0,0,26,26,
2021,1,4,17,19,46,940,1609744786.940000,0,0,0,0,0,0,0,26,26,
2021,1,4,17,19,47,56,1609744787.056000,0,0,0,0,0,0,0,26,26,
2021,1,4,17,19,47,174,1609744787.174000,0,0,0,0,0,0,0,26,26,
2021,1,4,17,19,47,286,1609744787.286000,0,0,0,0,0,0,0,26,26,
2021,1,4,17,19,47,404,1609744787.404000,0,0,0,0,0,0,0,26,26,
2021,1,4,17,19,47,521,1609744787.521000,0,0,0,0,0,0,0,26,26,
2021,1,4,17,19,47,639,1609744787.639000,0,0,0,0,0,0,0,26,26,
2021,1,4,17,19,47,759,1609744787.759000,0,0,0,0,0,0,0,26,26,
2021,1,4,17,19,47,875,1609744787.875000,0,0,0,0,0,0,0,26,26,
2021,1,4,17,19,47,996,1609744787.996000,0,0,0,0,0,0,0,26,26,
2021,1,4,17,19,48,109,1609744788.109000,0,0,0,0,0,0,0,26,26,
2021,1,4,17,19,48,228,1609744788.228000,0,0,0,0,0,0,0,26,26,
2021,1,4,17,19,48,345,1609744788.345000,0,0,0,0,0,0,0,26,26,
2021,1,4,17,19,48,463,1609744788.463000,0,0,0,0,0,0,0,26,26,
2021,1,4,17,19,48,583,1609744788.583000,0,0,0,0,0,0,0,26,26,
2021,1,4,17,19,48,703,1609744788.703000,0,0,0,0,0,0,0,26,26,
2021,1,4,17,19,48,822,1609744788.822000,0,0,0,0,0,0,0,26,26,
2021,1,4,17,19,48,945,1609744788.945000,0,0,0,0,0,0,0,26,26,
2021,1,4,17,19,49,65,1609744789.065000,0,0,0,0,0,0,0,26,26,
2021,1,4,17,19,49,180,1609744789.180000,0,0,0,0,0,0,0,26,26,
2021,1,4,17,19,49,295,1609744789.295000,0,0,0,0,0,0,0,26,26,
2021,1,4,17,19,49,410,1609744789.410000,0,0,0,0,0,0,0,26,26,
2021,1,4,17,19,49,525,1609744789.525000,0,0,0,0,0,0,0,26,26,
2021,1,4,17,19,49,645,1609744789.645000,0,0,0,0,0,0,0,26,26,
2021,1,4,17,19,49,761,1609744789.761000,0,0,0,0,0,0,0,26,26,
2021,1,4,17,19,49,878,1609744789.878000,0,0,0,0,0,0,0,26,26,
2021,1,4,17,19,49,993,1609744789.993000,0,0,0,0,0,0,0,26,26,
2021,1,4,17,19,50,109,1609744790.109000,0,0,0,0,0,0,0,26,26,
2021,1,4,17,19,50,225,1609744790.225000,0,0,0,0,0,0,0,26,26,
2021,1,4,17,19,50,342,1609744790.342000,0,0,0,0,0,0,0,26,26,
2021,1,4,17,19,50,462,1609744790.462000,0,0,0,0,0,0,0,26,26,
2021,1,4,17,19,50,584,1609744790.584000,0,0,0,0,0,0,0,26,26,
2021,1,4,17,19,50,700,1609744790.700000,0,0,0,0,0,0,0,26,26,
2021,1,4,17,19,50,817,1609744790.817000,0,0,0,0,0,0,0,26,26,
2021,1,4,17,19,50,937,1609744790.937000,0,0,0,0,0,0,0,26,26,
2021,1,4,17,19,51,54,1609744791.054000,0,0,0,0,0,0,0,26,26,
2021,1,4,17,19,51,173,1609744791.173000,0,0,0,0,0,0,0,26,26,
2021,1,4,17,19,51,286,1609744791.286000,0,0,0,0,0,0,0,26,26,
2021,1,4,17,19,51,404,1609744791.404000,0,0,0,0,0,0,0,26,26,
2021,1,4,17,19,51,520,1609744791.520000,0,0,0,0,0,0,0,26,26,
2021,1,4,17,19,51,639,1609744791.639000,0,0,0,0,0,0,0,26,26,
2021,1,4,17,19,51,761,1609744791.761000,0,0,0,0,0,0,0,26,26,
2021,1,4,17,19,51,879,1609744791.879000,0,0,0,0,0,0,0,26,26,
2021,1,4,17,19,51,993,1609744791.993000,0,0,0,0,0,0,0,26,26,
2021,1,4,17,19,52,107,1609744792.107000,0,0,0,0,0,0,0,26,26,
2021,1,4,17,19,52,222,1609744792.222000,0,0,0,0,0,0,0,26,26,
2021,1,4,17,19,52,340,1609744792.340000,0,0,0,0,0,0,0,26,26,
2021,1,4,17,19,52,456,1609744792.456000,0,0,0,0,0,0,0,26,26,
2021,1,4,17,19,52,573,1609744792.573000,0,0,0,0,0,0,0,26,26,
2021,1,4,17,19,52,691,1609744792.691000,0,0,0,0,0,0,0,26,26,
2021,1,4,17,19,52,807,1609744792.807000,0,0,0,0,0,0,0,26,26,
2021,1,4,17,19,52,922,1609744792.922000,0,0,0,0,0,0,0,26,26,
2021,1,4,17,19,53,44,1609744793.044000,0,0,0,0,0,0,0,26,26,
2021,1,4,17,19,53,161,1609744793.161000,0,0,0,0,0,0,0,26,26,
2021,1,4,17,19,53,275,1609744793.275000,0,0,0,0,0,0,0,26,26,
2021,1,4,17,19,53,390,1609744793.390000,0,0,0,0,0,0,0,26,26,
2021,1,4,17,19,53,506,1609744793.506000,0,0,0,0,0,0,0,26,26,
2021,1,4,17,19,53,630,1609744793.630000,0,0,0,0,0,0,0,26,26,
2021,1,4,17,19,53,749,1609744793.749000,0,0,0,0,0,0,0,26,26,
2021,1,4,17,19,53,870,1609744793.870000,0,0,0,0,0,0,0,26,26,
2021,1,4,17,19,53,989,1609744793.989000,0,0,0,0,0,0,0,26,26,
2021,1,4,17,19,54,104,1609744794.104000,0,0,0,0,0,0,0,26,26,
2021,1,4,17,19,54,218,1609744794.218000,0,0,0,0,0,0,0,26,26,
2021,1,4,17,19,54,334,1609744794.334000,0,0,0,0,0,0,0,26,26,
2021,1,4,17,19,54,455,1609744794.455000,0,0,0,0,0,0,0,26,26,
2021,1,4,17,19,54,571,1609744794.571000,0,0,0,0,0,0,0,26,26,
2021,1,4,17,19,54,692,1609744794.692000,0,0,0,0,0,0,0,26,26,
2021,1,4,17,19,54,810,1609744794.810000,0,0,0,0,0,0,0,26,26,
2021,1,4,17,19,54,923,1609744794.923000,0,0,0,0,0,0,0,26,26,
2021,1,4,17,19,55,40,1609744795.040000,0,0,0,0,0,0,0,26,26,
2021,1,4,17,19,55,159,1609744795.159000,0,0,0,0,0,0,0,26,26,
2021,1,4,17,19,55,273,1609744795.273000,0,0,0,0,0,0,0,26,26,
2021,1,4,17,19,55,386,1609744795.386000,0,0,0,0,0,0,0,26,26,
2021,1,4,17,19,55,500,1609744795.500000,0,0,0,0,0,0,0,26,26,
2021,1,4,17,19,55,618,1609744795.618000,0,0,0,0,0,0,0,26,26,
2021,1,4,17,19,55,740,1609744795.740000,0,0,0,0,0,0,0,26,26,
2021,1,4,17,19,55,862,1609744795.862000,0,0,0,0,0,0,0,26,26,
2021,1,4,17,19,55,983,1609744795.983000,0,0,0,0,0,0,0,26,26,
2021,1,4,17,19,56,95,1609744796.095000,0,0,0,0,0,0,0,26,26,
2021,1,4,17,19,56,217,1609744796.217000,0,0,0,0,0,0,0,26,26,
2021,1,4,17,19,56,330,1609744796.330000,0,0,0,0,0,0,0,26,26,
2021,1,4,17,19,56,446,1609744796.446000,0,0,0,0,0,0,0,26,26,
2021,1,4,17,19,56,563,1609744796.563000,0,0,0,0,0,0,0,26,26,
2021,1,4,17,19,56,683,1609744796.683000,0,0,0,0,0,0,0,26,26,
2021,1,4,17,19,56,799,1609744796.799000,0,0,0,0,0,0,0,26,26,
2021,1,4,17,19,56,917,1609744796.917000,0,0,0,0,0,0,0,26,26,
2021,1,4,17,19,57,39,1609744797.039000,0,0,0,0,0,0,0,26,26,
2021,1,4,17,19,57,156,1609744797.156000,0,0,0,0,0,0,0,26,26,
2021,1,4,17,19,57,275,1609744797.275000,0,0,0,0,0,0,0,26,26,
2021,1,4,17,19,57,392,1609744797.392000,0,0,0,0,0,0,0,26,26,
2021,1,4,17,19,57,511,1609744797.511000,0,0,0,0,0,0,0,26,26,
2021,1,4,17,19,57,629,1609744797.629000,0,0,0,0,0,0,0,26,26,
2021,1,4,17,19,57,741,1609744797.741000,0,0,0,0,0,0,0,26,26,
2021,1,4,17,19,57,857,1609744797.857000,0,0,0,0,0,0,0,26,26,
2021,1,4,17,19,57,977,1609744797.977000,0,0,0,0,0,0,0,26,26,
2021,1,4,17,19,58,95,1609744798.095000,0,0,0,0,0,0,0,26,26,
2021,1,4,17,19,58,213,1609744798.213000,0,0,0,0,0,0,0,26,26,
2021,1,4,17,19,58,335,1609744798.335000,0,0,0,0,0,0,0,26,26,
2021,1,4,17,19,58,453,1609744798.453000,0,0,0,0,0,0,0,26,26,
2021,1,4,17,19,58,577,1609744798.577000,0,0,0,0,0,0,0,26,26,
2021,1,4,17,19,58,696,1609744798.696000,0,0,0,0,0,0,0,26,26,
2021,1,4,17,19,58,814,1609744798.814000,0,0,0,0,0,0,0,26,26,
2021,1,4,17,19,58,933,1609744798.933000,0,0,0,0,0,0,0,26,26,
2021,1,4,17,19,59,52,1609744799.052000,0,0,0,0,0,0,0,26,26,
2021,1,4,17,19,59,171,1609744799.171000,0,0,0,0,0,0,0,26,26,
2021,1,4,17,19,59,291,1609744799.291000,0,0,0,0,0,0,0,26,26,
2021,1,4,17,19,59,407,1609744799.407000,0,0,0,0,0,0,0,26,26,
2021,1,4,17,19,59,524,1609744799.524000,0,0,0,0,0,0,0,26,26,
2021,1,4,17,19,59,639,1609744799.639000,0,0,0,0,0,0,0,26,26,
2021,1,4,17,19,59,765,1609744799.765000,0,0,0,0,0,0,0,26,26,
2021,1,4,17,19,59,881,1609744799.881000,0,0,0,0,0,0,0,26,26,
2021,1,4,17,20,0,6,1609744800.006000,0,0,0,0,0,0,0,26,26,
2021,1,4,17,20,0,129,1609744800.129000,0,0,0,0,0,0,0,26,26,
2021,1,4,17,20,0,248,1609744800.248000,0,0,0,0,0,0,0,26,26,
2021,1,4,17,20,0,368,1609744800.368000,0,0,0,0,0,0,0,26,26,
2021,1,4,17,20,0,489,1609744800.489000,0,0,0,0,0,0,0,26,26,
2021,1,4,17,20,0,609,1609744800.609000,0,0,0,0,0,0,0,26,26,
2021,1,4,17,20,0,729,1609744800.729000,0,0,0,0,0,0,0,26,26,
2021,1,4,17,20,0,848,1609744800.848000,0,0,0,0,0,0,0,26,26,
2021,1,4,17,20,0,969,1609744800.969000,0,0,0,0,0,0,0,26,26,
2021,1,4,17,20,1,84,1609744801.084000,0,0,0,0,0,0,0,26,26,
2021,1,4,17,20,1,202,1609744801.202000,0,0,0,0,0,0,0,26,26,
2021,1,4,17,20,1,326,1609744801.326000,0,0,0,0,0,0,0,26,26,
2021,1,4,17,20,1,447,1609744801.447000,0,0,0,0,0,0,0,26,26,
2021,1,4,17,20,1,571,1609744801.571000,0,0,0,0,0,0,0,26,26,
2021,1,4,17,20,1,697,1609744801.697000,0,0,0,0,0,0,0,26,26,
2021,1,4,17,20,1,816,1609744801.816000,0,0,0,0,0,0,0,26,26,
2021,1,4,17,20,1,931,1609744801.931000,0,0,0,0,0,0,0,26,26,
2021,1,4,17,20,2,55,1609744802.055000,0,0,0,0,0,0,0,26,26,
2021,1,4,17,20,2,172,1609744802.172000,0,0,0,0,0,0,0,26,26,
2021,1,4,17,20,2,293,1609744802.293000,0,0,0,0,0,0,0,26,26,
2021,1,4,17,20,2,411,1609744802.411000,0,0,0,0,0,0,0,26,26,
2021,1,4,17,20,2,527,1609744802.527000,0,0,0,0,0,0,0,26,26,
2021,1,4,17,20,2,644,1609744802.644000,0,0,0,0,0,0,0,26,26,
2021,1,4,17,20,2,766,1609744802.766000,0,0,0,0,0,0,0,26,26,
2021,1,4,17,20,2,886,1609744802.886000,0,0,0,0,0,0,0,26,26,
2021,1,4,17,20,3,10,1609744803.010000,0,0,0,0,0,0,0,26,26,
2021,1,4,17,20,3,124,1609744803.124000,0,0,0,0,0,0,0,26,26,
2021,1,4,17,20,3,239,1609744803.239000,0,0,0,0,0,0,0,26,26,
2021,1,4,17,20,3,356,1609744803.356000,0,0,0,0,0,0,0,26,26,
2021,1,4,17,20,3,473,1609744803.473000,0,0,0,0,0,0,0,26,26,
2021,1,4,17,20,3,589,1609744803.589000,0,0,0,0,0,0,0,26,26,
2021,1,4,17,20,3,705,1609744803.705000,0,0,0,0,0,0,0,26,26,
2021,1,4,17,20,3,823,1609744803.823000,0,0,0,0,0,0,0,26,26,
2021,1,4,17,20,3,939,1609744803.939000,0,0,0,0,0,0,0,26,26,
2021,1,4,17,20,4,51,1609744804.051000,0,0,0,0,0,0,0,26,26,
2021,1,4,17,20,4,168,1609744804.168000,0,0,0,0,0,0,0,26,26,
2021,1,4,17,20,4,284,1609744804.284000,0,0,0,0,0,0,0,26,26,
2021,1,4,17,20,4,399,1609744804.399000,0,0,0,0,0,0,0,26,26,
2021,1,4,17,20,4,517,1609744804.517000,0,0,0,0,0,0,0,26,26,
2021,1,4,17,20,4,634,1609744804.634000,0,0,0,0,0,0,0,26,26,
2021,1,4,17,20,4,760,1609744804.760000,0,0,0,0,0,0,0,26,26,
2021,1,4,17,20,4,878,1609744804.878000,0,0,0,0,0,0,0,26,26,
2021,1,4,17,20,4,999,1609744804.999000,0,0,0,0,0,0,0,26,26,
2021,1,4,17,20,5,117,1609744805.117000,0,0,0,0,0,0,0,26,26,
2021,1,4,17,20,5,230,1609744805.230000,0,0,0,0,0,0,0,26,26,
2021,1,4,17,20,5,348,1609744805.348000,0,0,0,0,0,0,0,26,26,
2021,1,4,17,20,5,465,1609744805.465000,0,0,0,0,0,0,0,26,26,
2021,1,4,17,20,5,588,1609744805.588000,0,0,0,0,0,0,0,26,26,
2021,1,4,17,20,5,710,1609744805.710000,0,0,0,0,0,0,0,26,26,
2021,1,4,17,20,5,826,1609744805.826000,0,0,0,0,0,0,0,26,26,
2021,1,4,17,20,5,944,1609744805.944000,0,0,0,0,0,0,0,26,26,
2021,1,4,17,20,6,59,1609744806.059000,0,0,0,0,0,0,0,26,26,
2021,1,4,17,20,6,174,1609744806.174000,0,0,0,0,0,0,0,26,26,
2021,1,4,17,20,6,290,1609744806.290000,0,0,0,0,0,0,0,26,26,
2021,1,4,17,20,6,411,1609744806.411000,0,0,0,0,0,0,0,26,26,
2021,1,4,17,20,6,526,1609744806.526000,0,0,0,0,0,0,0,26,26,
2021,1,4,17,20,6,645,1609744806.645000,0,0,0,0,0,0,0,26,26,
2021,1,4,17,20,6,765,1609744806.765000,0,0,0,0,0,0,0,26,26,
2021,1,4,17,20,6,885,1609744806.885000,0,0,0,0,0,0,0,26,26,
2021,1,4,17,20,7,2,1609744807.002000,0,0,0,0,0,0,0,26,26,
2021,1,4,17,20,7,118,1609744807.118000,0,0,0,0,0,0,0,26,26,
2021,1,4,17,20,7,235,1609744807.235000,0,0,0,0,0,0,0,26,26,
2021,1,4,17,20,7,350,1609744807.350000,0,0,0,0,0,0,0,26,26,
2021,1,4,17,20,7,471,1609744807.471000,0,0,0,0,0,0,0,26,26,
2021,1,4,17,20,7,585,1609744807.585000,0,0,0,0,0,0,0,26,26,
2021,1,4,17,20,7,707,1609744807.707000,0,0,0,0,0,0,0,26,26,
2021,1,4,17,20,7,827,1609744807.827000,0,0,0,0,0,0,0,26,26,
2021,1,4,17,20,7,954,1609744807.954000,0,0,0,0,0,0,0,26,26,
2021,1,4,17,20,8,68,1609744808.068000,0,0,0,0,0,0,0,26,26,
2021,1,4,17,20,8,182,1609744808.182000,0,0,0,0,0,0,0,26,26,
2021,1,4,17,20,8,305,1609744808.305000,0,0,0,0,0,0,0,26,26,
2021,1,4,17,20,8,425,1609744808.425000,0,0,0,0,0,0,0,26,26,
2021,1,4,17,20,8,545,1609744808.545000,0,0,0,0,0,0,0,26,26,
2021,1,4,17,20,8,661,1609744808.661000,0,0,0,0,0,0,0,26,26,
2021,1,4,17,20,8,783,1609744808.783000,0,0,0,0,0,0,0,26,26,
2021,1,4,17,20,8,906,1609744808.906000,0,0,0,0,0,0,0,26,26,
2021,1,4,17,20,9,27,1609744809.027000,0,0,0,0,0,0,0,26,26,
2021,1,4,17,20,9,141,1609744809.141000,0,0,0,0,0,0,0,26,26,
2021,1,4,17,20,9,265,1609744809.265000,0,0,0,0,0,0,0,26,26,
2021,1,4,17,20,9,382,1609744809.382000,0,0,0,0,0,0,0,26,26,
2021,1,4,17,20,9,504,1609744809.504000,0,0,0,0,0,0,0,26,26,
2021,1,4,17,20,9,627,1609744809.627000,0,0,0,0,0,0,0,26,26,
2021,1,4,17,20,9,752,1609744809.752000,0,0,0,0,0,0,0,26,26,
2021,1,4,17,20,9,870,1609744809.870000,0,0,0,0,0,0,0,26,26,
2021,1,4,17,20,9,992,1609744809.992000,0,0,0,0,0,0,0,26,26,
2021,1,4,17,20,10,115,1609744810.115000,0,0,0,0,0,0,0,26,26,
2021,1,4,17,20,10,228,1609744810.228000,0,0,0,0,0,0,0,26,26,
2021,1,4,17,20,10,341,1609744810.341000,0,0,0,0,0,0,0,26,26,
2021,1,4,17,20,10,456,1609744810.456000,0,0,0,0,0,0,0,26,26,
2021,1,4,17,20,10,580,1609744810.580000,0,0,0,0,0,0,0,26,26,
2021,1,4,17,20,10,703,1609744810.703000,0,0,0,0,0,0,0,26,26,
2021,1,4,17,20,10,820,1609744810.820000,0,0,0,0,0,0,0,26,26,
2021,1,4,17,20,10,944,1609744810.944000,0,0,0,0,0,0,0,26,26,
2021,1,4,17,20,11,57,1609744811.057000,0,0,0,0,0,0,0,26,26,
2021,1,4,17,20,11,171,1609744811.171000,0,0,0,0,0,0,0,26,26,
2021,1,4,17,20,11,295,1609744811.295000,0,0,0,0,0,0,0,26,26,
2021,1,4,17,20,11,416,1609744811.416000,0,0,0,0,0,0,0,26,26,
2021,1,4,17,20,11,533,1609744811.533000,0,0,0,0,0,0,0,26,26,
2021,1,4,17,20,11,652,1609744811.652000,0,0,0,0,0,0,0,26,26,
2021,1,4,17,20,11,766,1609744811.766000,0,0,0,0,0,0,0,26,26,
2021,1,4,17,20,11,886,1609744811.886000,0,0,0,0,0,0,0,26,26,
2021,1,4,17,20,12,4,1609744812.004000,0,0,0,0,0,0,0,26,26,
2021,1,4,17,20,12,122,1609744812.122000,0,0,0,0,0,0,0,26,26,
2021,1,4,17,20,12,238,1609744812.238000,0,0,0,0,0,0,0,26,26,
2021,1,4,17,20,12,355,1609744812.355000,0,0,0,0,0,0,0,26,26,
2021,1,4,17,20,12,475,1609744812.475000,0,0,0,0,0,0,0,26,26,
2021,1,4,17,20,12,600,1609744812.600000,0,0,0,0,0,0,0,26,26,
2021,1,4,17,20,12,716,1609744812.716000,0,0,0,0,0,0,0,26,26,
2021,1,4,17,20,12,830,1609744812.830000,0,0,0,0,0,0,0,26,26,
2021,1,4,17,20,12,947,1609744812.947000,0,0,0,0,0,0,0,26,26,
2021,1,4,17,20,13,65,1609744813.065000,0,0,0,0,0,0,0,26,26,
2021,1,4,17,20,13,181,1609744813.181000,0,0,0,0,0,0,0,26,26,
2021,1,4,17,20,13,303,1609744813.303000,0,0,0,0,0,0,0,26,26,
2021,1,4,17,20,13,426,1609744813.426000,0,0,0,0,0,0,0,26,26,
2021,1,4,17,20,13,541,1609744813.541000,0,0,0,0,0,0,0,26,26,
2021,1,4,17,20,13,664,1609744813.664000,0,0,0,0,0,0,0,26,26,
2021,1,4,17,20,13,778,1609744813.778000,0,0,0,0,0,0,0,26,26,
2021,1,4,17,20,13,892,1609744813.892000,0,0,0,0,0,0,0,26,26,
2021,1,4,17,20,14,14,1609744814.014000,0,0,0,0,0,0,0,26,26,
2021,1,4,17,20,14,131,1609744814.131000,0,0,0,0,0,0,0,26,26,
2021,1,4,17,20,14,245,1609744814.245000,0,0,0,0,0,0,0,26,26,
2021,1,4,17,20,14,359,1609744814.359000,0,0,0,0,0,0,0,26,26,
2021,1,4,17,20,14,474,1609744814.474000,0,0,0,0,0,0,0,26,26,
2021,1,4,17,20,14,598,1609744814.598000,0,0,0,0,0,0,0,26,26,
2021,1,4,17,20,14,716,1609744814.716000,0,0,0,0,0,0,0,26,26,
2021,1,4,17,20,14,830,1609744814.830000,0,0,0,0,0,0,0,26,26,
2021,1,4,17,20,14,951,1609744814.951000,0,0,0,0,0,0,0,26,26,
2021,1,4,17,20,15,76,1609744815.076000,0,0,0,0,0,0,0,26,26,
2021,1,4,17,20,15,189,1609744815.189000,0,0,0,0,0,0,0,26,26,
2021,1,4,17,20,15,305,1609744815.305000,0,0,0,0,0,0,0,26,26,
2021,1,4,17,20,15,423,1609744815.423000,0,0,0,0,0,0,0,26,26,
2021,1,4,17,20,15,540,1609744815.540000,0,0,0,0,0,0,0,26,26,
2021,1,4,17,20,15,658,1609744815.658000,0,0,0,0,0,0,0,26,26,
2021,1,4,17,20,15,775,1609744815.775000,0,0,0,0,0,0,0,26,26,
2021,1,4,17,20,15,890,1609744815.890000,0,0,0,0,0,0,0,26,26,
2021,1,4,17,20,16,3,1609744816.003000,0,0,0,0,0,0,0,26,26,
2021,1,4,17,20,16,124,1609744816.124000,0,0,0,0,0,0,0,26,26,
2021,1,4,17,20,16,239,1609744816.239000,0,0,0,0,0,0,0,26,26,
2021,1,4,17,20,16,365,1609744816.365000,0,0,0,0,0,0,0,26,26,
2021,1,4,17,20,16,484,1609744816.484000,0,0,0,0,0,0,0,26,26,
2021,1,4,17,20,16,610,1609744816.610000,0,0,0,0,0,0,0,26,26,
2021,1,4,17,20,16,723,1609744816.723000,0,0,0,0,0,0,0,26,26,
2021,1,4,17,20,16,840,1609744816.840000,0,0,0,0,0,0,0,26,26,
2021,1,4,17,20,16,961,1609744816.961000,0,0,0,0,0,0,0,26,26,
2021,1,4,17,20,17,76,1609744817.076000,0,0,0,0,0,0,0,26,26,
2021,1,4,17,20,17,192,1609744817.192000,0,0,0,0,0,0,0,26,26,
2021,1,4,17,20,17,307,1609744817.307000,0,0,0,0,0,0,0,26,26,
2021,1,4,17,20,17,429,1609744817.429000,0,0,0,0,0,0,0,26,26,
2021,1,4,17,20,17,551,1609744817.551000,0,0,0,0,0,0,0,26,26,
2021,1,4,17,20,17,668,1609744817.668000,0,0,0,0,0,0,0,26,26,
2021,1,4,17,20,17,787,1609744817.787000,0,0,0,0,0,0,0,26,26,
2021,1,4,17,20,17,904,1609744817.904000,0,0,0,0,0,0,0,26,26,
2021,1,4,17,20,18,18,1609744818.018000,0,0,0,0,0,0,0,26,26,
2021,1,4,17,20,18,134,1609744818.134000,0,0,0,0,0,0,0,26,26,
2021,1,4,17,20,18,251,1609744818.251000,0,0,0,0,0,0,0,26,26,
2021,1,4,17,20,18,367,1609744818.367000,0,0,0,0,0,0,0,26,26,
2021,1,4,17,20,18,490,1609744818.490000,0,0,0,0,0,0,0,26,26,
2021,1,4,17,20,18,606,1609744818.606000,0,0,0,0,0,0,0,26,26,
2021,1,4,17,20,18,722,1609744818.722000,0,0,0,0,0,0,0,26,26,
2021,1,4,17,20,18,842,1609744818.842000,0,0,0,0,0,0,0,26,26,
2021,1,4,17,20,18,962,1609744818.962000,0,0,0,0,0,0,0,26,26,
2021,1,4,17,20,19,84,1609744819.084000,0,0,0,0,0,0,0,26,26,
2021,1,4,17,20,19,198,1609744819.198000,0,0,0,0,0,0,0,26,26,
2021,1,4,17,20,19,312,1609744819.312000,0,0,0,0,0,0,0,26,26,
2021,1,4,17,20,19,428,1609744819.428000,0,0,0,0,0,0,0,26,26,
2021,1,4,17,20,19,544,1609744819.544000,0,0,0,0,0,0,0,26,26,
2021,1,4,17,20,19,666,1609744819.666000,0,0,0,0,0,0,0,26,26,
2021,1,4,17,20,19,780,1609744819.780000,0,0,0,0,0,0,0,26,26,
2021,1,4,17,20,19,895,1609744819.895000,0,0,0,0,0,0,0,26,26,
2021,1,4,17,20,20,15,1609744820.015000,0,0,0,0,0,0,0,26,26,
2021,1,4,17,20,20,135,1609744820.135000,0,0,0,0,0,0,0,26,26,
2021,1,4,17,20,20,254,1609744820.254000,0,0,0,0,0,0,0,26,26,
2021,1,4,17,20,20,375,1609744820.375000,0,0,0,0,0,0,0,26,26,
2021,1,4,17,20,20,496,1609744820.496000,0,0,0,0,0,0,0,26,26,
2021,1,4,17,20,20,616,1609744820.616000,0,0,0,0,0,0,0,26,26,
2021,1,4,17,20,20,732,1609744820.732000,0,0,0,0,0,0,0,26,26,
2021,1,4,17,20,20,857,1609744820.857000,0,0,0,0,0,0,0,26,26,
2021,1,4,17,20,20,970,1609744820.970000,0,0,0,0,0,0,0,26,26,
2021,1,4,17,20,21,91,1609744821.091000,0,0,0,0,0,0,0,26,26,
2021,1,4,17,20,21,205,1609744821.205000,0,0,0,0,0,0,0,26,26,
2021,1,4,17,20,21,316,1609744821.316000,0,0,0,0,0,0,0,26,26,
2021,1,4,17,20,21,427,1609744821.427000,0,0,0,0,0,0,0,26,26,
2021,1,4,17,20,21,541,1609744821.541000,0,0,0,0,0,0,0,26,26,
2021,1,4,17,20,21,656,1609744821.656000,0,0,0,0,0,0,0,26,26,
2021,1,4,17,20,21,773,1609744821.773000,0,0,0,0,0,0,0,26,26,
2021,1,4,17,20,21,896,1609744821.896000,0,0,0,0,0,0,0,26,26,
2021,1,4,17,20,22,17,1609744822.017000,0,0,0,0,0,0,0,26,26,
2021,1,4,17,20,22,136,1609744822.136000,0,0,0,0,0,0,0,26,26,
2021,1,4,17,20,22,250,1609744822.250000,0,0,0,0,0,0,0,26,26,
2021,1,4,17,20,22,370,1609744822.370000,0,0,0,0,0,0,0,26,26,
2021,1,4,17,20,22,492,1609744822.492000,0,0,0,0,0,0,0,26,26,
2021,1,4,17,20,22,613,1609744822.613000,0,0,0,0,0,0,0,26,26,
2021,1,4,17,20,22,734,1609744822.734000,0,0,0,0,0,0,0,26,26,
2021,1,4,17,20,22,854,1609744822.854000,0,0,0,0,0,0,0,26,26,
2021,1,4,17,20,22,974,1609744822.974000,0,0,0,0,0,0,0,26,26,
2021,1,4,17,20,23,95,1609744823.095000,0,0,0,0,0,0,0,26,26,
2021,1,4,17,20,23,216,1609744823.216000,0,0,0,0,0,0,0,26,26,
2021,1,4,17,20,23,333,1609744823.333000,0,0,0,0,0,0,0,26,26,
2021,1,4,17,20,23,456,1609744823.456000,0,0,0,0,0,0,0,26,26,
2021,1,4,17,20,23,573,1609744823.573000,0,0,0,0,0,0,0,26,26,
2021,1,4,17,20,23,696,1609744823.696000,0,0,0,0,0,0,0,26,26,
2021,1,4,17,20,23,812,1609744823.812000,0,0,0,0,0,0,0,26,26,
2021,1,4,17,20,23,929,1609744823.929000,0,0,0,0,0,0,0,26,26,
2021,1,4,17,20,24,44,1609744824.044000,0,0,0,0,0,0,0,26,26,
2021,1,4,17,20,24,166,1609744824.166000,0,0,0,0,0,0,0,26,26,
2021,1,4,17,20,24,287,1609744824.287000,0,0,0,0,0,0,0,26,26,
2021,1,4,17,20,24,402,1609744824.402000,0,0,0,0,0,0,0,26,26,
2021,1,4,17,20,24,519,1609744824.519000,0,0,0,0,0,0,0,26,26,
2021,1,4,17,20,24,637,1609744824.637000,0,0,0,0,0,0,0,26,26,
2021,1,4,17,20,24,758,1609744824.758000,0,0,0,0,0,0,0,26,26,
2021,1,4,17,20,24,876,1609744824.876000,0,0,0,0,0,0,0,26,26,
2021,1,4,17,20,24,995,1609744824.995000,0,0,0,0,0,0,0,26,26,
2021,1,4,17,20,25,113,1609744825.113000,0,0,0,0,0,0,0,26,26,
2021,1,4,17,20,25,231,1609744825.231000,0,0,0,0,0,0,0,26,26,
2021,1,4,17,20,25,353,1609744825.353000,0,0,0,0,0,0,0,26,26,
2021,1,4,17,20,25,472,1609744825.472000,0,0,0,0,0,0,0,26,26,
2021,1,4,17,20,25,588,1609744825.588000,0,0,0,0,0,0,0,26,26,
2021,1,4,17,20,25,706,1609744825.706000,0,0,0,0,0,0,0,26,26,
2021,1,4,17,20,25,820,1609744825.820000,0,0,0,0,0,0,0,26,26,
2021,1,4,17,20,25,936,1609744825.936000,0,0,0,0,0,0,0,26,26,
2021,1,4,17,20,26,56,1609744826.056000,0,0,0,0,0,0,0,26,26,
2021,1,4,17,20,26,179,1609744826.179000,0,0,0,0,0,0,0,26,26,
2021,1,4,17,20,26,301,1609744826.301000,0,0,0,0,0,0,0,26,26,
2021,1,4,17,20,26,419,1609744826.419000,0,0,0,0,0,0,0,26,26,
2021,1,4,17,20,26,535,1609744826.535000,0,0,0,0,0,0,0,26,26,
2021,1,4,17,20,26,654,1609744826.654000,0,0,0,0,0,0,0,26,26,
2021,1,4,17,20,26,779,1609744826.779000,0,0,0,0,0,0,0,26,26,
2021,1,4,17,20,26,896,1609744826.896000,0,0,0,0,0,0,0,26,26,
2021,1,4,17,20,27,19,1609744827.019000,0,0,0,0,0,0,0,26,26,
2021,1,4,17,20,27,136,1609744827.136000,0,0,0,0,0,0,0,26,26,
2021,1,4,17,20,27,253,1609744827.253000,0,0,0,0,0,0,0,26,26,
2021,1,4,17,20,27,376,1609744827.376000,0,0,0,0,0,0,0,26,26,
2021,1,4,17,20,27,490,1609744827.490000,0,0,0,0,0,0,0,26,26,
2021,1,4,17,20,27,620,1609744827.620000,0,0,0,0,0,0,0,26,26,
2021,1,4,17,20,27,740,1609744827.740000,0,0,0,0,0,0,0,26,26,
2021,1,4,17,20,27,858,1609744827.858000,0,0,0,0,0,0,0,26,26,
2021,1,4,17,20,27,978,1609744827.978000,0,0,0,0,0,0,0,26,26,
2021,1,4,17,20,28,96,1609744828.096000,0,0,0,0,0,0,0,26,26,
2021,1,4,17,20,28,218,1609744828.218000,0,0,0,0,0,0,0,26,26,
2021,1,4,17,20,28,334,1609744828.334000,0,0,0,0,0,0,0,26,26,
2021,1,4,17,20,28,449,1609744828.449000,0,0,0,0,0,0,0,26,26,
2021,1,4,17,20,28,563,1609744828.563000,0,0,0,0,0,0,0,26,26,
2021,1,4,17,20,28,680,1609744828.680000,0,0,0,0,0,0,0,26,26,
2021,1,4,17,20,28,805,1609744828.805000,0,0,0,0,0,0,0,26,26,
2021,1,4,17,20,28,922,1609744828.922000,0,0,0,0,0,0,0,26,26,
2021,1,4,17,20,29,35,1609744829.035000,0,0,0,0,0,0,0,26,26,
2021,1,4,17,20,29,150,1609744829.150000,0,0,0,0,0,0,0,26,26,
2021,1,4,17,20,29,267,1609744829.267000,0,0,0,0,0,0,0,26,26,
2021,1,4,17,20,29,381,1609744829.381000,0,0,0,0,0,0,0,26,26,
2021,1,4,17,20,29,501,1609744829.501000,0,0,0,0,0,0,0,26,26,
2021,1,4,17,20,29,621,1609744829.621000,0,0,0,0,0,0,0,26,26,
2021,1,4,17,20,29,743,1609744829.743000,0,0,0,0,0,0,0,26,26,
2021,1,4,17,20,29,858,1609744829.858000,0,0,0,0,0,0,0,26,26,
2021,1,4,17,20,29,972,1609744829.972000,0,0,0,0,0,0,0,26,26,
2021,1,4,17,20,30,88,1609744830.088000,0,0,0,0,0,0,0,26,26,
2021,1,4,17,20,30,210,1609744830.210000,0,0,0,0,0,0,0,26,26,
2021,1,4,17,20,30,328,1609744830.328000,0,0,0,0,0,0,0,26,26,
2021,1,4,17,20,30,449,1609744830.449000,0,0,0,0,0,0,0,26,26,
2021,1,4,17,20,30,564,1609744830.564000,0,0,0,0,0,0,0,26,26,
2021,1,4,17,20,30,681,1609744830.681000,0,0,0,0,0,0,0,26,26,
2021,1,4,17,20,30,801,1609744830.801000,0,0,0,0,0,0,0,26,26,
2021,1,4,17,20,30,918,1609744830.918000,0,0,0,0,0,0,0,26,26,
2021,1,4,17,20,31,47,1609744831.047000,0,0,0,0,0,0,0,26,26,
2021,1,4,17,20,31,161,1609744831.161000,0,0,0,0,0,0,0,26,26,
2021,1,4,17,20,31,279,1609744831.279000,0,0,0,0,0,0,0,26,26,
2021,1,4,17,20,31,400,1609744831.400000,0,0,0,0,0,0,0,26,26,
2021,1,4,17,20,31,519,1609744831.519000,0,0,0,0,0,0,0,26,26,
2021,1,4,17,20,31,642,1609744831.642000,0,0,0,0,0,0,0,26,26,
2021,1,4,17,20,31,772,1609744831.772000,0,0,0,0,0,0,0,26,26,
2021,1,4,17,20,31,890,1609744831.890000,0,0,0,0,0,0,0,26,26,
2021,1,4,17,20,32,16,1609744832.016000,0,0,0,0,0,0,0,26,26,
2021,1,4,17,20,32,136,1609744832.136000,0,0,0,0,0,0,0,26,26,
2021,1,4,17,20,32,250,1609744832.250000,0,0,0,0,0,0,0,26,26,
2021,1,4,17,20,32,373,1609744832.373000,0,0,0,0,0,0,0,26,26,
2021,1,4,17,20,32,493,1609744832.493000,0,0,0,0,0,0,0,26,26,
2021,1,4,17,20,32,646,1609744832.646000,0,0,0,0,0,0,0,26,26,
2021,1,4,17,20,32,770,1609744832.770000,0,0,0,0,0,0,0,2,26,
2021,1,4,17,20,32,892,1609744832.892000,0,0,0,0,0,0,0,3,26,
2021,1,4,17,20,33,16,1609744833.016000,0,0,0,0,0,0,0,1,26,
2021,1,4,17,20,33,141,1609744833.141000,0,0,0,0,0,0,0,0,26,
2021,1,4,17,20,33,260,1609744833.260000,0,0,0,0,0,0,0,0,26,
2021,1,4,17,20,33,379,1609744833.379000,0,0,0,0,0,0,0,0,26,
2021,1,4,17,20,33,496,1609744833.496000,0,0,0,0,0,0,0,0,26,
2021,1,4,17,20,33,618,1609744833.618000,0,0,0,0,0,0,0,0,26,
2021,1,4,17,20,33,744,1609744833.744000,0,0,0,0,0,0,0,0,26,
2021,1,4,17,20,33,863,1609744833.863000,0,0,0,0,0,0,0,0,26,
2021,1,4,17,20,33,981,1609744833.981000,0,0,0,0,0,0,0,0,26,
2021,1,4,17,20,34,104,1609744834.104000,0,0,0,0,0,0,0,0,26,
2021,1,4,17,20,34,229,1609744834.229000,0,0,0,0,0,0,0,0,26,
2021,1,4,17,20,34,345,1609744834.345000,0,0,0,0,0,0,0,0,26,
2021,1,4,17,20,34,459,1609744834.459000,0,0,0,0,0,0,0,0,26,
2021,1,4,17,20,34,584,1609744834.584000,0,0,0,0,0,0,0,0,26,
2021,1,4,17,20,34,703,1609744834.703000,0,0,0,0,0,0,0,0,26,
2021,1,4,17,20,34,827,1609744834.827000,0,0,0,0,0,0,0,0,26,
2021,1,4,17,20,34,948,1609744834.948000,0,0,0,0,0,0,0,0,26,
2021,1,4,17,20,35,67,1609744835.067000,0,0,0,0,0,0,0,0,26,
2021,1,4,17,20,35,184,1609744835.184000,0,0,0,0,0,0,0,0,26,
2021,1,4,17,20,35,302,1609744835.302000,0,0,0,0,0,0,0,0,26,
2021,1,4,17,20,35,421,1609744835.421000,0,0,0,0,0,0,0,0,26,
2021,1,4,17,20,35,545,1609744835.545000,0,0,0,0,0,0,0,0,26,
2021,1,4,17,20,35,673,1609744835.673000,0,0,0,0,0,0,0,0,26,
2021,1,4,17,20,35,795,1609744835.795000,0,0,0,0,0,0,0,0,26,
2021,1,4,17,20,35,922,1609744835.922000,0,0,0,0,0,0,0,0,26,
2021,1,4,17,20,36,49,1609744836.049000,0,0,0,0,0,0,0,0,26,
2021,1,4,17,20,36,167,1609744836.167000,0,0,0,0,0,0,0,0,26,
2021,1,4,17,20,36,289,1609744836.289000,0,0,0,0,0,0,0,0,26,
2021,1,4,17,20,36,415,1609744836.415000,0,0,0,0,0,0,0,0,26,
2021,1,4,17,20,36,541,1609744836.541000,0,0,0,0,0,0,0,0,26,
2021,1,4,17,20,36,669,1609744836.669000,0,0,0,0,0,0,0,0,26,
2021,1,4,17,20,36,795,1609744836.795000,0,0,0,0,0,0,0,0,26,
2021,1,4,17,20,36,916,1609744836.916000,0,0,0,0,0,0,0,0,26,
2021,1,4,17,20,37,45,1609744837.045000,0,0,0,0,0,0,0,0,26,
2021,1,4,17,20,37,166,1609744837.166000,0,0,0,0,0,0,0,0,26,
2021,1,4,17,20,37,287,1609744837.287000,0,0,0,0,0,0,0,0,26,
2021,1,4,17,20,37,408,1609744837.408000,0,0,0,0,0,0,0,0,26,
2021,1,4,17,20,37,538,1609744837.538000,0,0,0,0,0,0,0,0,26,
2021,1,4,17,20,37,665,1609744837.665000,0,0,0,0,0,0,0,0,26,
2021,1,4,17,20,37,784,1609744837.784000,0,0,0,0,0,0,0,0,26,
2021,1,4,17,20,37,905,1609744837.905000,0,0,0,0,0,0,0,0,26,
2021,1,4,17,20,38,29,1609744838.029000,0,0,0,0,0,0,0,0,26,
2021,1,4,17,20,38,154,1609744838.154000,0,0,0,0,0,0,0,0,26,
2021,1,4,17,20,38,277,1609744838.277000,0,0,0,0,0,0,0,0,26,
2021,1,4,17,20,38,400,1609744838.400000,0,0,0,0,0,0,0,0,26,
2021,1,4,17,20,38,527,1609744838.527000,0,0,0,0,0,0,0,0,26,
2021,1,4,17,20,38,649,1609744838.649000,0,0,0,0,0,0,0,0,26,
2021,1,4,17,20,38,768,1609744838.768000,0,0,0,0,0,0,0,0,26,
2021,1,4,17,20,38,883,1609744838.883000,0,0,0,0,0,0,0,0,26,
2021,1,4,17,20,39,0,1609744839.000000,0,0,0,0,0,0,0,0,26,
2021,1,4,17,20,39,115,1609744839.115000,0,0,0,0,0,0,0,0,26,
2021,1,4,17,20,39,232,1609744839.232000,0,0,0,0,0,0,0,0,26,
2021,1,4,17,20,39,347,1609744839.347000,0,0,0,0,0,0,0,0,26,
2021,1,4,17,20,39,465,1609744839.465000,0,0,0,0,0,0,0,0,26,
2021,1,4,17,20,39,579,1609744839.579000,0,0,0,0,0,0,0,0,26,
2021,1,4,17,20,39,694,1609744839.694000,0,0,0,0,0,0,0,0,26,
2021,1,4,17,20,39,807,1609744839.807000,0,0,0,0,0,0,0,0,26,
2021,1,4,17,20,39,921,1609744839.921000,0,0,0,0,0,0,0,0,26,
2021,1,4,17,20,40,40,1609744840.040000,0,0,0,0,0,0,0,0,26,
2021,1,4,17,20,40,157,1609744840.157000,0,0,0,0,0,0,0,0,26,
2021,1,4,17,20,40,274,1609744840.274000,0,0,0,0,0,0,0,0,26,
2021,1,4,17,20,40,390,1609744840.390000,0,0,0,0,0,0,0,0,26,
2021,1,4,17,20,40,508,1609744840.508000,0,0,0,0,0,0,0,0,26,
2021,1,4,17,20,40,629,1609744840.629000,0,0,0,0,0,0,0,0,26,
2021,1,4,17,20,40,749,1609744840.749000,0,0,0,0,0,0,0,0,26,
2021,1,4,17,20,40,869,1609744840.869000,0,0,0,0,0,0,0,0,26,
2021,1,4,17,20,40,988,1609744840.988000,0,0,0,0,0,0,0,0,26,
2021,1,4,17,20,41,102,1609744841.102000,0,0,0,0,0,0,0,0,26,
2021,1,4,17,20,41,215,1609744841.215000,0,0,0,0,0,0,0,0,26,
2021,1,4,17,20,41,329,1609744841.329000,0,0,0,0,0,0,0,0,26,
2021,1,4,17,20,41,443,1609744841.443000,0,0,0,0,0,0,0,0,26,
2021,1,4,17,20,41,562,1609744841.562000,0,0,0,0,0,0,0,0,26,
2021,1,4,17,20,41,675,1609744841.675000,0,0,0,0,0,0,0,0,26,
2021,1,4,17,20,41,790,1609744841.790000,0,0,0,0,0,0,0,0,26,
2021,1,4,17,20,41,905,1609744841.905000,0,0,0,0,0,0,0,0,26,
2021,1,4,17,20,42,19,1609744842.019000,0,0,0,0,0,0,0,0,26,
2021,1,4,17,20,42,137,1609744842.137000,0,0,0,0,0,0,0,0,26,
2021,1,4,17,20,42,252,1609744842.252000,0,0,0,0,0,0,0,0,26,
2021,1,4,17,20,42,368,1609744842.368000,0,0,0,0,0,0,0,0,26,
2021,1,4,17,20,42,486,1609744842.486000,0,0,0,0,0,0,0,0,26,
2021,1,4,17,20,42,606,1609744842.606000,0,0,0,0,0,0,0,0,26,
2021,1,4,17,20,42,725,1609744842.725000,0,0,0,0,0,0,0,0,26,
2021,1,4,17,20,42,839,1609744842.839000,0,0,0,0,0,0,0,0,26,
2021,1,4,17,20,42,954,1609744842.954000,0,0,0,0,0,0,0,0,26,
2021,1,4,17,20,43,69,1609744843.069000,0,0,0,0,0,0,0,0,26,
2021,1,4,17,20,43,187,1609744843.187000,0,0,0,0,0,0,0,0,26,
2021,1,4,17,20,43,299,1609744843.299000,0,0,0,0,0,0,0,0,26,
2021,1,4,17,20,43,416,1609744843.416000,0,0,0,0,0,0,0,0,26,
2021,1,4,17,20,43,528,1609744843.528000,0,0,0,0,0,0,0,0,26,
2021,1,4,17,20,43,642,1609744843.642000,0,0,0,0,0,0,0,0,26,
2021,1,4,17,20,43,765,1609744843.765000,0,0,0,0,0,0,0,0,26,
2021,1,4,17,20,43,879,1609744843.879000,0,0,0,0,0,0,0,0,26,
2021,1,4,17,20,43,997,1609744843.997000,0,0,0,0,0,0,0,0,26,
2021,1,4,17,20,44,108,1609744844.108000,0,0,0,0,0,0,0,0,26,
2021,1,4,17,20,44,223,1609744844.223000,0,0,0,0,0,0,0,0,26,
2021,1,4,17,20,44,336,1609744844.336000,0,0,0,0,0,0,0,0,26,
2021,1,4,17,20,44,454,1609744844.454000,0,0,0,0,0,0,0,0,26,
2021,1,4,17,20,44,574,1609744844.574000,0,0,0,0,0,0,0,0,26,
2021,1,4,17,20,44,694,1609744844.694000,0,0,0,0,0,0,0,0,26,
2021,1,4,17,20,44,821,1609744844.821000,0,0,0,0,0,0,0,0,26,
2021,1,4,17,20,44,937,1609744844.937000,0,0,0,0,0,0,0,0,26,
2021,1,4,17,20,45,55,1609744845.055000,0,0,0,0,0,0,0,0,26,
2021,1,4,17,20,45,174,1609744845.174000,0,0,0,0,0,0,0,0,26,
2021,1,4,17,20,45,291,1609744845.291000,0,0,0,0,0,0,0,0,26,
2021,1,4,17,20,45,404,1609744845.404000,0,0,0,0,0,0,0,0,26,
2021,1,4,17,20,45,521,1609744845.521000,0,0,0,0,0,0,0,0,26,
2021,1,4,17,20,45,639,1609744845.639000,0,0,0,0,0,0,0,0,26,
2021,1,4,17,20,45,755,1609744845.755000,0,0,0,0,0,0,0,0,26,
2021,1,4,17,20,45,874,1609744845.874000,0,0,0,0,0,0,0,0,26,
2021,1,4,17,20,45,994,1609744845.994000,0,0,0,0,0,0,0,0,26,
2021,1,4,17,20,46,108,1609744846.108000,0,0,0,0,0,0,0,0,26,
2021,1,4,17,20,46,228,1609744846.228000,0,0,0,0,0,0,0,0,26,
2021,1,4,17,20,46,345,1609744846.345000,0,0,0,0,0,0,0,0,26,
2021,1,4,17,20,46,461,1609744846.461000,0,0,0,0,0,0,0,0,26,
2021,1,4,17,20,46,592,1609744846.592000,0,0,0,0,0,0,0,0,26,
2021,1,4,17,20,46,709,1609744846.709000,0,0,0,0,0,0,0,0,26,
2021,1,4,17,20,46,828,1609744846.828000,0,0,0,0,0,0,0,0,26,
2021,1,4,17,20,46,946,1609744846.946000,0,0,0,0,0,0,0,0,26,
2021,1,4,17,20,47,62,1609744847.062000,0,0,0,0,0,0,0,0,26,
2021,1,4,17,20,47,190,1609744847.190000,0,0,0,0,0,0,0,0,26,
2021,1,4,17,20,47,317,1609744847.317000,0,0,0,0,0,0,0,0,26,
2021,1,4,17,20,47,442,1609744847.442000,0,0,0,0,0,0,0,0,26,
2021,1,4,17,20,47,557,1609744847.557000,0,0,0,0,0,0,0,0,26,
2021,1,4,17,20,47,684,1609744847.684000,0,0,0,0,0,0,0,0,26,
2021,1,4,17,20,47,800,1609744847.800000,0,0,0,0,0,0,0,0,26,
2021,1,4,17,20,47,921,1609744847.921000,0,0,0,0,0,0,0,0,26,
2021,1,4,17,20,48,45,1609744848.045000,0,0,0,0,0,0,0,0,26,
2021,1,4,17,20,48,168,1609744848.168000,0,0,0,0,0,0,0,0,26,
2021,1,4,17,20,48,293,1609744848.293000,0,0,0,0,0,0,0,0,26,
2021,1,4,17,20,48,415,1609744848.415000,0,0,0,0,0,0,0,0,26,
2021,1,4,17,20,48,533,1609744848.533000,0,0,0,0,0,0,0,0,26,
2021,1,4,17,20,48,655,1609744848.655000,0,0,0,0,0,0,0,0,26,
2021,1,4,17,20,48,778,1609744848.778000,0,0,0,0,0,0,0,0,26,
2021,1,4,17,20,48,897,1609744848.897000,0,0,0,0,0,0,0,0,26,
2021,1,4,17,20,49,26,1609744849.026000,0,0,0,0,0,0,0,0,26,
2021,1,4,17,20,49,150,1609744849.150000,0,0,0,0,0,0,0,0,26,
2021,1,4,17,20,49,282,1609744849.282000,0,0,0,0,0,0,0,0,26,
2021,1,4,17,20,49,407,1609744849.407000,0,0,0,0,0,0,0,0,26,
2021,1,4,17,20,49,530,1609744849.530000,0,0,0,0,0,0,0,0,26,
2021,1,4,17,20,49,659,1609744849.659000,0,0,0,0,0,0,0,0,26,
2021,1,4,17,20,49,783,1609744849.783000,0,0,0,0,0,0,0,0,26,
2021,1,4,17,20,49,901,1609744849.901000,0,0,0,0,0,0,0,0,26,
2021,1,4,17,20,50,21,1609744850.021000,0,0,0,0,0,0,0,0,26,
2021,1,4,17,20,50,149,1609744850.149000,0,0,0,0,0,0,0,0,26,
2021,1,4,17,20,50,268,1609744850.268000,0,0,0,0,0,0,0,0,26,
2021,1,4,17,20,50,387,1609744850.387000,0,0,0,0,0,0,0,0,26,
2021,1,4,17,20,50,509,1609744850.509000,0,0,0,0,0,0,0,0,26,
2021,1,4,17,20,50,631,1609744850.631000,0,0,0,0,0,0,0,0,26,
2021,1,4,17,20,50,760,1609744850.760000,0,0,0,0,0,0,0,0,26,
2021,1,4,17,20,50,876,1609744850.876000,0,0,0,0,0,0,0,0,26,
2021,1,4,17,20,50,998,1609744850.998000,0,0,0,0,0,0,0,0,26,
2021,1,4,17,20,51,133,1609744851.133000,0,0,0,0,0,0,0,0,26,
2021,1,4,17,20,51,248,1609744851.248000,0,0,0,0,0,0,0,0,26,
2021,1,4,17,20,51,368,1609744851.368000,0,0,0,0,0,0,0,0,26,
2021,1,4,17,20,51,496,1609744851.496000,0,0,0,0,0,0,0,0,26,
2021,1,4,17,20,51,617,1609744851.617000,0,0,0,0,0,0,0,0,26,
2021,1,4,17,20,51,747,1609744851.747000,0,0,0,0,0,0,0,0,26,
2021,1,4,17,20,51,869,1609744851.869000,0,0,0,0,0,0,0,0,26,
2021,1,4,17,20,52,1,1609744852.001000,0,0,0,0,0,0,0,0,26,
2021,1,4,17,20,52,127,1609744852.127000,0,0,0,0,0,0,0,0,26,
2021,1,4,17,20,52,247,1609744852.247000,0,0,0,0,0,0,0,0,26,
2021,1,4,17,20,52,365,1609744852.365000,0,0,0,0,0,0,0,0,26,
2021,1,4,17,20,52,482,1609744852.482000,0,0,0,0,0,0,0,0,26,
2021,1,4,17,20,52,601,1609744852.601000,0,0,0,0,0,0,0,0,26,
2021,1,4,17,20,52,724,1609744852.724000,0,0,0,0,0,0,0,0,26,
2021,1,4,17,20,52,843,1609744852.843000,0,0,0,0,0,0,0,0,26,
2021,1,4,17,20,52,958,1609744852.958000,0,0,0,0,0,0,0,0,26,
2021,1,4,17,20,53,78,1609744853.078000,0,0,0,0,0,0,0,0,26,
2021,1,4,17,20,53,210,1609744853.210000,0,0,0,0,0,0,0,0,26,
2021,1,4,17,20,53,336,1609744853.336000,0,0,0,0,0,0,0,0,26,
2021,1,4,17,20,53,452,1609744853.452000,0,0,0,0,0,0,0,0,26,
2021,1,4,17,20,53,575,1609744853.575000,0,0,0,0,0,0,0,0,26,
2021,1,4,17,20,53,698,1609744853.698000,0,0,0,0,0,0,0,0,26,
2021,1,4,17,20,53,822,1609744853.822000,0,0,0,0,0,0,0,0,26,
2021,1,4,17,20,53,950,1609744853.950000,0,0,0,0,0,0,0,0,26,
2021,1,4,17,20,54,90,1609744854.090000,0,0,0,0,0,0,0,0,26,
2021,1,4,17,20,54,215,1609744854.215000,0,0,0,0,0,0,0,0,26,
2021,1,4,17,20,54,332,1609744854.332000,0,0,0,0,0,0,0,0,26,
2021,1,4,17,20,54,452,1609744854.452000,0,0,0,0,0,0,0,0,26,
2021,1,4,17,20,54,568,1609744854.568000,0,0,0,0,0,0,0,0,26,
2021,1,4,17,20,54,685,1609744854.685000,0,0,0,0,0,0,0,0,26,
2021,1,4,17,20,54,806,1609744854.806000,0,0,0,0,0,0,0,0,26,
2021,1,4,17,20,54,926,1609744854.926000,0,0,0,0,0,0,0,0,26,
2021,1,4,17,20,55,53,1609744855.053000,0,0,0,0,0,0,0,0,26,
2021,1,4,17,20,55,178,1609744855.178000,0,0,0,0,0,0,0,0,26,
2021,1,4,17,20,55,296,1609744855.296000,0,0,0,0,0,0,0,0,26,
2021,1,4,17,20,55,422,1609744855.422000,0,0,0,0,0,0,0,0,26,
2021,1,4,17,20,55,539,1609744855.539000,0,0,0,0,0,0,0,0,26,
2021,1,4,17,20,55,666,1609744855.666000,0,0,0,0,0,0,0,0,26,
2021,1,4,17,20,55,799,1609744855.799000,0,0,0,0,0,0,0,0,26,
2021,1,4,17,20,55,924,1609744855.924000,0,0,0,0,0,0,0,0,26,
2021,1,4,17,20,56,47,1609744856.047000,0,0,0,0,0,0,0,0,26,
2021,1,4,17,20,56,162,1609744856.162000,0,0,0,0,0,0,0,0,26,
2021,1,4,17,20,56,278,1609744856.278000,0,0,0,0,0,0,0,0,26,
2021,1,4,17,20,56,394,1609744856.394000,0,0,0,0,0,0,0,0,26,
2021,1,4,17,20,56,516,1609744856.516000,0,0,0,0,0,0,0,0,26,
2021,1,4,17,20,56,648,1609744856.648000,0,0,0,0,0,0,0,0,26,
2021,1,4,17,20,56,772,1609744856.772000,0,0,0,0,0,0,0,0,26,
2021,1,4,17,20,56,889,1609744856.889000,0,0,0,0,0,0,0,0,26,
2021,1,4,17,20,57,8,1609744857.008000,0,0,0,0,0,0,0,0,26,
2021,1,4,17,20,57,128,1609744857.128000,0,0,0,0,0,0,0,0,26,
2021,1,4,17,20,57,246,1609744857.246000,0,0,0,0,0,0,0,0,26,
2021,1,4,17,20,57,363,1609744857.363000,0,0,0,0,0,0,0,0,26,
2021,1,4,17,20,57,483,1609744857.483000,0,0,0,0,0,0,0,0,26,
2021,1,4,17,20,57,597,1609744857.597000,0,0,0,0,0,0,0,0,26,
2021,1,4,17,20,57,721,1609744857.721000,0,0,0,0,0,0,0,0,26,
2021,1,4,17,20,57,849,1609744857.849000,0,0,0,0,0,0,0,0,26,
2021,1,4,17,20,57,966,1609744857.966000,0,0,0,0,0,0,0,0,26,
2021,1,4,17,20,58,92,1609744858.092000,0,0,0,0,0,0,0,0,26,
2021,1,4,17,20,58,218,1609744858.218000,0,0,0,0,0,0,0,0,26,
2021,1,4,17,20,58,341,1609744858.341000,0,0,0,0,0,0,0,0,26,
2021,1,4,17,20,58,465,1609744858.465000,0,0,0,0,0,0,0,0,26,
2021,1,4,17,20,58,594,1609744858.594000,0,0,0,0,0,0,0,0,26,
2021,1,4,17,20,58,717,1609744858.717000,0,0,0,0,0,0,0,0,26,
2021,1,4,17,20,58,841,1609744858.841000,0,0,0,0,0,0,0,0,26,
2021,1,4,17,20,58,962,1609744858.962000,0,0,0,0,0,0,0,0,26,
2021,1,4,17,20,59,86,1609744859.086000,0,0,0,0,0,0,0,0,26,
2021,1,4,17,20,59,201,1609744859.201000,0,0,0,0,0,0,0,0,26,
2021,1,4,17,20,59,321,1609744859.321000,0,0,0,0,0,0,0,0,26,
2021,1,4,17,20,59,449,1609744859.449000,0,0,0,0,0,0,0,0,26,
2021,1,4,17,20,59,573,1609744859.573000,0,0,0,0,0,0,0,0,26,
2021,1,4,17,20,59,693,1609744859.693000,0,0,0,0,0,0,0,0,26,
2021,1,4,17,20,59,818,1609744859.818000,0,0,0,0,0,0,0,0,26,
2021,1,4,17,20,59,946,1609744859.946000,0,0,0,0,0,0,0,0,26,
2021,1,4,17,21,0,75,1609744860.075000,0,0,0,0,0,0,0,0,26,
2021,1,4,17,21,0,200,1609744860.200000,0,0,0,0,0,0,0,0,26,
2021,1,4,17,21,0,320,1609744860.320000,0,0,0,0,0,0,0,0,26,
2021,1,4,17,21,0,438,1609744860.438000,0,0,0,0,0,0,0,0,26,
2021,1,4,17,21,0,567,1609744860.567000,0,0,0,0,0,0,0,0,26,
2021,1,4,17,21,0,690,1609744860.690000,0,0,0,0,0,0,0,0,26,
2021,1,4,17,21,0,807,1609744860.807000,0,0,0,0,0,0,0,0,26,
2021,1,4,17,21,0,923,1609744860.923000,0,0,0,0,0,0,0,0,26,
2021,1,4,17,21,1,41,1609744861.041000,0,0,0,0,0,0,0,0,26,
2021,1,4,17,21,1,161,1609744861.161000,0,0,0,0,0,0,0,0,26,
2021,1,4,17,21,1,290,1609744861.290000,0,0,0,0,0,0,0,0,26,
2021,1,4,17,21,1,407,1609744861.407000,0,0,0,0,0,0,0,0,26,
2021,1,4,17,21,1,529,1609744861.529000,0,0,0,0,0,0,0,0,26,
2021,1,4,17,21,1,657,1609744861.657000,0,0,0,0,0,0,0,0,26,
2021,1,4,17,21,1,780,1609744861.780000,0,0,0,0,0,0,0,0,26,
2021,1,4,17,21,1,894,1609744861.894000,0,0,0,0,0,0,0,0,26,
2021,1,4,17,21,2,17,1609744862.017000,0,0,0,0,0,0,0,0,26,
2021,1,4,17,21,2,138,1609744862.138000,0,0,0,0,0,0,0,0,26,
2021,1,4,17,21,2,267,1609744862.267000,0,0,0,0,0,0,0,0,26,
2021,1,4,17,21,2,389,1609744862.389000,0,0,0,0,0,0,0,0,26,
2021,1,4,17,21,2,512,1609744862.512000,0,0,0,0,0,0,0,0,26,
2021,1,4,17,21,2,637,1609744862.637000,0,0,0,0,0,0,0,0,26,
2021,1,4,17,21,2,771,1609744862.771000,0,0,0,0,0,0,0,0,26,
2021,1,4,17,21,2,889,1609744862.889000,0,0,0,0,0,0,0,0,26,
2021,1,4,17,21,3,23,1609744863.023000,0,0,0,0,0,0,0,0,26,
2021,1,4,17,21,3,138,1609744863.138000,0,0,0,0,0,0,0,0,26,
2021,1,4,17,21,3,255,1609744863.255000,0,0,0,0,0,0,0,0,26,
2021,1,4,17,21,3,379,1609744863.379000,0,0,0,0,0,0,0,0,26,
2021,1,4,17,21,3,496,1609744863.496000,0,0,0,0,0,0,0,0,26,
2021,1,4,17,21,3,620,1609744863.620000,0,0,0,0,0,0,0,0,26,
2021,1,4,17,21,3,749,1609744863.749000,0,0,0,0,0,0,0,0,26,
2021,1,4,17,21,3,882,1609744863.882000,0,0,0,0,0,0,0,0,26,
2021,1,4,17,21,4,5,1609744864.005000,0,0,0,0,0,0,0,0,26,
2021,1,4,17,21,4,121,1609744864.121000,0,0,0,0,0,0,0,0,26,
2021,1,4,17,21,4,239,1609744864.239000,0,0,0,0,0,0,0,0,26,
2021,1,4,17,21,4,365,1609744864.365000,0,0,0,0,0,0,0,0,26,
2021,1,4,17,21,4,484,1609744864.484000,0,0,0,0,0,0,0,0,26,
2021,1,4,17,21,4,600,1609744864.600000,0,0,0,0,0,0,0,0,26,
2021,1,4,17,21,4,728,1609744864.728000,0,0,0,0,0,0,0,0,26,
2021,1,4,17,21,4,847,1609744864.847000,0,0,0,0,0,0,0,0,26,
2021,1,4,17,21,4,973,1609744864.973000,0,0,0,0,0,0,0,0,26,
2021,1,4,17,21,5,105,1609744865.105000,0,0,0,0,0,0,0,0,26,
2021,1,4,17,21,5,229,1609744865.229000,0,0,0,0,0,0,0,0,26,
2021,1,4,17,21,5,350,1609744865.350000,0,0,0,0,0,0,0,0,26,
2021,1,4,17,21,5,467,1609744865.467000,0,0,0,0,0,0,0,0,26,
2021,1,4,17,21,5,589,1609744865.589000,0,0,0,0,0,0,0,0,26,
2021,1,4,17,21,5,708,1609744865.708000,0,0,0,0,0,0,0,0,26,
2021,1,4,17,21,5,825,1609744865.825000,0,0,0,0,0,0,0,0,26,
2021,1,4,17,21,5,946,1609744865.946000,0,0,0,0,0,0,0,0,26,
2021,1,4,17,21,6,69,1609744866.069000,0,0,0,0,0,0,0,0,26,
2021,1,4,17,21,6,202,1609744866.202000,0,0,0,0,0,0,0,0,26,
2021,1,4,17,21,6,324,1609744866.324000,0,0,0,0,0,0,0,0,26,
2021,1,4,17,21,6,439,1609744866.439000,0,0,0,0,0,0,0,0,26,
2021,1,4,17,21,6,570,1609744866.570000,0,0,0,0,0,0,0,0,26,
2021,1,4,17,21,6,688,1609744866.688000,0,0,0,0,0,0,0,0,26,
2021,1,4,17,21,6,807,1609744866.807000,0,0,0,0,0,0,0,0,26,
2021,1,4,17,21,6,931,1609744866.931000,0,0,0,0,0,0,0,0,26,
2021,1,4,17,21,7,58,1609744867.058000,0,0,0,0,0,0,0,0,26,
2021,1,4,17,21,7,183,1609744867.183000,0,0,0,0,0,0,0,0,26,
2021,1,4,17,21,7,304,1609744867.304000,0,0,0,0,0,0,0,0,26,
2021,1,4,17,21,7,423,1609744867.423000,0,0,0,0,0,0,0,0,26,
2021,1,4,17,21,7,542,1609744867.542000,0,0,0,0,0,0,0,0,26,
2021,1,4,17,21,7,661,1609744867.661000,0,0,0,0,0,0,0,0,26,
2021,1,4,17,21,7,783,1609744867.783000,0,0,0,0,0,0,0,0,26,
2021,1,4,17,21,7,904,1609744867.904000,0,0,0,0,0,0,0,0,26,
2021,1,4,17,21,8,28,1609744868.028000,0,0,0,0,0,0,0,0,26,
2021,1,4,17,21,8,152,1609744868.152000,0,0,0,0,0,0,0,0,26,
2021,1,4,17,21,8,269,1609744868.269000,0,0,0,0,0,0,0,0,26,
2021,1,4,17,21,8,394,1609744868.394000,0,0,0,0,0,0,0,0,26,
2021,1,4,17,21,8,512,1609744868.512000,0,0,0,0,0,0,0,0,26,
2021,1,4,17,21,8,632,1609744868.632000,0,0,0,0,0,0,0,0,26,
2021,1,4,17,21,8,762,1609744868.762000,0,0,0,0,0,0,0,0,26,
2021,1,4,17,21,8,882,1609744868.882000,0,0,0,0,0,0,0,0,26,
2021,1,4,17,21,9,9,1609744869.009000,0,0,0,0,0,0,0,0,26,
2021,1,4,17,21,9,129,1609744869.129000,0,0,0,0,0,0,0,0,26,
2021,1,4,17,21,9,245,1609744869.245000,0,0,0,0,0,0,0,0,26,
2021,1,4,17,21,9,362,1609744869.362000,0,0,0,0,0,0,0,0,26,
2021,1,4,17,21,9,485,1609744869.485000,0,0,0,0,0,0,0,0,26,
2021,1,4,17,21,9,606,1609744869.606000,0,0,0,0,0,0,0,0,26,
2021,1,4,17,21,9,735,1609744869.735000,0,0,0,0,0,0,0,0,26,
2021,1,4,17,21,9,854,1609744869.854000,0,0,0,0,0,0,0,0,26,
2021,1,4,17,21,9,980,1609744869.980000,0,0,0,0,0,0,0,0,26,
2021,1,4,17,21,10,102,1609744870.102000,0,0,0,0,0,0,0,0,26,
2021,1,4,17,21,10,223,1609744870.223000,0,0,0,0,0,0,0,0,26,
2021,1,4,17,21,10,357,1609744870.357000,0,0,0,0,0,0,0,0,26,
2021,1,4,17,21,10,486,1609744870.486000,0,0,0,0,0,0,0,0,26,
2021,1,4,17,21,10,605,1609744870.605000,0,0,0,0,0,0,0,0,26,
2021,1,4,17,21,10,734,1609744870.734000,0,0,0,0,0,0,0,0,26,
2021,1,4,17,21,10,848,1609744870.848000,0,0,0,0,0,0,0,0,26,
2021,1,4,17,21,10,965,1609744870.965000,0,0,0,0,0,0,0,0,26,
2021,1,4,17,21,11,89,1609744871.089000,0,0,0,0,0,0,0,0,26,
2021,1,4,17,21,11,206,1609744871.206000,0,0,0,0,0,0,0,0,26,
2021,1,4,17,21,11,326,1609744871.326000,0,0,0,0,0,0,0,0,26,
2021,1,4,17,21,11,446,1609744871.446000,0,0,0,0,0,0,0,0,26,
2021,1,4,17,21,11,561,1609744871.561000,0,0,0,0,0,0,0,0,26,
2021,1,4,17,21,11,675,1609744871.675000,0,0,0,0,0,0,0,0,26,
2021,1,4,17,21,11,792,1609744871.792000,0,0,0,0,0,0,0,0,26,
2021,1,4,17,21,11,912,1609744871.912000,0,0,0,0,0,0,0,0,26,
2021,1,4,17,21,12,30,1609744872.030000,0,0,0,0,0,0,0,0,26,
2021,1,4,17,21,12,151,1609744872.151000,0,0,0,0,0,0,0,0,26,
2021,1,4,17,21,12,265,1609744872.265000,0,0,0,0,0,0,0,0,26,
2021,1,4,17,21,12,380,1609744872.380000,0,0,0,0,0,0,0,0,26,
2021,1,4,17,21,12,500,1609744872.500000,0,0,0,0,0,0,0,0,26,
2021,1,4,17,21,12,621,1609744872.621000,0,0,0,0,0,0,0,0,26,
2021,1,4,17,21,12,748,1609744872.748000,0,0,0,0,0,0,0,0,26,
2021,1,4,17,21,12,863,1609744872.863000,0,0,0,0,0,0,0,0,26,
2021,1,4,17,21,12,984,1609744872.984000,0,0,0,0,0,0,0,0,26,
2021,1,4,17,21,13,107,1609744873.107000,0,0,0,0,0,0,0,0,26,
2021,1,4,17,21,13,231,1609744873.231000,0,0,0,0,0,0,0,0,26,
2021,1,4,17,21,13,353,1609744873.353000,0,0,0,0,0,0,0,0,26,
2021,1,4,17,21,13,469,1609744873.469000,0,0,0,0,0,0,0,0,26,
2021,1,4,17,21,13,590,1609744873.590000,0,0,0,0,0,0,0,0,26,
2021,1,4,17,21,13,716,1609744873.716000,0,0,0,0,0,0,0,0,26,
2021,1,4,17,21,13,833,1609744873.833000,0,0,0,0,0,0,0,0,26,
2021,1,4,17,21,13,954,1609744873.954000,0,0,0,0,0,0,0,0,26,
2021,1,4,17,21,14,72,1609744874.072000,0,0,0,0,0,0,0,0,26,
2021,1,4,17,21,14,195,1609744874.195000,0,0,0,0,0,0,0,0,26,
2021,1,4,17,21,14,317,1609744874.317000,0,0,0,0,0,0,0,0,26,
2021,1,4,17,21,14,442,1609744874.442000,0,0,0,0,0,0,0,0,26,
2021,1,4,17,21,14,565,1609744874.565000,0,0,0,0,0,0,0,0,26,
2021,1,4,17,21,14,683,1609744874.683000,0,0,0,0,0,0,0,0,26,
2021,1,4,17,21,14,805,1609744874.805000,0,0,0,0,0,0,0,0,26,
2021,1,4,17,21,14,922,1609744874.922000,0,0,0,0,0,0,0,0,26,
2021,1,4,17,21,15,50,1609744875.050000,0,0,0,0,0,0,0,0,26,
2021,1,4,17,21,15,181,1609744875.181000,0,0,0,0,0,0,0,0,26,
2021,1,4,17,21,15,304,1609744875.304000,0,0,0,0,0,0,0,0,26,
2021,1,4,17,21,15,433,1609744875.433000,0,0,0,0,0,0,0,0,26,
2021,1,4,17,21,15,552,1609744875.552000,0,0,0,0,0,0,0,0,26,
2021,1,4,17,21,15,675,1609744875.675000,0,0,0,0,0,0,0,0,26,
2021,1,4,17,21,15,802,1609744875.802000,0,0,0,0,0,0,0,0,26,
2021,1,4,17,21,15,931,1609744875.931000,0,0,0,0,0,0,0,0,26,
2021,1,4,17,21,16,59,1609744876.059000,0,0,0,0,0,0,0,0,26,
2021,1,4,17,21,16,181,1609744876.181000,0,0,0,0,0,0,0,0,26,
2021,1,4,17,21,16,299,1609744876.299000,0,0,0,0,0,0,0,0,26,
2021,1,4,17,21,16,429,1609744876.429000,0,0,0,0,0,0,0,0,26,
2021,1,4,17,21,16,547,1609744876.547000,0,0,0,0,0,0,0,0,26,
2021,1,4,17,21,16,673,1609744876.673000,0,0,0,0,0,0,0,0,26,
2021,1,4,17,21,16,801,1609744876.801000,0,0,0,0,0,0,0,0,26,
2021,1,4,17,21,16,924,1609744876.924000,0,0,0,0,0,0,0,0,26,
2021,1,4,17,21,17,57,1609744877.057000,0,0,0,0,0,0,0,0,26,
2021,1,4,17,21,17,185,1609744877.185000,0,0,0,0,0,0,0,0,26,
2021,1,4,17,21,17,309,1609744877.309000,0,0,0,0,0,0,0,0,26,
2021,1,4,17,21,17,433,1609744877.433000,0,0,0,0,0,0,0,0,26,
2021,1,4,17,21,17,553,1609744877.553000,0,0,0,0,0,0,0,0,26,
2021,1,4,17,21,17,676,1609744877.676000,0,0,0,0,0,0,0,0,26,
2021,1,4,17,21,17,803,1609744877.803000,0,0,0,0,0,0,0,0,26,
2021,1,4,17,21,17,931,1609744877.931000,0,0,0,0,0,0,0,0,26,
2021,1,4,17,21,18,62,1609744878.062000,0,0,0,0,0,0,0,0,26,
2021,1,4,17,21,18,179,1609744878.179000,0,0,0,0,0,0,0,0,26,
2021,1,4,17,21,18,297,1609744878.297000,0,0,0,0,0,0,0,0,26,
2021,1,4,17,21,18,415,1609744878.415000,0,0,0,0,0,0,0,0,26,
2021,1,4,17,21,18,536,1609744878.536000,0,0,0,0,0,0,0,0,26,
2021,1,4,17,21,18,657,1609744878.657000,0,0,0,0,0,0,0,0,26,
2021,1,4,17,21,18,777,1609744878.777000,0,0,0,0,0,0,0,0,26,
2021,1,4,17,21,18,897,1609744878.897000,0,0,0,0,0,0,0,0,26,
2021,1,4,17,21,19,19,1609744879.019000,0,0,0,0,0,0,0,0,26,
2021,1,4,17,21,19,147,1609744879.147000,0,0,0,0,0,0,0,0,26,
2021,1,4,17,21,19,274,1609744879.274000,0,0,0,0,0,0,0,0,26,
2021,1,4,17,21,19,398,1609744879.398000,0,0,0,0,0,0,0,0,26,
2021,1,4,17,21,19,523,1609744879.523000,0,0,0,0,0,0,0,0,26,
2021,1,4,17,21,19,649,1609744879.649000,0,0,0,0,0,0,0,0,26,
2021,1,4,17,21,19,781,1609744879.781000,0,0,0,0,0,0,0,0,26,
2021,1,4,17,21,19,906,1609744879.906000,0,0,0,0,0,0,0,0,26,
2021,1,4,17,21,20,37,1609744880.037000,0,0,0,0,0,0,0,0,26,
2021,1,4,17,21,20,167,1609744880.167000,0,0,0,0,0,0,0,0,26,
2021,1,4,17,21,20,288,1609744880.288000,0,0,0,0,0,0,0,0,26,
2021,1,4,17,21,20,403,1609744880.403000,0,0,0,0,0,0,0,0,26,
2021,1,4,17,21,20,528,1609744880.528000,0,0,0,0,0,0,0,0,26,
2021,1,4,17,21,20,652,1609744880.652000,0,0,0,0,0,0,0,0,26,
2021,1,4,17,21,20,776,1609744880.776000,0,0,0,0,0,0,0,0,26,
2021,1,4,17,21,20,894,1609744880.894000,0,0,0,0,0,0,0,0,26,
2021,1,4,17,21,21,8,1609744881.008000,0,0,0,0,0,0,0,0,26,
2021,1,4,17,21,21,137,1609744881.137000,0,0,0,0,0,0,0,0,26,
2021,1,4,17,21,21,252,1609744881.252000,0,0,0,0,0,0,0,0,26,
2021,1,4,17,21,21,366,1609744881.366000,0,0,0,0,0,0,0,0,26,
2021,1,4,17,21,21,482,1609744881.482000,0,0,0,0,0,0,0,0,26,
2021,1,4,17,21,21,597,1609744881.597000,0,0,0,0,0,0,0,0,26,
2021,1,4,17,21,21,725,1609744881.725000,0,0,0,0,0,0,0,0,26,
2021,1,4,17,21,21,842,1609744881.842000,0,0,0,0,0,0,0,0,26,
2021,1,4,17,21,21,966,1609744881.966000,0,0,0,0,0,0,0,0,26,
2021,1,4,17,21,22,87,1609744882.087000,0,0,0,0,0,0,0,0,26,
2021,1,4,17,21,22,203,1609744882.203000,0,0,0,0,0,0,0,0,26,
2021,1,4,17,21,22,324,1609744882.324000,0,0,0,0,0,0,0,0,26,
2021,1,4,17,21,22,443,1609744882.443000,0,0,0,0,0,0,0,0,26,
2021,1,4,17,21,22,561,1609744882.561000,0,0,0,0,0,0,0,0,26,
2021,1,4,17,21,22,683,1609744882.683000,0,0,0,0,0,0,0,0,26,
2021,1,4,17,21,22,804,1609744882.804000,0,0,0,0,0,0,0,0,26,
2021,1,4,17,21,22,922,1609744882.922000,0,0,0,0,0,0,0,0,26,
2021,1,4,17,21,23,54,1609744883.054000,0,0,0,0,0,0,0,0,26,
2021,1,4,17,21,23,183,1609744883.183000,0,0,0,0,0,0,0,0,26,
2021,1,4,17,21,23,306,1609744883.306000,0,0,0,0,0,0,0,0,26,
2021,1,4,17,21,23,432,1609744883.432000,0,0,0,0,0,0,0,0,26,
2021,1,4,17,21,23,555,1609744883.555000,0,0,0,0,0,0,0,0,26,
2021,1,4,17,21,23,683,1609744883.683000,0,0,0,0,0,0,0,0,26,
2021,1,4,17,21,23,807,1609744883.807000,0,0,0,0,0,0,0,0,26,
2021,1,4,17,21,23,931,1609744883.931000,0,0,0,0,0,0,0,0,26,
2021,1,4,17,21,24,61,1609744884.061000,0,0,0,0,0,0,0,0,26,
2021,1,4,17,21,24,190,1609744884.190000,0,0,0,0,0,0,0,0,26,
2021,1,4,17,21,24,311,1609744884.311000,0,0,0,0,0,0,0,0,26,
2021,1,4,17,21,24,428,1609744884.428000,0,0,0,0,0,0,0,0,26,
2021,1,4,17,21,24,545,1609744884.545000,0,0,0,0,0,0,0,0,26,
2021,1,4,17,21,24,665,1609744884.665000,0,0,0,0,0,0,0,0,26,
2021,1,4,17,21,24,789,1609744884.789000,0,0,0,0,0,0,0,0,26,
2021,1,4,17,21,24,910,1609744884.910000,0,0,0,0,0,0,0,0,26,
2021,1,4,17,21,25,41,1609744885.041000,0,0,0,0,0,0,0,0,26,
2021,1,4,17,21,25,161,1609744885.161000,0,0,0,0,0,0,0,0,26,
2021,1,4,17,21,25,283,1609744885.283000,0,0,0,0,0,0,0,0,26,
2021,1,4,17,21,25,401,1609744885.401000,0,0,0,0,0,0,0,0,26,
2021,1,4,17,21,25,521,1609744885.521000,0,0,0,0,0,0,0,0,26,
2021,1,4,17,21,25,664,1609744885.664000,0,0,0,0,0,0,0,0,26,
2021,1,4,17,21,25,819,1609744885.819000,0,0,0,0,0,0,0,0,26,
2021,1,4,17,21,25,951,1609744885.951000,0,0,0,0,0,0,0,0,26,
2021,1,4,17,21,26,91,1609744886.091000,0,0,0,0,0,0,0,0,26,
2021,1,4,17,21,26,209,1609744886.209000,0,0,0,0,0,0,0,0,26,
2021,1,4,17,21,26,328,1609744886.328000,0,0,0,0,0,0,0,0,26,
2021,1,4,17,21,26,448,1609744886.448000,0,0,0,0,0,0,0,0,26,
2021,1,4,17,21,26,580,1609744886.580000,0,0,0,0,0,0,0,0,26,
2021,1,4,17,21,26,699,1609744886.699000,0,0,0,0,0,0,0,0,26,
2021,1,4,17,21,26,828,1609744886.828000,0,0,0,0,0,0,0,0,26,
2021,1,4,17,21,26,946,1609744886.946000,0,0,0,0,0,0,0,0,26,
2021,1,4,17,21,27,75,1609744887.075000,0,0,0,0,0,0,0,0,26,
2021,1,4,17,21,27,198,1609744887.198000,0,0,0,0,0,0,0,0,26,
2021,1,4,17,21,27,330,1609744887.330000,0,0,0,0,0,0,0,0,26,
2021,1,4,17,21,27,456,1609744887.456000,0,0,0,0,0,0,0,0,26,
2021,1,4,17,21,27,590,1609744887.590000,0,0,0,0,0,0,0,0,26,
2021,1,4,17,21,27,716,1609744887.716000,0,0,0,0,0,0,0,0,26,
2021,1,4,17,21,27,839,1609744887.839000,0,0,0,0,0,0,0,0,26,
2021,1,4,17,21,27,969,1609744887.969000,0,0,0,0,0,0,0,0,26,
2021,1,4,17,21,28,102,1609744888.102000,0,0,0,0,0,0,0,0,26,
2021,1,4,17,21,28,230,1609744888.230000,0,0,0,0,0,0,0,0,26,
2021,1,4,17,21,28,349,1609744888.349000,0,0,0,0,0,0,0,0,26,
2021,1,4,17,21,28,468,1609744888.468000,0,0,0,0,0,0,0,0,26,
2021,1,4,17,21,28,596,1609744888.596000,0,0,0,0,0,0,0,0,26,
2021,1,4,17,21,28,713,1609744888.713000,0,0,0,0,0,0,0,0,26,
2021,1,4,17,21,28,833,1609744888.833000,0,0,0,0,0,0,0,0,26,
2021,1,4,17,21,28,946,1609744888.946000,0,0,0,0,0,0,0,0,26,
2021,1,4,17,21,29,65,1609744889.065000,0,0,0,0,0,0,0,0,26,
2021,1,4,17,21,29,184,1609744889.184000,0,0,0,0,0,0,0,0,26,
2021,1,4,17,21,29,300,1609744889.300000,0,0,0,0,0,0,0,0,26,
2021,1,4,17,21,29,415,1609744889.415000,0,0,0,0,0,0,0,0,26,
2021,1,4,17,21,29,529,1609744889.529000,0,0,0,0,0,0,0,0,26,
2021,1,4,17,21,29,644,1609744889.644000,0,0,0,0,0,0,0,0,26,
2021,1,4,17,21,29,765,1609744889.765000,0,0,0,0,0,0,0,0,26,
2021,1,4,17,21,29,898,1609744889.898000,0,0,0,0,0,0,0,0,26,
2021,1,4,17,21,30,15,1609744890.015000,0,0,0,0,0,0,0,0,26,
2021,1,4,17,21,30,130,1609744890.130000,0,0,0,0,0,0,0,0,26,
2021,1,4,17,21,30,246,1609744890.246000,0,0,0,0,0,0,0,0,26,
2021,1,4,17,21,30,365,1609744890.365000,0,0,0,0,0,0,0,0,26,
2021,1,4,17,21,30,487,1609744890.487000,0,0,0,0,0,0,0,0,26,
2021,1,4,17,21,30,608,1609744890.608000,0,0,0,0,0,0,0,0,26,
2021,1,4,17,21,30,730,1609744890.730000,0,0,0,0,0,0,0,0,26,
2021,1,4,17,21,30,848,1609744890.848000,0,0,0,0,0,0,0,0,26,
2021,1,4,17,21,30,967,1609744890.967000,0,0,0,0,0,0,0,0,26,
2021,1,4,17,21,31,91,1609744891.091000,0,0,0,0,0,0,0,0,26,
2021,1,4,17,21,31,216,1609744891.216000,0,0,0,0,0,0,0,0,26,
2021,1,4,17,21,31,337,1609744891.337000,0,0,0,0,0,0,0,0,26,
2021,1,4,17,21,31,455,1609744891.455000,0,0,0,0,0,0,0,0,26,
2021,1,4,17,21,31,579,1609744891.579000,0,0,0,0,0,0,0,0,26,
2021,1,4,17,21,31,701,1609744891.701000,0,0,0,0,0,0,0,0,26,
2021,1,4,17,21,31,815,1609744891.815000,0,0,0,0,0,0,0,0,26,
2021,1,4,17,21,31,932,1609744891.932000,0,0,0,0,0,0,0,0,26,
2021,1,4,17,21,32,51,1609744892.051000,0,0,0,0,0,0,0,0,26,
2021,1,4,17,21,32,167,1609744892.167000,0,0,0,0,0,0,0,0,26,
2021,1,4,17,21,32,284,1609744892.284000,0,0,0,0,0,0,0,0,26,
2021,1,4,17,21,32,406,1609744892.406000,0,0,0,0,0,0,0,0,26,
2021,1,4,17,21,32,520,1609744892.520000,0,0,0,0,0,0,0,0,26,
2021,1,4,17,21,32,642,1609744892.642000,0,0,0,0,0,0,0,0,26,
2021,1,4,17,21,32,761,1609744892.761000,0,0,0,0,0,0,0,0,26,
2021,1,4,17,21,32,878,1609744892.878000,0,0,0,0,0,0,0,0,26,
2021,1,4,17,21,32,998,1609744892.998000,0,0,0,0,0,0,0,0,26,
2021,1,4,17,21,33,121,1609744893.121000,0,0,0,0,0,0,0,0,26,
2021,1,4,17,21,33,240,1609744893.240000,0,0,0,0,0,0,0,0,26,
2021,1,4,17,21,33,357,1609744893.357000,0,0,0,0,0,0,0,0,26,
2021,1,4,17,21,33,472,1609744893.472000,0,0,0,0,0,0,0,0,26,
2021,1,4,17,21,33,590,1609744893.590000,0,0,0,0,0,0,0,0,26,
2021,1,4,17,21,33,715,1609744893.715000,0,0,0,0,0,0,0,0,26,
2021,1,4,17,21,33,835,1609744893.835000,0,0,0,0,0,0,0,0,26,
2021,1,4,17,21,33,954,1609744893.954000,0,0,0,0,0,0,0,0,26,
2021,1,4,17,21,34,74,1609744894.074000,0,0,0,0,0,0,0,0,26,
2021,1,4,17,21,34,193,1609744894.193000,0,0,0,0,0,0,0,0,26,
2021,1,4,17,21,34,323,1609744894.323000,0,0,0,0,0,0,0,0,26,
2021,1,4,17,21,34,440,1609744894.440000,0,0,0,0,0,0,0,0,26,
2021,1,4,17,21,34,562,1609744894.562000,0,0,0,0,0,0,0,0,26,
2021,1,4,17,21,34,686,1609744894.686000,0,0,0,0,0,0,0,0,26,
2021,1,4,17,21,34,805,1609744894.805000,0,0,0,0,0,0,0,0,26,
2021,1,4,17,21,34,927,1609744894.927000,0,0,0,0,0,0,0,0,26,
2021,1,4,17,21,35,69,1609744895.069000,0,0,0,0,0,0,0,0,26,
2021,1,4,17,21,35,188,1609744895.188000,0,0,0,0,0,0,0,0,26,
2021,1,4,17,21,35,324,1609744895.324000,0,0,0,0,0,0,0,0,26,
2021,1,4,17,21,35,455,1609744895.455000,0,0,0,0,0,0,0,0,26,
2021,1,4,17,21,35,575,1609744895.575000,0,0,0,0,0,0,0,0,26,
2021,1,4,17,21,35,696,1609744895.696000,0,0,0,0,0,0,0,0,26,
2021,1,4,17,21,35,821,1609744895.821000,0,0,0,0,0,0,0,0,26,
2021,1,4,17,21,35,947,1609744895.947000,0,0,0,0,0,0,0,0,26,
2021,1,4,17,21,36,74,1609744896.074000,0,0,0,0,0,0,0,0,26,
2021,1,4,17,21,36,196,1609744896.196000,0,0,0,0,0,0,0,0,26,
2021,1,4,17,21,36,320,1609744896.320000,0,0,0,0,0,0,0,0,26,
2021,1,4,17,21,36,492,1609744896.492000,0,0,0,0,0,0,0,0,26,
2021,1,4,17,21,36,617,1609744896.617000,0,0,0,0,0,0,0,0,26,
2021,1,4,17,21,36,739,1609744896.739000,0,0,0,0,0,0,0,0,26,
2021,1,4,17,21,36,863,1609744896.863000,0,0,0,0,0,0,0,0,26,
2021,1,4,17,21,36,981,1609744896.981000,0,0,0,0,0,0,0,0,26,
2021,1,4,17,21,37,111,1609744897.111000,0,0,0,0,0,0,0,0,26,
2021,1,4,17,21,37,239,1609744897.239000,0,0,0,0,0,0,0,0,26,
2021,1,4,17,21,37,354,1609744897.354000,0,0,0,0,0,0,0,0,26,
2021,1,4,17,21,37,471,1609744897.471000,0,0,0,0,0,0,0,0,26,
2021,1,4,17,21,37,588,1609744897.588000,0,0,0,0,0,0,0,0,26,
2021,1,4,17,21,37,714,1609744897.714000,0,0,0,0,0,0,0,0,26,
2021,1,4,17,21,37,839,1609744897.839000,0,0,0,0,0,0,0,0,26,
2021,1,4,17,21,37,962,1609744897.962000,0,0,0,0,0,0,0,0,26,
2021,1,4,17,21,38,86,1609744898.086000,0,0,0,0,0,0,0,0,26,
2021,1,4,17,21,38,214,1609744898.214000,0,0,0,0,0,0,0,0,26,
2021,1,4,17,21,38,331,1609744898.331000,0,0,0,0,0,0,0,0,26,
2021,1,4,17,21,38,457,1609744898.457000,0,0,0,0,0,0,0,0,26,
2021,1,4,17,21,38,581,1609744898.581000,0,0,0,0,0,0,0,0,26,
2021,1,4,17,21,38,709,1609744898.709000,0,0,0,0,0,0,0,0,26,
2021,1,4,17,21,38,839,1609744898.839000,0,0,0,0,0,0,0,0,26,
2021,1,4,17,21,38,962,1609744898.962000,0,0,0,0,0,0,0,0,26,
2021,1,4,17,21,39,81,1609744899.081000,0,0,0,0,0,0,0,0,26,
2021,1,4,17,21,39,203,1609744899.203000,0,0,0,0,0,0,0,0,26,
2021,1,4,17,21,39,326,1609744899.326000,0,0,0,0,0,0,0,0,26,
2021,1,4,17,21,39,455,1609744899.455000,0,0,0,0,0,0,0,0,26,
2021,1,4,17,21,39,578,1609744899.578000,0,0,0,0,0,0,0,0,26,
2021,1,4,17,21,39,697,1609744899.697000,0,0,0,0,0,0,0,0,26,
2021,1,4,17,21,39,822,1609744899.822000,0,0,0,0,0,0,0,0,26,
2021,1,4,17,21,39,944,1609744899.944000,0,0,0,0,0,0,0,0,26,
2021,1,4,17,21,40,74,1609744900.074000,0,0,0,0,0,0,0,0,26,
2021,1,4,17,21,40,195,1609744900.195000,0,0,0,0,0,0,0,0,26,
2021,1,4,17,21,40,316,1609744900.316000,0,0,0,0,0,0,0,0,26,
2021,1,4,17,21,40,441,1609744900.441000,0,0,0,0,0,0,0,0,26,
2021,1,4,17,21,40,567,1609744900.567000,0,0,0,0,0,0,0,0,26,
2021,1,4,17,21,40,687,1609744900.687000,0,0,0,0,0,0,0,0,26,
2021,1,4,17,21,40,817,1609744900.817000,0,0,0,0,0,0,0,0,26,
2021,1,4,17,21,40,936,1609744900.936000,0,0,0,0,0,0,0,0,26,
2021,1,4,17,21,41,70,1609744901.070000,0,0,0,0,0,0,0,0,26,
2021,1,4,17,21,41,192,1609744901.192000,0,0,0,0,0,0,0,0,26,
2021,1,4,17,21,41,312,1609744901.312000,0,0,0,0,0,0,0,0,26,
2021,1,4,17,21,41,433,1609744901.433000,0,0,0,0,0,0,0,0,26,
2021,1,4,17,21,41,556,1609744901.556000,0,0,0,0,0,0,0,0,26,
2021,1,4,17,21,41,683,1609744901.683000,0,0,0,0,0,0,0,0,26,
2021,1,4,17,21,41,814,1609744901.814000,0,0,0,0,0,0,0,0,26,
2021,1,4,17,21,41,939,1609744901.939000,0,0,0,0,0,0,0,0,26,
2021,1,4,17,21,42,79,1609744902.079000,0,0,0,0,0,0,0,0,26,
2021,1,4,17,21,42,199,1609744902.199000,0,0,0,0,0,0,0,0,26,
2021,1,4,17,21,42,322,1609744902.322000,0,0,0,0,0,0,0,0,26,
2021,1,4,17,21,42,476,1609744902.476000,0,0,0,0,0,0,0,0,26,
2021,1,4,17,21,42,597,1609744902.597000,0,0,0,0,0,0,0,0,26,
2021,1,4,17,21,42,734,1609744902.734000,0,0,0,0,0,0,0,0,26,
2021,1,4,17,21,42,853,1609744902.853000,0,0,0,0,0,0,0,0,26,
2021,1,4,17,21,42,982,1609744902.982000,0,0,0,0,0,0,0,0,26,
2021,1,4,17,21,43,115,1609744903.115000,0,0,0,0,0,0,0,0,26,
2021,1,4,17,21,43,237,1609744903.237000,0,0,0,0,0,0,0,0,26,
2021,1,4,17,21,43,355,1609744903.355000,0,0,0,0,0,0,0,0,26,
2021,1,4,17,21,43,479,1609744903.479000,0,0,0,0,0,0,0,0,26,
2021,1,4,17,21,43,599,1609744903.599000,0,0,0,0,0,0,0,0,26,
2021,1,4,17,21,43,721,1609744903.721000,0,0,0,0,0,0,0,0,26,
2021,1,4,17,21,43,846,1609744903.846000,0,0,0,0,0,0,0,0,26,
2021,1,4,17,21,43,976,1609744903.976000,0,0,0,0,0,0,0,0,26,
2021,1,4,17,21,44,95,1609744904.095000,0,0,0,0,0,0,0,0,26,
2021,1,4,17,21,44,216,1609744904.216000,0,0,0,0,0,0,0,0,26,
2021,1,4,17,21,44,339,1609744904.339000,0,0,0,0,0,0,0,0,26,
2021,1,4,17,21,44,457,1609744904.457000,0,0,0,0,0,0,0,0,26,
2021,1,4,17,21,44,577,1609744904.577000,0,0,0,0,0,0,0,0,26,
2021,1,4,17,21,44,696,1609744904.696000,0,0,0,0,0,0,0,0,26,
2021,1,4,17,21,44,812,1609744904.812000,0,0,0,0,0,0,0,0,26,
2021,1,4,17,21,44,941,1609744904.941000,0,0,0,0,0,0,0,0,26,
2021,1,4,17,21,45,74,1609744905.074000,0,0,0,0,0,0,0,0,26,
2021,1,4,17,21,45,199,1609744905.199000,0,0,0,0,0,0,0,0,26,
2021,1,4,17,21,45,319,1609744905.319000,0,0,0,0,0,0,0,0,26,
2021,1,4,17,21,45,445,1609744905.445000,0,0,0,0,0,0,0,0,26,
2021,1,4,17,21,45,565,1609744905.565000,0,0,0,0,0,0,0,0,26,
2021,1,4,17,21,45,700,1609744905.700000,0,0,0,0,0,0,0,0,26,
2021,1,4,17,21,45,822,1609744905.822000,0,0,0,0,0,0,0,0,26,
2021,1,4,17,21,45,950,1609744905.950000,0,0,0,0,0,0,0,0,26,
2021,1,4,17,21,46,74,1609744906.074000,0,0,0,0,0,0,0,0,26,
2021,1,4,17,21,46,207,1609744906.207000,0,0,0,0,0,0,0,0,26,
2021,1,4,17,21,46,326,1609744906.326000,0,0,0,0,0,0,0,0,26,
2021,1,4,17,21,46,459,1609744906.459000,0,0,0,0,0,0,0,0,26,
2021,1,4,17,21,46,582,1609744906.582000,0,0,0,0,0,0,0,0,26,
2021,1,4,17,21,46,708,1609744906.708000,0,0,0,0,0,0,0,0,26,
2021,1,4,17,21,46,830,1609744906.830000,0,0,0,0,0,0,0,0,26,
2021,1,4,17,21,46,959,1609744906.959000,0,0,0,0,0,0,0,0,26,
2021,1,4,17,21,47,90,1609744907.090000,0,0,0,0,0,0,0,0,26,
2021,1,4,17,21,47,213,1609744907.213000,0,0,0,0,0,0,0,0,26,
2021,1,4,17,21,47,333,1609744907.333000,0,0,0,0,0,0,0,0,26,
2021,1,4,17,21,47,465,1609744907.465000,0,0,0,0,0,0,0,0,26,
2021,1,4,17,21,47,582,1609744907.582000,0,0,0,0,0,0,0,0,26,
2021,1,4,17,21,47,705,1609744907.705000,0,0,0,0,0,0,0,0,26,
2021,1,4,17,21,47,836,1609744907.836000,0,0,0,0,0,0,0,0,26,
2021,1,4,17,21,47,959,1609744907.959000,0,0,0,0,0,0,0,0,26,
2021,1,4,17,21,48,86,1609744908.086000,0,0,0,0,0,0,0,0,26,
2021,1,4,17,21,48,215,1609744908.215000,0,0,0,0,0,0,0,0,26,
2021,1,4,17,21,48,335,1609744908.335000,0,0,0,0,0,0,0,0,26,
2021,1,4,17,21,48,462,1609744908.462000,0,0,0,0,0,0,0,0,26,
2021,1,4,17,21,48,579,1609744908.579000,0,0,0,0,0,0,0,0,26,
2021,1,4,17,21,48,702,1609744908.702000,0,0,0,0,0,0,0,0,26,
2021,1,4,17,21,48,828,1609744908.828000,0,0,0,0,0,0,0,0,26,
2021,1,4,17,21,48,959,1609744908.959000,0,0,0,0,0,0,0,0,26,
2021,1,4,17,21,49,82,1609744909.082000,0,0,0,0,0,0,0,0,26,
2021,1,4,17,21,49,201,1609744909.201000,0,0,0,0,0,0,0,0,26,
2021,1,4,17,21,49,325,1609744909.325000,0,0,0,0,0,0,0,0,26,
2021,1,4,17,21,49,447,1609744909.447000,0,0,0,0,0,0,0,0,26,
2021,1,4,17,21,49,570,1609744909.570000,0,0,0,0,0,0,0,0,26,
2021,1,4,17,21,49,697,1609744909.697000,0,0,0,0,0,0,0,0,26,
2021,1,4,17,21,49,829,1609744909.829000,0,0,0,0,0,0,0,0,26,
2021,1,4,17,21,49,953,1609744909.953000,0,0,0,0,0,0,0,0,26,
2021,1,4,17,21,50,84,1609744910.084000,0,0,0,0,0,0,0,0,26,
2021,1,4,17,21,50,201,1609744910.201000,0,0,0,0,0,0,0,0,26,
2021,1,4,17,21,50,322,1609744910.322000,0,0,0,0,0,0,0,0,26,
2021,1,4,17,21,50,445,1609744910.445000,0,0,0,0,0,0,0,0,26,
2021,1,4,17,21,50,574,1609744910.574000,0,0,0,0,0,0,0,0,26,
2021,1,4,17,21,50,697,1609744910.697000,0,0,0,0,0,0,0,0,26,
2021,1,4,17,21,50,819,1609744910.819000,0,0,0,0,0,0,0,0,26,
2021,1,4,17,21,50,941,1609744910.941000,0,0,0,0,0,0,0,0,26,
2021,1,4,17,21,51,66,1609744911.066000,0,0,0,0,0,0,0,0,26,
2021,1,4,17,21,51,184,1609744911.184000,0,0,0,0,0,0,0,0,26,
2021,1,4,17,21,51,303,1609744911.303000,0,0,0,0,0,0,0,0,26,
2021,1,4,17,21,51,427,1609744911.427000,0,0,0,0,0,0,0,0,26,
2021,1,4,17,21,51,544,1609744911.544000,0,0,0,0,0,0,0,0,26,
2021,1,4,17,21,51,665,1609744911.665000,0,0,0,0,0,0,0,0,26,
2021,1,4,17,21,51,790,1609744911.790000,0,0,0,0,0,0,0,0,26,
2021,1,4,17,21,51,922,1609744911.922000,0,0,0,0,0,0,0,0,26,
2021,1,4,17,21,52,45,1609744912.045000,0,0,0,0,0,0,0,0,26,
2021,1,4,17,21,52,171,1609744912.171000,0,0,0,0,0,0,0,0,26,
2021,1,4,17,21,52,292,1609744912.292000,0,0,0,0,0,0,0,0,26,
2021,1,4,17,21,52,414,1609744912.414000,0,0,0,0,0,0,0,0,26,
2021,1,4,17,21,52,533,1609744912.533000,0,0,0,0,0,0,0,0,26,
2021,1,4,17,21,52,655,1609744912.655000,0,0,0,0,0,0,0,0,26,
2021,1,4,17,21,52,787,1609744912.787000,0,0,0,0,0,0,0,0,26,
2021,1,4,17,21,52,905,1609744912.905000,0,0,0,0,0,0,0,0,26,
2021,1,4,17,21,53,82,1609744913.082000,0,0,0,0,0,0,0,0,26,
2021,1,4,17,21,53,200,1609744913.200000,0,0,0,0,0,0,0,0,26,
2021,1,4,17,21,53,323,1609744913.323000,0,0,0,0,0,0,0,0,26,
2021,1,4,17,21,53,443,1609744913.443000,0,0,0,0,0,0,0,0,26,
2021,1,4,17,21,53,568,1609744913.568000,0,0,0,0,0,0,0,0,26,
2021,1,4,17,21,53,693,1609744913.693000,0,0,0,0,0,0,0,0,26,
2021,1,4,17,21,53,821,1609744913.821000,0,0,0,0,0,0,0,0,26,
2021,1,4,17,21,53,943,1609744913.943000,0,0,0,0,0,0,0,0,26,
2021,1,4,17,21,54,74,1609744914.074000,0,0,0,0,0,0,0,0,26,
2021,1,4,17,21,54,197,1609744914.197000,0,0,0,0,0,0,0,0,26,
2021,1,4,17,21,54,317,1609744914.317000,0,0,0,0,0,0,0,0,26,
2021,1,4,17,21,54,435,1609744914.435000,0,0,0,0,0,0,0,0,26,
2021,1,4,17,21,54,553,1609744914.553000,0,0,0,0,0,0,0,0,26,
2021,1,4,17,21,54,684,1609744914.684000,0,0,0,0,0,0,0,0,26,
2021,1,4,17,21,54,811,1609744914.811000,0,0,0,0,0,0,0,0,26,
2021,1,4,17,21,54,935,1609744914.935000,0,0,0,0,0,0,0,0,26,
2021,1,4,17,21,55,63,1609744915.063000,0,0,0,0,0,0,0,0,26,
2021,1,4,17,21,55,193,1609744915.193000,0,0,0,0,0,0,0,0,26,
2021,1,4,17,21,55,316,1609744915.316000,0,0,0,0,0,0,0,0,26,
2021,1,4,17,21,55,436,1609744915.436000,0,0,0,0,0,0,0,0,26,
2021,1,4,17,21,55,551,1609744915.551000,0,0,0,0,0,0,0,0,26,
2021,1,4,17,21,55,678,1609744915.678000,0,0,0,0,0,0,0,0,26,
2021,1,4,17,21,55,810,1609744915.810000,0,0,0,0,0,0,0,0,26,
2021,1,4,17,21,55,931,1609744915.931000,0,0,0,0,0,0,0,0,26,
2021,1,4,17,21,56,53,1609744916.053000,0,0,0,0,0,0,0,0,26,
2021,1,4,17,21,56,175,1609744916.175000,0,0,0,0,0,0,0,0,26,
2021,1,4,17,21,56,295,1609744916.295000,0,0,0,0,0,0,0,0,26,
2021,1,4,17,21,56,417,1609744916.417000,0,0,0,0,0,0,0,0,26,
2021,1,4,17,21,56,537,1609744916.537000,0,0,0,0,0,0,0,0,26,
2021,1,4,17,21,56,669,1609744916.669000,0,0,0,0,0,0,0,0,26,
2021,1,4,17,21,56,793,1609744916.793000,0,0,0,0,0,0,0,0,26,
2021,1,4,17,21,56,920,1609744916.920000,0,0,0,0,0,0,0,0,26,
2021,1,4,17,21,57,49,1609744917.049000,0,0,0,0,0,0,0,0,26,
2021,1,4,17,21,57,175,1609744917.175000,0,0,0,0,0,0,0,0,26,
2021,1,4,17,21,57,303,1609744917.303000,0,0,0,0,0,0,0,0,26,
2021,1,4,17,21,57,431,1609744917.431000,0,0,0,0,0,0,0,0,26,
2021,1,4,17,21,57,558,1609744917.558000,0,0,0,0,0,0,0,0,26,
2021,1,4,17,21,57,683,1609744917.683000,0,0,0,0,0,0,0,0,26,
2021,1,4,17,21,57,812,1609744917.812000,0,0,0,0,0,0,0,0,26,
2021,1,4,17,21,57,936,1609744917.936000,0,0,0,0,0,0,0,0,26,
2021,1,4,17,21,58,65,1609744918.065000,0,0,0,0,0,0,0,0,26,
2021,1,4,17,21,58,190,1609744918.190000,0,0,0,0,0,0,0,0,26,
2021,1,4,17,21,58,313,1609744918.313000,0,0,0,0,0,0,0,0,26,
2021,1,4,17,21,58,434,1609744918.434000,0,0,0,0,0,0,0,0,26,
2021,1,4,17,21,58,550,1609744918.550000,0,0,0,0,0,0,0,0,26,
2021,1,4,17,21,58,674,1609744918.674000,0,0,0,0,0,0,0,0,26,
2021,1,4,17,21,58,802,1609744918.802000,0,0,0,0,0,0,0,0,26,
2021,1,4,17,21,58,925,1609744918.925000,0,0,0,0,0,0,0,0,26,
2021,1,4,17,21,59,47,1609744919.047000,0,0,0,0,0,0,0,0,26,
2021,1,4,17,21,59,169,1609744919.169000,0,0,0,0,0,0,0,0,26,
2021,1,4,17,21,59,289,1609744919.289000,0,0,0,0,0,0,0,0,26,
2021,1,4,17,21,59,412,1609744919.412000,0,0,0,0,0,0,0,0,26,
2021,1,4,17,21,59,536,1609744919.536000,0,0,0,0,0,0,0,0,26,
2021,1,4,17,21,59,655,1609744919.655000,0,0,0,0,0,0,0,0,26,
2021,1,4,17,21,59,774,1609744919.774000,0,0,0,0,0,0,0,0,26,
2021,1,4,17,21,59,897,1609744919.897000,0,0,0,0,0,0,0,0,26,
2021,1,4,17,22,0,17,1609744920.017000,0,0,0,0,0,0,0,0,26,
2021,1,4,17,22,0,142,1609744920.142000,0,0,0,0,0,0,0,0,26,
2021,1,4,17,22,0,270,1609744920.270000,0,0,0,0,0,0,0,0,26,
2021,1,4,17,22,0,397,1609744920.397000,0,0,0,0,0,0,0,0,26,
2021,1,4,17,22,0,518,1609744920.518000,0,0,0,0,0,0,0,0,26,
2021,1,4,17,22,0,636,1609744920.636000,0,0,0,0,0,0,0,0,26,
2021,1,4,17,22,0,764,1609744920.764000,0,0,0,0,0,0,0,0,26,
2021,1,4,17,22,0,883,1609744920.883000,0,0,0,0,0,0,0,0,26,
2021,1,4,17,22,1,7,1609744921.007000,0,0,0,0,0,0,0,0,26,
2021,1,4,17,22,1,128,1609744921.128000,0,0,0,0,0,0,0,0,26,
2021,1,4,17,22,1,251,1609744921.251000,0,0,0,0,0,0,0,0,26,
2021,1,4,17,22,1,380,1609744921.380000,0,0,0,0,0,0,0,0,26,
2021,1,4,17,22,1,494,1609744921.494000,0,0,0,0,0,0,0,0,26,
2021,1,4,17,22,1,623,1609744921.623000,0,0,0,0,0,0,0,0,26,
2021,1,4,17,22,1,739,1609744921.739000,0,0,0,0,0,0,0,0,26,
2021,1,4,17,22,1,869,1609744921.869000,0,0,0,0,0,0,0,0,26,
2021,1,4,17,22,2,35,1609744922.035000,0,0,0,0,0,0,0,0,26,
2021,1,4,17,22,2,153,1609744922.153000,0,0,0,0,0,0,0,0,26,
2021,1,4,17,22,2,273,1609744922.273000,0,0,0,0,0,0,0,0,26,
2021,1,4,17,22,2,398,1609744922.398000,0,0,0,0,0,0,0,0,26,
2021,1,4,17,22,2,528,1609744922.528000,0,0,0,0,0,0,0,0,26,
2021,1,4,17,22,2,648,1609744922.648000,0,0,0,0,0,0,0,0,26,
2021,1,4,17,22,2,767,1609744922.767000,0,0,0,0,0,0,0,0,26,
2021,1,4,17,22,2,882,1609744922.882000,0,0,0,0,0,0,0,0,26,
2021,1,4,17,22,3,8,1609744923.008000,0,0,0,0,0,0,0,0,26,
2021,1,4,17,22,3,125,1609744923.125000,0,0,0,0,0,0,0,0,26,
2021,1,4,17,22,3,245,1609744923.245000,0,0,0,0,0,0,0,21,26,
2021,1,4,17,22,3,362,1609744923.362000,0,0,0,0,0,0,0,26,26,
2021,1,4,17,22,3,491,1609744923.491000,0,0,0,0,0,0,0,25,26,
2021,1,4,17,22,3,619,1609744923.619000,0,0,0,0,0,0,0,23,26,
2021,1,4,17,22,3,736,1609744923.736000,0,0,0,0,0,0,0,23,26,
2021,1,4,17,22,3,861,1609744923.861000,0,0,0,0,0,0,0,22,26,
2021,1,4,17,22,3,979,1609744923.979000,0,0,0,0,0,0,0,13,26,
2021,1,4,17,22,4,102,1609744924.102000,0,0,0,0,0,0,0,13,26,
2021,1,4,17,22,4,227,1609744924.227000,0,0,0,0,0,0,0,5,26,
2021,1,4,17,22,4,347,1609744924.347000,0,0,0,0,0,0,0,1,26,
2021,1,4,17,22,4,462,1609744924.462000,0,0,0,0,0,0,0,3,26,
2021,1,4,17,22,4,582,1609744924.582000,0,0,0,0,0,0,0,25,26,
2021,1,4,17,22,4,707,1609744924.707000,0,0,0,0,0,0,0,25,26,
2021,1,4,17,22,4,828,1609744924.828000,0,0,0,0,0,0,0,26,26,
2021,1,4,17,22,4,950,1609744924.950000,0,0,0,0,0,0,0,26,26,
2021,1,4,17,22,5,81,1609744925.081000,0,0,0,0,0,0,0,26,26,
2021,1,4,17,22,5,200,1609744925.200000,0,0,0,0,0,0,0,26,26,
2021,1,4,17,22,5,325,1609744925.325000,0,0,0,0,0,0,0,26,26,
2021,1,4,17,22,5,444,1609744925.444000,0,0,0,0,0,0,0,26,26,
2021,1,4,17,22,5,565,1609744925.565000,0,0,0,0,0,0,0,26,26,
2021,1,4,17,22,5,684,1609744925.684000,0,0,0,0,0,0,0,26,26,
2021,1,4,17,22,5,802,1609744925.802000,0,0,0,0,0,0,0,26,26,
2021,1,4,17,22,5,924,1609744925.924000,0,0,0,0,0,0,0,26,26,
2021,1,4,17,22,6,48,1609744926.048000,0,0,0,0,0,0,0,26,26,
2021,1,4,17,22,6,169,1609744926.169000,0,0,0,0,0,0,0,26,26,
2021,1,4,17,22,6,292,1609744926.292000,0,0,0,0,0,0,0,26,26,
2021,1,4,17,22,6,416,1609744926.416000,0,0,0,0,0,0,0,26,26,
2021,1,4,17,22,6,543,1609744926.543000,0,0,0,0,0,0,0,26,26,
2021,1,4,17,22,6,665,1609744926.665000,0,0,0,0,0,0,0,26,26,
2021,1,4,17,22,6,789,1609744926.789000,0,0,0,0,0,0,0,26,26,
2021,1,4,17,22,6,916,1609744926.916000,0,0,0,0,0,0,0,26,26,
2021,1,4,17,22,7,38,1609744927.038000,0,0,0,0,0,0,0,26,26,
2021,1,4,17,22,7,165,1609744927.165000,0,0,0,0,0,0,0,26,26,
2021,1,4,17,22,7,291,1609744927.291000,0,0,0,0,0,0,0,26,26,
2021,1,4,17,22,7,417,1609744927.417000,0,0,0,0,0,0,0,26,26,
2021,1,4,17,22,7,541,1609744927.541000,0,0,0,0,0,0,0,26,26,
2021,1,4,17,22,7,658,1609744927.658000,0,0,0,0,0,0,0,26,26,
2021,1,4,17,22,7,778,1609744927.778000,0,0,0,0,0,0,0,26,26,
2021,1,4,17,22,7,899,1609744927.899000,0,0,0,0,0,0,0,26,26,
2021,1,4,17,22,8,16,1609744928.016000,0,0,0,0,0,0,0,26,26,
2021,1,4,17,22,8,138,1609744928.138000,0,0,0,0,0,0,0,26,26,
2021,1,4,17,22,8,262,1609744928.262000,0,0,0,0,0,0,0,26,26,
2021,1,4,17,22,8,390,1609744928.390000,0,0,0,0,0,0,0,26,26,
2021,1,4,17,22,8,515,1609744928.515000,0,0,0,0,0,0,0,26,26,
2021,1,4,17,22,8,638,1609744928.638000,0,0,0,0,0,0,0,26,26,
2021,1,4,17,22,8,763,1609744928.763000,0,0,0,0,0,0,0,26,26,
2021,1,4,17,22,8,895,1609744928.895000,0,0,0,0,0,0,0,26,26,
2021,1,4,17,22,9,17,1609744929.017000,0,0,0,0,0,0,0,26,26,
2021,1,4,17,22,9,143,1609744929.143000,0,0,0,0,0,0,0,26,26,
2021,1,4,17,22,9,260,1609744929.260000,0,0,0,0,0,0,0,26,26,
2021,1,4,17,22,9,380,1609744929.380000,0,0,0,0,0,0,0,26,26,
2021,1,4,17,22,9,498,1609744929.498000,0,0,0,0,0,0,0,26,26,
2021,1,4,17,22,9,617,1609744929.617000,0,0,0,0,0,0,0,26,26,
2021,1,4,17,22,9,748,1609744929.748000,0,0,0,0,0,0,0,26,26,
2021,1,4,17,22,9,873,1609744929.873000,0,0,0,0,0,0,0,26,26,
2021,1,4,17,22,9,995,1609744929.995000,0,0,0,0,0,0,0,26,26,
2021,1,4,17,22,10,124,1609744930.124000,0,0,0,0,0,0,0,26,26,
2021,1,4,17,22,10,242,1609744930.242000,0,0,0,0,0,0,0,26,26,
2021,1,4,17,22,10,365,1609744930.365000,0,0,0,0,0,0,0,26,26,
2021,1,4,17,22,10,487,1609744930.487000,0,0,0,0,0,0,0,26,26,
2021,1,4,17,22,10,607,1609744930.607000,0,0,0,0,0,0,0,26,26,
2021,1,4,17,22,10,728,1609744930.728000,0,0,0,0,0,0,0,26,26,
2021,1,4,17,22,10,853,1609744930.853000,0,0,0,0,0,0,0,26,26,
2021,1,4,17,22,10,973,1609744930.973000,0,0,0,0,0,0,0,26,26,
2021,1,4,17,22,11,100,1609744931.100000,0,0,0,0,0,0,0,26,26,
2021,1,4,17,22,11,220,1609744931.220000,0,0,0,0,0,0,0,26,26,
2021,1,4,17,22,11,348,1609744931.348000,0,0,0,0,0,0,0,26,26,
2021,1,4,17,22,11,477,1609744931.477000,0,0,0,0,0,0,0,26,26,
2021,1,4,17,22,11,599,1609744931.599000,0,0,0,0,0,0,0,26,26,
2021,1,4,17,22,11,722,1609744931.722000,0,0,0,0,0,0,0,26,26,
2021,1,4,17,22,11,849,1609744931.849000,0,0,0,0,0,0,0,26,26,
2021,1,4,17,22,11,973,1609744931.973000,0,0,0,0,0,0,0,26,26,
2021,1,4,17,22,12,98,1609744932.098000,0,0,0,0,0,0,0,26,26,
2021,1,4,17,22,12,220,1609744932.220000,0,0,0,0,0,0,0,26,26,
2021,1,4,17,22,12,349,1609744932.349000,0,0,0,0,0,0,0,26,26,
2021,1,4,17,22,12,467,1609744932.467000,0,0,0,0,0,0,0,26,26,
2021,1,4,17,22,12,587,1609744932.587000,0,0,0,0,0,0,0,26,26,
2021,1,4,17,22,12,715,1609744932.715000,0,0,0,0,0,0,0,26,26,
2021,1,4,17,22,12,836,1609744932.836000,0,0,0,0,0,0,0,26,26,
2021,1,4,17,22,12,954,1609744932.954000,0,0,0,0,0,0,0,26,26,
2021,1,4,17,22,13,82,1609744933.082000,0,0,0,0,0,0,0,26,26,
2021,1,4,17,22,13,201,1609744933.201000,0,0,0,0,0,0,0,26,26,
2021,1,4,17,22,13,332,1609744933.332000,0,0,0,0,0,0,0,26,26,
2021,1,4,17,22,13,448,1609744933.448000,0,0,0,0,0,0,0,26,26,
2021,1,4,17,22,13,568,1609744933.568000,0,0,0,0,0,0,0,26,26,
2021,1,4,17,22,13,695,1609744933.695000,0,0,0,0,0,0,0,26,26,
2021,1,4,17,22,13,821,1609744933.821000,0,0,0,0,0,0,0,26,26,
2021,1,4,17,22,13,947,1609744933.947000,0,0,0,0,0,0,0,26,26,
2021,1,4,17,22,14,77,1609744934.077000,0,0,0,0,0,0,0,26,26,
2021,1,4,17,22,14,194,1609744934.194000,0,0,0,0,0,0,0,26,26,
2021,1,4,17,22,14,311,1609744934.311000,0,0,0,0,0,0,0,26,26,
2021,1,4,17,22,14,431,1609744934.431000,0,0,0,0,0,0,0,26,26,
2021,1,4,17,22,14,557,1609744934.557000,0,0,0,0,0,0,0,26,26,
2021,1,4,17,22,14,680,1609744934.680000,0,0,0,0,0,0,0,26,26,
2021,1,4,17,22,14,806,1609744934.806000,0,0,0,0,0,0,0,26,26,
2021,1,4,17,22,14,924,1609744934.924000,0,0,0,0,0,0,0,26,26,
2021,1,4,17,22,15,45,1609744935.045000,0,0,0,0,0,0,0,26,26,
2021,1,4,17,22,15,162,1609744935.162000,0,0,0,0,0,0,0,26,26,
2021,1,4,17,22,15,284,1609744935.284000,0,0,0,0,0,0,0,26,26,
2021,1,4,17,22,15,408,1609744935.408000,0,0,0,0,0,0,0,26,26,
2021,1,4,17,22,15,532,1609744935.532000,0,0,0,0,0,0,0,26,26,
2021,1,4,17,22,15,659,1609744935.659000,0,0,0,0,0,0,0,26,26,
2021,1,4,17,22,15,787,1609744935.787000,0,0,0,0,0,0,0,26,26,
2021,1,4,17,22,15,909,1609744935.909000,0,0,0,0,0,0,0,26,26,
2021,1,4,17,22,16,27,1609744936.027000,0,0,0,0,0,0,0,26,26,
2021,1,4,17,22,16,146,1609744936.146000,0,0,0,0,0,0,0,26,26,
2021,1,4,17,22,16,270,1609744936.270000,0,0,0,0,0,0,0,26,26,
2021,1,4,17,22,16,388,1609744936.388000,0,0,0,0,0,0,0,26,26,
2021,1,4,17,22,16,505,1609744936.505000,0,0,0,0,0,0,0,26,26,
2021,1,4,17,22,16,628,1609744936.628000,0,0,0,0,0,0,0,26,26,
2021,1,4,17,22,16,753,1609744936.753000,0,0,0,0,0,0,0,26,26,
2021,1,4,17,22,16,872,1609744936.872000,0,0,0,0,0,0,0,26,26,
2021,1,4,17,22,16,991,1609744936.991000,0,0,0,0,0,0,0,26,26,
2021,1,4,17,22,17,118,1609744937.118000,0,0,0,0,0,0,0,26,26,
2021,1,4,17,22,17,241,1609744937.241000,0,0,0,0,0,0,0,26,26,
2021,1,4,17,22,17,367,1609744937.367000,0,0,0,0,0,0,0,26,26,
2021,1,4,17,22,17,488,1609744937.488000,0,0,0,0,0,0,0,26,26,
2021,1,4,17,22,17,607,1609744937.607000,0,0,0,0,0,0,0,26,26,
2021,1,4,17,22,17,734,1609744937.734000,0,0,0,0,0,0,0,26,26,
2021,1,4,17,22,17,853,1609744937.853000,0,0,0,0,0,0,0,26,26,
2021,1,4,17,22,17,976,1609744937.976000,0,0,0,0,0,0,0,26,26,
2021,1,4,17,22,18,108,1609744938.108000,0,0,0,0,0,0,0,26,26,
2021,1,4,17,22,18,222,1609744938.222000,0,0,0,0,0,0,0,26,26,
2021,1,4,17,22,18,339,1609744938.339000,0,0,0,0,0,0,0,26,26,
2021,1,4,17,22,18,456,1609744938.456000,0,0,0,0,0,0,0,26,26,
2021,1,4,17,22,18,576,1609744938.576000,0,0,0,0,0,0,0,26,26,
2021,1,4,17,22,18,695,1609744938.695000,0,0,0,0,0,0,0,26,26,
2021,1,4,17,22,18,818,1609744938.818000,0,0,0,0,0,0,0,26,26,
2021,1,4,17,22,18,937,1609744938.937000,0,0,0,0,0,0,0,26,26,
2021,1,4,17,22,19,60,1609744939.060000,0,0,0,0,0,0,0,26,26,
2021,1,4,17,22,19,186,1609744939.186000,0,0,0,0,0,0,0,26,26,
2021,1,4,17,22,19,315,1609744939.315000,0,0,0,0,0,0,0,26,26,
2021,1,4,17,22,19,432,1609744939.432000,0,0,0,0,0,0,0,26,26,
2021,1,4,17,22,19,550,1609744939.550000,0,0,0,0,0,0,0,26,26,
2021,1,4,17,22,19,682,1609744939.682000,0,0,0,0,0,0,0,26,26,
2021,1,4,17,22,19,815,1609744939.815000,0,0,0,0,0,0,0,26,26,
2021,1,4,17,22,19,933,1609744939.933000,0,0,0,0,0,0,0,26,26,
2021,1,4,17,22,20,53,1609744940.053000,0,0,0,0,0,0,0,26,26,
2021,1,4,17,22,20,176,1609744940.176000,0,0,0,0,0,0,0,26,26,
2021,1,4,17,22,20,310,1609744940.310000,0,0,0,0,0,0,0,26,26,
2021,1,4,17,22,20,442,1609744940.442000,0,0,0,0,0,0,0,26,26,
2021,1,4,17,22,20,569,1609744940.569000,0,0,0,0,0,0,0,26,26,
2021,1,4,17,22,20,692,1609744940.692000,0,0,0,0,0,0,0,26,26,
2021,1,4,17,22,20,825,1609744940.825000,0,0,0,0,0,0,0,26,26,
2021,1,4,17,22,20,946,1609744940.946000,0,0,0,0,0,0,0,26,26,
2021,1,4,17,22,21,77,1609744941.077000,0,0,0,0,0,0,0,26,26,
2021,1,4,17,22,21,206,1609744941.206000,0,0,0,0,0,0,0,26,26,
2021,1,4,17,22,21,339,1609744941.339000,0,0,0,0,0,0,0,26,26,
2021,1,4,17,22,21,461,1609744941.461000,0,0,0,0,0,0,0,26,26,
2021,1,4,17,22,21,585,1609744941.585000,0,0,0,0,0,0,0,26,26,
2021,1,4,17,22,21,708,1609744941.708000,0,0,0,0,0,0,0,26,26,
2021,1,4,17,22,21,828,1609744941.828000,0,0,0,0,0,0,0,26,26,
2021,1,4,17,22,21,949,1609744941.949000,0,0,0,0,0,0,0,26,26,
2021,1,4,17,22,22,83,1609744942.083000,0,0,0,0,0,0,0,26,26,
2021,1,4,17,22,22,205,1609744942.205000,0,0,0,0,0,0,0,26,26,
2021,1,4,17,22,22,339,1609744942.339000,0,0,0,0,0,0,0,26,26,
2021,1,4,17,22,22,476,1609744942.476000,0,0,0,0,0,0,0,26,26,
2021,1,4,17,22,22,607,1609744942.607000,0,0,0,0,0,0,0,26,26,
2021,1,4,17,22,22,737,1609744942.737000,0,0,0,0,0,0,0,26,26,
2021,1,4,17,22,22,871,1609744942.871000,0,0,0,0,0,0,0,26,26,
2021,1,4,17,22,22,991,1609744942.991000,0,0,0,0,0,0,0,26,26,
2021,1,4,17,22,23,115,1609744943.115000,0,0,0,0,0,0,0,26,26,
2021,1,4,17,22,23,238,1609744943.238000,0,0,0,0,0,0,0,26,26,
2021,1,4,17,22,23,365,1609744943.365000,0,0,0,0,0,0,0,26,26,
2021,1,4,17,22,23,495,1609744943.495000,0,0,0,0,0,0,0,26,26,
2021,1,4,17,22,23,617,1609744943.617000,0,0,0,0,0,0,0,26,26,
2021,1,4,17,22,23,741,1609744943.741000,0,0,0,0,0,0,0,26,26,
2021,1,4,17,22,23,870,1609744943.870000,0,0,0,0,0,0,0,26,26,
2021,1,4,17,22,23,987,1609744943.987000,0,0,0,0,0,0,0,26,26,
2021,1,4,17,22,24,115,1609744944.115000,0,0,0,0,0,0,0,26,26,
2021,1,4,17,22,24,241,1609744944.241000,0,0,0,0,0,0,0,26,26,
2021,1,4,17,22,24,368,1609744944.368000,0,0,0,0,0,0,0,26,26,
2021,1,4,17,22,24,502,1609744944.502000,0,0,0,0,0,0,0,26,26,
2021,1,4,17,22,24,624,1609744944.624000,0,0,0,0,0,0,0,26,26,
2021,1,4,17,22,24,746,1609744944.746000,0,0,0,0,0,0,0,26,26,
2021,1,4,17,22,24,876,1609744944.876000,0,0,0,0,0,0,0,26,26,
2021,1,4,17,22,24,993,1609744944.993000,0,0,0,0,0,0,0,26,26,
2021,1,4,17,22,25,118,1609744945.118000,0,0,0,0,0,0,0,26,26,
2021,1,4,17,22,25,243,1609744945.243000,0,0,0,0,0,0,0,26,26,
2021,1,4,17,22,25,374,1609744945.374000,0,0,0,0,0,0,0,26,26,
2021,1,4,17,22,25,494,1609744945.494000,0,0,0,0,0,0,0,26,26,
2021,1,4,17,22,25,615,1609744945.615000,0,0,0,0,0,0,0,26,26,
2021,1,4,17,22,25,737,1609744945.737000,0,0,0,0,0,0,0,26,26,
2021,1,4,17,22,25,881,1609744945.881000,0,0,0,0,0,0,0,26,26,
2021,1,4,17,22,26,0,1609744946.000000,0,0,0,0,0,0,0,26,26,
2021,1,4,17,22,26,128,1609744946.128000,0,0,0,0,0,0,0,26,26,
2021,1,4,17,22,26,261,1609744946.261000,0,0,0,0,0,0,0,26,26,
2021,1,4,17,22,26,381,1609744946.381000,0,0,0,0,0,0,0,26,26,
2021,1,4,17,22,26,506,1609744946.506000,0,0,0,0,0,0,0,26,26,
2021,1,4,17,22,26,625,1609744946.625000,0,0,0,0,0,0,0,26,26,
2021,1,4,17,22,26,744,1609744946.744000,0,0,0,0,0,0,0,26,26,
2021,1,4,17,22,26,863,1609744946.863000,0,0,0,0,0,0,0,26,26,
2021,1,4,17,22,26,978,1609744946.978000,0,0,0,0,0,0,0,26,26,
2021,1,4,17,22,27,97,1609744947.097000,0,0,0,0,0,0,0,26,26,
2021,1,4,17,22,27,227,1609744947.227000,0,0,0,0,0,0,0,26,26,
2021,1,4,17,22,27,351,1609744947.351000,0,0,0,0,0,0,0,26,26,
2021,1,4,17,22,27,478,1609744947.478000,0,0,0,0,0,0,0,26,26,
2021,1,4,17,22,27,602,1609744947.602000,0,0,0,0,0,0,0,26,26,
2021,1,4,17,22,27,727,1609744947.727000,0,0,0,0,0,0,0,26,26,
2021,1,4,17,22,27,852,1609744947.852000,0,0,0,0,0,0,0,26,26,
2021,1,4,17,22,27,984,1609744947.984000,0,0,0,0,0,0,0,26,26,
2021,1,4,17,22,28,111,1609744948.111000,0,0,0,0,0,0,0,26,26,
2021,1,4,17,22,28,238,1609744948.238000,0,0,0,0,0,0,0,26,26,
2021,1,4,17,22,28,365,1609744948.365000,0,0,0,0,0,0,0,26,26,
2021,1,4,17,22,28,484,1609744948.484000,0,0,0,0,0,0,0,26,26,
2021,1,4,17,22,28,610,1609744948.610000,0,0,0,0,0,0,0,26,26,
2021,1,4,17,22,28,736,1609744948.736000,0,0,0,0,0,0,0,26,26,
2021,1,4,17,22,28,868,1609744948.868000,0,0,0,0,0,0,0,26,26,
2021,1,4,17,22,28,998,1609744948.998000,0,0,0,0,0,0,0,26,26,
2021,1,4,17,22,29,118,1609744949.118000,0,0,0,0,0,0,0,26,26,
2021,1,4,17,22,29,240,1609744949.240000,0,0,0,0,0,0,0,26,26,
2021,1,4,17,22,29,366,1609744949.366000,0,0,0,0,0,0,0,26,26,
2021,1,4,17,22,29,487,1609744949.487000,0,0,0,0,0,0,0,26,26,
2021,1,4,17,22,29,609,1609744949.609000,0,0,0,0,0,0,0,26,26,
2021,1,4,17,22,29,741,1609744949.741000,0,0,0,0,0,0,0,26,26,
2021,1,4,17,22,29,865,1609744949.865000,0,0,0,0,0,0,0,26,26,
2021,1,4,17,22,29,983,1609744949.983000,0,0,0,0,0,0,0,26,26,
2021,1,4,17,22,30,117,1609744950.117000,0,0,0,0,0,0,0,26,26,
2021,1,4,17,22,30,242,1609744950.242000,0,0,0,0,0,0,0,26,26,
2021,1,4,17,22,30,365,1609744950.365000,0,0,0,0,0,0,0,26,26,
2021,1,4,17,22,30,496,1609744950.496000,0,0,0,0,0,0,0,26,26,
2021,1,4,17,22,30,622,1609744950.622000,0,0,0,0,0,0,0,26,26,
2021,1,4,17,22,30,748,1609744950.748000,0,0,0,0,0,0,0,26,26,
2021,1,4,17,22,30,870,1609744950.870000,0,0,0,0,0,0,0,26,26,
2021,1,4,17,22,30,994,1609744950.994000,0,0,0,0,0,0,0,26,26,
2021,1,4,17,22,31,119,1609744951.119000,0,0,0,0,0,0,0,26,26,
2021,1,4,17,22,31,239,1609744951.239000,0,0,0,0,0,0,0,26,26,
2021,1,4,17,22,31,363,1609744951.363000,0,0,0,0,0,0,0,26,26,
2021,1,4,17,22,31,494,1609744951.494000,0,0,0,0,0,0,0,26,26,
2021,1,4,17,22,31,615,1609744951.615000,0,0,0,0,0,0,0,26,26,
2021,1,4,17,22,31,735,1609744951.735000,0,0,0,0,0,0,0,26,26,
2021,1,4,17,22,31,867,1609744951.867000,0,0,0,0,0,0,0,26,26,
2021,1,4,17,22,31,991,1609744951.991000,0,0,0,0,0,0,0,26,26,
2021,1,4,17,22,32,128,1609744952.128000,0,0,0,0,0,0,0,26,26,
2021,1,4,17,22,32,252,1609744952.252000,0,0,0,0,0,0,0,26,26,
2021,1,4,17,22,32,375,1609744952.375000,0,0,0,0,0,0,0,26,26,
2021,1,4,17,22,32,495,1609744952.495000,0,0,0,0,0,0,0,26,26,
2021,1,4,17,22,32,615,1609744952.615000,0,0,0,0,0,0,0,26,26,
2021,1,4,17,22,32,737,1609744952.737000,0,0,0,0,0,0,0,26,26,
2021,1,4,17,22,32,869,1609744952.869000,0,0,0,0,0,0,0,26,26,
2021,1,4,17,22,32,995,1609744952.995000,0,0,0,0,0,0,0,26,26,
2021,1,4,17,22,33,124,1609744953.124000,0,0,0,0,0,0,0,26,26,
2021,1,4,17,22,33,247,1609744953.247000,0,0,0,0,0,0,0,26,26,
2021,1,4,17,22,33,367,1609744953.367000,0,0,0,0,0,0,0,26,26,
2021,1,4,17,22,33,492,1609744953.492000,0,0,0,0,0,0,0,26,26,
2021,1,4,17,22,33,611,1609744953.611000,0,0,0,0,0,0,0,26,26,
2021,1,4,17,22,33,734,1609744953.734000,0,0,0,0,0,0,0,26,26,
2021,1,4,17,22,33,857,1609744953.857000,0,0,0,0,0,0,0,26,26,
2021,1,4,17,22,33,977,1609744953.977000,0,0,0,0,0,0,0,26,26,
2021,1,4,17,22,34,109,1609744954.109000,0,0,0,0,0,0,0,26,26,
2021,1,4,17,22,34,256,1609744954.256000,0,0,0,0,0,0,0,26,26,
2021,1,4,17,22,34,376,1609744954.376000,0,0,0,0,0,0,0,26,26,
2021,1,4,17,22,34,502,1609744954.502000,0,0,0,0,0,0,0,26,26,
2021,1,4,17,22,34,623,1609744954.623000,0,0,0,0,0,0,0,26,26,
2021,1,4,17,22,34,752,1609744954.752000,0,0,0,0,0,0,0,26,26,
2021,1,4,17,22,34,881,1609744954.881000,0,0,0,0,0,0,0,26,26,
2021,1,4,17,22,35,17,1609744955.017000,0,0,0,0,0,0,0,26,26,
2021,1,4,17,22,35,140,1609744955.140000,0,0,0,0,0,0,0,26,26,
2021,1,4,17,22,35,263,1609744955.263000,0,0,0,0,0,0,0,26,26,
2021,1,4,17,22,35,380,1609744955.380000,0,0,0,0,0,0,0,26,26,
2021,1,4,17,22,35,499,1609744955.499000,0,0,0,0,0,0,0,26,26,
2021,1,4,17,22,35,624,1609744955.624000,0,0,0,0,0,0,0,26,26,
2021,1,4,17,22,35,742,1609744955.742000,0,0,0,0,0,0,0,26,26,
2021,1,4,17,22,35,873,1609744955.873000,0,0,0,0,0,0,0,26,26,
2021,1,4,17,22,35,995,1609744955.995000,0,0,0,0,0,0,0,26,26,
2021,1,4,17,22,36,125,1609744956.125000,0,0,0,0,0,0,0,26,26,
2021,1,4,17,22,36,244,1609744956.244000,0,0,0,0,0,0,0,26,26,
2021,1,4,17,22,36,363,1609744956.363000,0,0,0,0,0,0,0,26,26,
2021,1,4,17,22,36,492,1609744956.492000,0,0,0,0,0,0,0,26,26,
2021,1,4,17,22,36,611,1609744956.611000,0,0,0,0,0,0,0,26,26,
2021,1,4,17,22,36,738,1609744956.738000,0,0,0,0,0,0,0,26,26,
2021,1,4,17,22,36,868,1609744956.868000,0,0,0,0,0,0,0,26,26,
2021,1,4,17,22,36,995,1609744956.995000,0,0,0,0,0,0,0,26,26,
2021,1,4,17,22,37,131,1609744957.131000,0,0,0,0,0,0,0,26,26,
2021,1,4,17,22,37,249,1609744957.249000,0,0,0,0,0,0,0,26,26,
2021,1,4,17,22,37,368,1609744957.368000,0,0,0,0,0,0,0,26,26,
2021,1,4,17,22,37,492,1609744957.492000,0,0,0,0,0,0,0,26,26,
2021,1,4,17,22,37,620,1609744957.620000,0,0,0,0,0,0,0,26,26,
2021,1,4,17,22,37,752,1609744957.752000,0,0,0,0,0,0,0,26,26,
2021,1,4,17,22,37,877,1609744957.877000,0,0,0,0,0,0,0,26,26,
2021,1,4,17,22,38,3,1609744958.003000,0,0,0,0,0,0,0,26,26,
2021,1,4,17,22,38,141,1609744958.141000,0,0,0,0,0,0,0,26,26,
2021,1,4,17,22,38,259,1609744958.259000,0,0,0,0,0,0,0,26,26,
2021,1,4,17,22,38,377,1609744958.377000,0,0,0,0,0,0,0,26,26,
2021,1,4,17,22,38,500,1609744958.500000,0,0,0,0,0,0,0,26,26,
2021,1,4,17,22,38,628,1609744958.628000,0,0,0,0,0,0,0,26,26,
2021,1,4,17,22,38,759,1609744958.759000,0,0,0,0,0,0,0,26,26,
2021,1,4,17,22,38,883,1609744958.883000,0,0,0,0,0,0,0,26,26,
2021,1,4,17,22,39,4,1609744959.004000,0,0,0,0,0,0,0,26,26,
2021,1,4,17,22,39,135,1609744959.135000,0,0,0,0,0,0,0,26,26,
2021,1,4,17,22,39,256,1609744959.256000,0,0,0,0,0,0,0,26,26,
2021,1,4,17,22,39,376,1609744959.376000,0,0,0,0,0,0,0,26,26,
2021,1,4,17,22,39,498,1609744959.498000,0,0,0,0,0,0,0,26,26,
2021,1,4,17,22,39,619,1609744959.619000,0,0,0,0,0,0,0,26,26,
2021,1,4,17,22,39,748,1609744959.748000,0,0,0,0,0,0,0,26,26,
2021,1,4,17,22,39,871,1609744959.871000,0,0,0,0,0,0,0,26,26,
2021,1,4,17,22,39,995,1609744959.995000,0,0,0,0,0,0,0,26,26,
2021,1,4,17,22,40,116,1609744960.116000,0,0,0,0,0,0,0,26,26,
2021,1,4,17,22,40,239,1609744960.239000,0,0,0,0,0,0,0,26,26,
2021,1,4,17,22,40,359,1609744960.359000,0,0,0,0,0,0,0,26,26,
2021,1,4,17,22,40,485,1609744960.485000,0,0,0,0,0,0,0,26,26,
2021,1,4,17,22,40,612,1609744960.612000,0,0,0,0,0,0,0,26,26,
2021,1,4,17,22,40,741,1609744960.741000,0,0,0,0,0,0,0,26,26,
2021,1,4,17,22,40,861,1609744960.861000,0,0,0,0,0,0,0,26,26,
2021,1,4,17,22,40,982,1609744960.982000,0,0,0,0,0,0,0,26,26,
2021,1,4,17,22,41,104,1609744961.104000,0,0,0,0,0,0,0,26,26,
2021,1,4,17,22,41,234,1609744961.234000,0,0,0,0,0,0,0,26,26,
2021,1,4,17,22,41,359,1609744961.359000,0,0,0,0,0,0,0,26,26,
2021,1,4,17,22,41,478,1609744961.478000,0,0,0,0,0,0,0,26,26,
2021,1,4,17,22,41,597,1609744961.597000,0,0,0,0,0,0,0,26,26,
2021,1,4,17,22,41,723,1609744961.723000,0,0,0,0,0,0,0,26,26,
2021,1,4,17,22,41,844,1609744961.844000,0,0,0,0,0,0,0,26,26,
2021,1,4,17,22,41,965,1609744961.965000,0,0,0,0,0,0,0,26,26,
2021,1,4,17,22,42,92,1609744962.092000,0,0,0,0,0,0,0,26,26,
2021,1,4,17,22,42,226,1609744962.226000,0,0,0,0,0,0,0,26,26,
2021,1,4,17,22,42,353,1609744962.353000,0,0,0,0,0,0,0,26,26,
2021,1,4,17,22,42,482,1609744962.482000,0,0,0,0,0,0,0,26,26,
2021,1,4,17,22,42,608,1609744962.608000,0,0,0,0,0,0,0,26,26,
2021,1,4,17,22,42,735,1609744962.735000,0,0,0,0,0,0,0,26,26,
2021,1,4,17,22,42,856,1609744962.856000,0,0,0,0,0,0,0,26,26,
2021,1,4,17,22,42,983,1609744962.983000,0,0,0,0,0,0,0,26,26,
2021,1,4,17,22,43,110,1609744963.110000,0,0,0,0,0,0,0,26,26,
2021,1,4,17,22,43,242,1609744963.242000,0,0,0,0,0,0,0,26,26,
2021,1,4,17,22,43,357,1609744963.357000,0,0,0,0,0,0,0,26,26,
2021,1,4,17,22,43,477,1609744963.477000,0,0,0,0,0,0,0,26,26,
2021,1,4,17,22,43,600,1609744963.600000,0,0,0,0,0,0,0,26,26,
2021,1,4,17,22,43,720,1609744963.720000,0,0,0,0,0,0,0,26,26,
2021,1,4,17,22,43,844,1609744963.844000,0,0,0,0,0,0,0,26,26,
2021,1,4,17,22,43,965,1609744963.965000,0,0,0,0,0,0,0,26,26,
2021,1,4,17,22,44,96,1609744964.096000,0,0,0,0,0,0,0,26,26,
2021,1,4,17,22,44,215,1609744964.215000,0,0,0,0,0,0,0,26,26,
2021,1,4,17,22,44,339,1609744964.339000,0,0,0,0,0,0,0,26,26,
2021,1,4,17,22,44,469,1609744964.469000,0,0,0,0,0,0,0,26,26,
2021,1,4,17,22,44,592,1609744964.592000,0,0,0,0,0,0,0,26,26,
2021,1,4,17,22,44,713,1609744964.713000,0,0,0,0,0,0,0,26,26,
2021,1,4,17,22,44,846,1609744964.846000,0,0,0,0,0,0,0,26,26,
2021,1,4,17,22,44,970,1609744964.970000,0,0,0,0,0,0,0,26,26,
2021,1,4,17,22,45,101,1609744965.101000,0,0,0,0,0,0,0,26,26,
2021,1,4,17,22,45,234,1609744965.234000,0,0,0,0,0,0,0,26,26,
2021,1,4,17,22,45,359,1609744965.359000,0,0,0,0,0,0,0,26,26,
2021,1,4,17,22,45,487,1609744965.487000,0,0,0,0,0,0,0,26,26,
2021,1,4,17,22,45,605,1609744965.605000,0,0,0,0,0,0,0,26,26,
2021,1,4,17,22,45,735,1609744965.735000,0,0,0,0,0,0,0,26,26,
2021,1,4,17,22,45,855,1609744965.855000,0,0,0,0,0,0,0,26,26,
2021,1,4,17,22,45,975,1609744965.975000,0,0,0,0,0,0,0,26,26,
2021,1,4,17,22,46,101,1609744966.101000,0,0,0,0,0,0,0,26,26,
2021,1,4,17,22,46,229,1609744966.229000,0,0,0,0,0,0,0,26,26,
2021,1,4,17,22,46,347,1609744966.347000,0,0,0,0,0,0,0,26,26,
2021,1,4,17,22,46,469,1609744966.469000,0,0,0,0,0,0,0,26,26,
2021,1,4,17,22,46,589,1609744966.589000,0,0,0,0,0,0,0,26,26,
2021,1,4,17,22,46,710,1609744966.710000,0,0,0,0,0,0,0,26,26,
2021,1,4,17,22,46,831,1609744966.831000,0,0,0,0,0,0,0,26,26,
2021,1,4,17,22,46,952,1609744966.952000,0,0,0,0,0,0,0,26,26,
2021,1,4,17,22,47,76,1609744967.076000,0,0,0,0,0,0,0,26,26,
2021,1,4,17,22,47,194,1609744967.194000,0,0,0,0,0,0,0,26,26,
2021,1,4,17,22,47,324,1609744967.324000,0,0,0,0,0,0,0,26,26,
2021,1,4,17,22,47,446,1609744967.446000,0,0,0,0,0,0,0,26,26,
2021,1,4,17,22,47,575,1609744967.575000,0,0,0,0,0,0,0,26,26,
2021,1,4,17,22,47,696,1609744967.696000,0,0,0,0,0,0,0,26,26,
2021,1,4,17,22,47,817,1609744967.817000,0,0,0,0,0,0,0,26,26,
2021,1,4,17,22,47,946,1609744967.946000,0,0,0,0,0,0,0,26,26,
2021,1,4,17,22,48,72,1609744968.072000,0,0,0,0,0,0,0,26,26,
2021,1,4,17,22,48,190,1609744968.190000,0,0,0,0,0,0,0,26,26,
2021,1,4,17,22,48,315,1609744968.315000,0,0,0,0,0,0,0,26,26,
2021,1,4,17,22,48,441,1609744968.441000,0,0,0,0,0,0,0,26,26,
2021,1,4,17,22,48,571,1609744968.571000,0,0,0,0,0,0,0,26,26,
2021,1,4,17,22,48,695,1609744968.695000,0,0,0,0,0,0,0,26,26,
2021,1,4,17,22,48,824,1609744968.824000,0,0,0,0,0,0,0,26,26,
2021,1,4,17,22,48,954,1609744968.954000,0,0,0,0,0,0,0,26,26,
2021,1,4,17,22,49,85,1609744969.085000,0,0,0,0,0,0,0,26,26,
2021,1,4,17,22,49,205,1609744969.205000,0,0,0,0,0,0,0,26,26,
2021,1,4,17,22,49,333,1609744969.333000,0,0,0,0,0,0,0,26,26,
2021,1,4,17,22,49,461,1609744969.461000,0,0,0,0,0,0,0,26,26,
2021,1,4,17,22,49,589,1609744969.589000,0,0,0,0,0,0,0,26,26,
2021,1,4,17,22,49,719,1609744969.719000,0,0,0,0,0,0,0,26,26,
2021,1,4,17,22,49,847,1609744969.847000,0,0,0,0,0,0,0,26,26,
2021,1,4,17,22,49,976,1609744969.976000,0,0,0,0,0,0,0,26,26,
2021,1,4,17,22,50,103,1609744970.103000,0,0,0,0,0,0,0,26,26,
2021,1,4,17,22,50,225,1609744970.225000,0,0,0,0,0,0,0,26,26,
2021,1,4,17,22,50,349,1609744970.349000,0,0,0,0,0,0,0,26,26,
2021,1,4,17,22,50,482,1609744970.482000,0,0,0,0,0,0,0,26,26,
2021,1,4,17,22,50,604,1609744970.604000,0,0,0,0,0,0,0,26,26,
2021,1,4,17,22,50,735,1609744970.735000,0,0,0,0,0,0,0,26,26,
2021,1,4,17,22,50,869,1609744970.869000,0,0,0,0,0,0,0,26,26,
2021,1,4,17,22,50,990,1609744970.990000,0,0,0,0,0,0,0,26,26,
2021,1,4,17,22,51,123,1609744971.123000,0,0,0,0,0,0,0,26,26,
2021,1,4,17,22,51,248,1609744971.248000,0,0,0,0,0,0,0,26,26,
2021,1,4,17,22,51,378,1609744971.378000,0,0,0,0,0,0,0,26,26,
2021,1,4,17,22,51,495,1609744971.495000,0,0,0,0,0,0,0,26,26,
2021,1,4,17,22,51,616,1609744971.616000,0,0,0,0,0,0,0,26,26,
2021,1,4,17,22,51,734,1609744971.734000,0,0,0,0,0,0,0,26,26,
2021,1,4,17,22,51,852,1609744971.852000,0,0,0,0,0,0,0,26,26,
2021,1,4,17,22,51,979,1609744971.979000,0,0,0,0,0,0,0,26,26,
2021,1,4,17,22,52,106,1609744972.106000,0,0,0,0,0,0,0,26,26,
2021,1,4,17,22,52,225,1609744972.225000,0,0,0,0,0,0,0,26,26,
2021,1,4,17,22,52,346,1609744972.346000,0,0,0,0,0,0,0,26,26,
2021,1,4,17,22,52,480,1609744972.480000,0,0,0,0,0,0,0,26,26,
2021,1,4,17,22,52,598,1609744972.598000,0,0,0,0,0,0,0,26,26,
2021,1,4,17,22,52,716,1609744972.716000,0,0,0,0,0,0,0,26,26,
2021,1,4,17,22,52,846,1609744972.846000,0,0,0,0,0,0,0,26,26,
2021,1,4,17,22,52,976,1609744972.976000,0,0,0,0,0,0,0,26,26,
2021,1,4,17,22,53,117,1609744973.117000,0,0,0,0,0,0,0,26,26,
2021,1,4,17,22,53,237,1609744973.237000,0,0,0,0,0,0,0,26,26,
2021,1,4,17,22,53,358,1609744973.358000,0,0,0,0,0,0,0,26,26,
2021,1,4,17,22,53,484,1609744973.484000,0,0,0,0,0,0,0,26,26,
2021,1,4,17,22,53,604,1609744973.604000,0,0,0,0,0,0,0,26,26,
2021,1,4,17,22,53,730,1609744973.730000,0,0,0,0,0,0,0,26,26,
2021,1,4,17,22,53,855,1609744973.855000,0,0,0,0,0,0,0,26,26,
2021,1,4,17,22,53,981,1609744973.981000,0,0,0,0,0,0,0,26,26,
2021,1,4,17,22,54,105,1609744974.105000,0,0,0,0,0,0,0,26,26,
