pkt arrive time in UTC,Heartbeat,MACsrc,MACdst,APPID,GOOSElength,gocbRef,Timeallowedtolive,datset,goID,t,Dif_St,Dif_Sq,stNum,sqNum,istest?,num of data,data_Dec,data,I_CB1-66KV,I_CB2-66KV,I_CB3-66KV,I_TRSF1-W1,I_TRSF1-W2,I_CB-TRSF1,I_TRSF2-W1,I_TRSF2-W2,I_CB-TRSF2,I_CB2-22KV,I_FDR1,I_FDR2,I_FDR3,I_FDR4,Status_CB1-22KV,Status_CB3-22KV,Status_CB-FDR1,Status_CB-FDR4
1619331440.57050,1.00000,23,255,1,147,1111,2000,PIOC,111,1619331439,0,1,1,0,0,4,5,101,17,0,17,17,30,52,17,30,52,0,26,26,26,26,1,1,1,1
1619331440.79597,1.00000,99,255,4,142,1231,2000,BFP,231,1619331439,0,1,1,0,0,5,0,0,17,0,17,17,30,52,17,30,52,0,26,26,26,26,1,1,1,1
1619331441.53225,1.00000,32,255,2,147,1121,2000,PIOC,121,1619331440,0,1,1,0,0,4,9,1001,17,0,17,17,30,52,17,30,52,0,26,26,26,26,1,1,1,1
1619331441.57080,1.00030,23,255,1,147,1111,2000,PIOC,111,1619331439,0,1,1,1,0,4,5,101,17,0,17,17,30,52,17,30,52,0,26,26,26,26,1,1,1,1
1619331441.79656,1.00059,99,255,4,142,1231,2000,BFP,231,1619331439,0,1,1,1,0,5,0,0,17,0,17,17,30,52,17,30,52,0,26,26,26,26,1,1,1,1
1619331442.53239,1.00014,32,255,2,147,1121,2000,PIOC,121,1619331440,0,1,1,1,0,4,9,1001,17,0,17,17,30,52,17,30,52,0,26,26,26,26,1,1,1,1
1619331442.57226,1.00146,23,255,1,147,1111,2000,PIOC,111,1619331439,0,1,1,2,0,4,5,101,17,0,17,17,30,52,17,30,52,0,26,26,26,26,1,1,1,1
1619331442.58494,1.00000,11,255,3,152,1131,2000,PIOC,131,1619331441,0,1,1,0,0,7,0,0,17,0,17,17,30,52,17,30,52,0,26,26,26,26,1,1,1,1
1619331442.79692,1.00036,99,255,4,142,1231,2000,BFP,231,1619331439,0,1,1,2,0,5,0,0,17,0,17,17,30,52,17,30,52,0,26,26,26,26,1,1,1,1
1619331443.53302,1.00063,32,255,2,147,1121,2000,PIOC,121,1619331440,0,1,1,2,0,4,9,1001,17,0,17,17,30,52,17,30,52,0,26,26,26,26,1,1,1,1
1619331443.57305,1.00079,23,255,1,147,1111,2000,PIOC,111,1619331439,0,1,1,3,0,4,5,101,17,0,17,17,30,52,17,30,52,0,26,26,26,26,1,1,1,1
1619331443.58480,0.99986,11,255,3,152,1131,2000,PIOC,131,1619331441,0,1,1,1,0,7,0,0,17,0,17,17,30,52,17,30,52,0,26,26,26,26,1,1,1,1
1619331443.79756,1.00064,99,255,4,142,1231,2000,BFP,231,1619331439,0,1,1,3,0,5,0,0,17,0,17,17,30,52,17,30,52,0,26,26,26,26,1,1,1,1
1619331444.53286,0.99984,32,255,2,147,1121,2000,PIOC,121,1619331440,0,1,1,3,0,4,9,1001,17,0,17,17,30,52,17,30,52,0,26,26,26,26,1,1,1,1
1619331444.57338,1.00033,23,255,1,147,1111,2000,PIOC,111,1619331439,0,1,1,4,0,4,5,101,17,0,17,17,30,52,17,30,52,0,26,26,26,26,1,1,1,1
1619331444.58504,1.00024,11,255,3,152,1131,2000,PIOC,131,1619331441,0,1,1,2,0,7,0,0,17,0,17,17,30,52,17,30,52,0,26,26,26,26,1,1,1,1
1619331444.79809,1.00053,99,255,4,142,1231,2000,BFP,231,1619331439,0,1,1,4,0,5,0,0,17,0,17,17,30,52,17,30,52,0,26,26,26,26,1,1,1,1
1619331445.53307,1.00021,32,255,2,147,1121,2000,PIOC,121,1619331440,0,1,1,4,0,4,9,1001,17,0,17,17,30,52,17,30,52,0,26,26,26,26,1,1,1,1
1619331445.57401,1.00063,23,255,1,147,1111,2000,PIOC,111,1619331439,0,1,1,5,0,4,5,101,17,0,17,17,30,52,17,30,52,0,26,26,26,26,1,1,1,1
1619331445.58521,1.00017,11,255,3,152,1131,2000,PIOC,131,1619331441,0,1,1,3,0,7,0,0,17,0,17,17,30,52,17,30,52,0,26,26,26,26,1,1,1,1
1619331445.79883,1.00074,99,255,4,142,1231,2000,BFP,231,1619331439,0,1,1,5,0,5,0,0,17,0,17,17,30,52,17,30,52,0,26,26,26,26,1,1,1,1
1619331446.53352,1.00045,32,255,2,147,1121,2000,PIOC,121,1619331440,0,1,1,5,0,4,9,1001,17,0,17,17,30,52,17,30,52,0,26,26,26,26,1,1,1,1
1619331446.57449,1.00048,23,255,1,147,1111,2000,PIOC,111,1619331439,0,1,1,6,0,4,5,101,17,0,17,17,30,52,17,30,52,0,26,26,26,26,1,1,1,1
1619331446.58657,1.00136,11,255,3,152,1131,2000,PIOC,131,1619331441,0,1,1,4,0,7,0,0,17,0,17,17,30,52,17,30,52,0,26,26,26,26,1,1,1,1
1619331446.79921,1.00038,99,255,4,142,1231,2000,BFP,231,1619331439,0,1,1,6,0,5,0,0,17,0,17,17,30,52,17,30,52,0,26,26,26,26,1,1,1,1
1619331447.53342,0.99990,32,255,2,147,1121,2000,PIOC,121,1619331440,0,1,1,6,0,4,9,1001,17,0,17,17,30,52,17,30,52,0,26,26,26,26,1,1,1,1
1619331447.57491,1.00042,23,255,1,147,1111,2000,PIOC,111,1619331439,0,1,1,7,0,4,5,101,17,0,17,17,30,52,17,30,52,0,26,26,26,26,1,1,1,1
1619331447.58627,0.99970,11,255,3,152,1131,2000,PIOC,131,1619331441,0,1,1,5,0,7,0,0,17,0,17,17,30,52,17,30,52,0,26,26,26,26,1,1,1,1
1619331447.80034,1.00113,99,255,4,142,1231,2000,BFP,231,1619331439,0,1,1,7,0,5,0,0,17,0,17,17,30,52,17,30,52,0,26,26,26,26,1,1,1,1
1619331448.53547,1.00205,32,255,2,147,1121,2000,PIOC,121,1619331440,0,1,1,7,0,4,9,1001,17,0,17,17,30,52,17,30,52,0,26,26,26,26,1,1,1,1
1619331448.57527,1.00036,23,255,1,147,1111,2000,PIOC,111,1619331439,0,1,1,8,0,4,5,101,17,0,17,17,30,52,17,30,52,0,26,26,26,26,1,1,1,1
1619331448.58696,1.00069,11,255,3,152,1131,2000,PIOC,131,1619331441,0,1,1,6,0,7,0,0,17,0,17,17,30,52,17,30,52,0,26,26,26,26,1,1,1,1
1619331448.80112,1.00078,99,255,4,142,1231,2000,BFP,231,1619331439,0,1,1,8,0,5,0,0,17,0,17,17,30,52,17,30,52,0,26,26,26,26,1,1,1,1
1619331449.53318,0.99771,32,255,2,147,1121,2000,PIOC,121,1619331440,0,1,1,8,0,4,9,1001,17,0,17,17,30,52,17,30,52,0,26,26,26,26,1,1,1,1
1619331449.57621,1.00094,23,255,1,147,1111,2000,PIOC,111,1619331439,0,1,1,9,0,4,5,101,17,0,17,17,30,52,17,30,52,0,26,26,26,26,1,1,1,1
1619331449.58831,1.00135,11,255,3,152,1131,2000,PIOC,131,1619331441,0,1,1,7,0,7,0,0,17,0,17,17,30,52,17,30,52,0,26,26,26,26,1,1,1,1
1619331449.80149,1.00037,99,255,4,142,1231,2000,BFP,231,1619331439,0,1,1,9,0,5,0,0,17,0,17,17,30,52,17,30,52,0,26,26,26,26,1,1,1,1
1619331450.53342,1.00024,32,255,2,147,1121,2000,PIOC,121,1619331440,0,1,1,9,0,4,9,1001,17,0,17,17,30,52,17,30,52,0,26,26,26,26,1,1,1,1
1619331450.57791,1.00170,23,255,1,147,1111,2000,PIOC,111,1619331439,0,1,1,10,0,4,5,101,17,0,17,17,30,52,17,30,52,0,26,26,26,26,1,1,1,1
1619331450.58796,0.99965,11,255,3,152,1131,2000,PIOC,131,1619331441,0,1,1,8,0,7,0,0,17,0,17,17,30,52,17,30,52,0,26,26,26,26,1,1,1,1
1619331450.80224,1.00075,99,255,4,142,1231,2000,BFP,231,1619331439,0,1,1,10,0,5,0,0,17,0,17,17,30,52,17,30,52,0,26,26,26,26,1,1,1,1
1619331451.53327,0.99985,32,255,2,147,1121,2000,PIOC,121,1619331440,0,1,1,10,0,4,9,1001,17,0,17,17,30,52,17,30,52,0,26,26,26,26,1,1,1,1
1619331451.57782,0.99991,23,255,1,147,1111,2000,PIOC,111,1619331439,0,1,1,11,0,4,5,101,17,0,17,17,30,52,17,30,52,0,26,26,26,26,1,1,1,1
1619331451.58933,1.00137,11,255,3,152,1131,2000,PIOC,131,1619331441,0,1,1,9,0,7,0,0,17,0,17,17,30,52,17,30,52,0,26,26,26,26,1,1,1,1
1619331451.80261,1.00037,99,255,4,142,1231,2000,BFP,231,1619331439,0,1,1,11,0,5,0,0,17,0,17,17,30,52,17,30,52,0,26,26,26,26,1,1,1,1
1619331452.53357,1.00030,32,255,2,147,1121,2000,PIOC,121,1619331440,0,1,1,11,0,4,9,1001,17,0,17,17,30,52,17,30,52,0,26,26,26,26,1,1,1,1
1619331452.57848,1.00066,23,255,1,147,1111,2000,PIOC,111,1619331439,0,1,1,12,0,4,5,101,17,0,17,17,30,52,17,30,52,0,26,26,26,26,1,1,1,1
1619331452.58991,1.00058,11,255,3,152,1131,2000,PIOC,131,1619331441,0,1,1,10,0,7,0,0,17,0,17,17,30,52,17,30,52,0,26,26,26,26,1,1,1,1
1619331452.80287,1.00026,99,255,4,142,1231,2000,BFP,231,1619331439,0,1,1,12,0,5,0,0,17,0,17,17,30,52,17,30,52,0,26,26,26,26,1,1,1,1
1619331453.53508,1.00151,32,255,2,147,1121,2000,PIOC,121,1619331440,0,1,1,12,0,4,9,1001,17,0,17,17,30,52,17,30,52,0,26,26,26,26,1,1,1,1
1619331453.57987,1.00139,23,255,1,147,1111,2000,PIOC,111,1619331439,0,1,1,13,0,4,5,101,17,0,17,17,30,52,17,30,52,0,26,26,26,26,1,1,1,1
1619331453.59075,1.00084,11,255,3,152,1131,2000,PIOC,131,1619331441,0,1,1,11,0,7,0,0,17,0,17,17,30,52,17,30,52,0,26,26,26,26,1,1,1,1
1619331453.80345,1.00058,99,255,4,142,1231,2000,BFP,231,1619331439,0,1,1,13,0,5,0,0,17,0,17,17,30,52,17,30,52,0,26,26,26,26,1,1,1,1
1619331454.53519,1.00011,32,255,2,147,1121,2000,PIOC,121,1619331440,0,1,1,13,0,4,9,1001,17,0,17,17,30,52,17,30,52,0,26,26,26,26,1,1,1,1
1619331454.58025,1.00038,23,255,1,147,1111,2000,PIOC,111,1619331439,0,1,1,14,0,4,5,101,17,0,17,17,30,52,17,30,52,0,26,26,26,26,1,1,1,1
1619331454.59186,1.00111,11,255,3,152,1131,2000,PIOC,131,1619331441,0,1,1,12,0,7,0,0,17,0,17,17,30,52,17,30,52,0,26,26,26,26,1,1,1,1
1619331454.80448,1.00103,99,255,4,142,1231,2000,BFP,231,1619331439,0,1,1,14,0,5,0,0,17,0,17,17,30,52,17,30,52,0,26,26,26,26,1,1,1,1
1619331455.53529,1.00010,32,255,2,147,1121,2000,PIOC,121,1619331440,0,1,1,14,0,4,9,1001,17,0,17,17,30,52,17,30,52,0,26,26,26,26,1,1,1,1
1619331455.58065,1.00040,23,255,1,147,1111,2000,PIOC,111,1619331439,0,1,1,15,0,4,5,101,17,0,17,17,30,52,17,30,52,0,26,26,26,26,1,1,1,1
1619331455.59250,1.00064,11,255,3,152,1131,2000,PIOC,131,1619331441,0,1,1,13,0,7,0,0,17,0,17,17,30,52,17,30,52,0,26,26,26,26,1,1,1,1
1619331455.80650,1.00202,99,255,4,142,1231,2000,BFP,231,1619331439,0,1,1,15,0,5,0,0,17,0,17,17,30,52,17,30,52,0,26,26,26,26,1,1,1,1
1619331456.53558,1.00029,32,255,2,147,1121,2000,PIOC,121,1619331440,0,1,1,15,0,4,9,1001,17,0,17,17,30,52,17,30,52,0,26,26,26,26,1,1,1,1
1619331456.58099,1.00034,23,255,1,147,1111,2000,PIOC,111,1619331439,0,1,1,16,0,4,5,101,17,0,17,17,30,52,17,30,52,0,26,26,26,26,1,1,1,1
1619331456.59336,1.00086,11,255,3,152,1131,2000,PIOC,131,1619331441,0,1,1,14,0,7,0,0,17,0,17,17,30,52,17,30,52,0,26,26,26,26,1,1,1,1
1619331456.80690,1.00040,99,255,4,142,1231,2000,BFP,231,1619331439,0,1,1,16,0,5,0,0,17,0,17,17,30,52,17,30,52,0,26,26,26,26,1,1,1,1
1619331457.53613,1.00055,32,255,2,147,1121,2000,PIOC,121,1619331440,0,1,1,16,0,4,9,1001,17,0,17,17,30,52,17,30,52,0,26,26,26,26,1,1,1,1
1619331457.58196,1.00097,23,255,1,147,1111,2000,PIOC,111,1619331439,0,1,1,17,0,4,5,101,17,0,17,17,30,52,17,30,52,0,26,26,26,26,1,1,1,1
1619331457.59360,1.00024,11,255,3,152,1131,2000,PIOC,131,1619331441,0,1,1,15,0,7,0,0,17,0,17,17,30,52,17,30,52,0,26,26,26,26,1,1,1,1
1619331457.80728,1.00038,99,255,4,142,1231,2000,BFP,231,1619331439,0,1,1,17,0,5,0,0,17,0,17,17,30,52,17,30,52,0,26,26,26,26,1,1,1,1
1619331458.53644,1.00031,32,255,2,147,1121,2000,PIOC,121,1619331440,0,1,1,17,0,4,9,1001,17,0,17,17,30,52,17,30,52,0,26,26,26,26,1,1,1,1
1619331458.58247,1.00051,23,255,1,147,1111,2000,PIOC,111,1619331439,0,1,1,18,0,4,5,101,17,0,17,17,30,52,17,30,52,0,26,26,26,26,1,1,1,1
1619331458.59413,1.00053,11,255,3,152,1131,2000,PIOC,131,1619331441,0,1,1,16,0,7,0,0,17,0,17,17,30,52,17,30,52,0,26,26,26,26,1,1,1,1
1619331458.80770,1.00042,99,255,4,142,1231,2000,BFP,231,1619331439,0,1,1,18,0,5,0,0,17,0,17,17,30,52,17,30,52,0,26,26,26,26,1,1,1,1
1619331459.53683,1.00039,32,255,2,147,1121,2000,PIOC,121,1619331440,0,1,1,18,0,4,9,1001,17,0,17,17,30,52,17,30,52,0,26,26,26,26,1,1,1,1
1619331459.58270,1.00023,23,255,1,147,1111,2000,PIOC,111,1619331439,0,1,1,19,0,4,5,101,17,0,17,17,30,52,17,30,52,0,26,26,26,26,1,1,1,1
1619331459.59456,1.00043,11,255,3,152,1131,2000,PIOC,131,1619331441,0,1,1,17,0,7,0,0,17,0,17,17,30,52,17,30,52,0,26,26,26,26,1,1,1,1
1619331459.80826,1.00056,99,255,4,142,1231,2000,BFP,231,1619331439,0,1,1,19,0,5,0,0,17,0,17,17,30,52,17,30,52,0,26,26,26,26,1,1,1,1
1619331460.53762,1.00079,32,255,2,147,1121,2000,PIOC,121,1619331440,0,1,1,19,0,4,9,1001,17,0,17,17,30,52,17,30,52,0,26,26,26,26,1,1,1,1
1619331460.58350,1.00080,23,255,1,147,1111,2000,PIOC,111,1619331439,0,1,1,20,0,4,5,101,17,0,17,17,30,52,17,30,52,0,26,26,26,26,1,1,1,1
1619331460.59514,1.00058,11,255,3,152,1131,2000,PIOC,131,1619331441,0,1,1,18,0,7,0,0,17,0,17,17,30,52,17,30,52,0,26,26,26,26,1,1,1,1
1619331460.80929,1.00103,99,255,4,142,1231,2000,BFP,231,1619331439,0,1,1,20,0,5,0,0,17,0,17,17,30,52,17,30,52,0,26,26,26,26,1,1,1,1
1619331461.53804,1.00042,32,255,2,147,1121,2000,PIOC,121,1619331440,0,1,1,20,0,4,9,1001,17,0,17,17,30,52,17,30,52,0,26,26,26,26,1,1,1,1
1619331461.58400,1.00050,23,255,1,147,1111,2000,PIOC,111,1619331439,0,1,1,21,0,4,5,101,17,0,17,17,30,52,17,30,52,0,26,26,26,26,1,1,1,1
1619331461.59579,1.00065,11,255,3,152,1131,2000,PIOC,131,1619331441,0,1,1,19,0,7,0,0,17,0,17,17,30,52,17,30,52,0,26,26,26,26,1,1,1,1
1619331461.81047,1.00118,99,255,4,142,1231,2000,BFP,231,1619331439,0,1,1,21,0,5,0,0,17,0,17,17,30,52,17,30,52,0,26,26,26,26,1,1,1,1
1619331462.53754,0.99950,32,255,2,147,1121,2000,PIOC,121,1619331440,0,1,1,21,0,4,9,1001,17,0,17,17,30,52,17,30,52,0,26,26,26,26,1,1,1,1
1619331462.58469,1.00069,23,255,1,147,1111,2000,PIOC,111,1619331439,0,1,1,22,0,4,5,101,17,0,17,17,30,52,17,30,52,0,26,26,26,26,1,1,1,1
1619331462.59623,1.00044,11,255,3,152,1131,2000,PIOC,131,1619331441,0,1,1,20,0,7,0,0,17,0,17,17,30,52,17,30,52,0,26,26,26,26,1,1,1,1
1619331462.81095,1.00048,99,255,4,142,1231,2000,BFP,231,1619331439,0,1,1,22,0,5,0,0,17,0,17,17,30,52,17,30,52,0,26,26,26,26,1,1,1,1
1619331463.53769,1.00015,32,255,2,147,1121,2000,PIOC,121,1619331440,0,1,1,22,0,4,9,1001,17,0,17,17,30,52,17,30,52,0,26,26,26,26,1,1,1,1
1619331463.58503,1.00034,23,255,1,147,1111,2000,PIOC,111,1619331439,0,1,1,23,0,4,5,101,17,0,17,17,30,52,17,30,52,0,26,26,26,26,1,1,1,1
1619331463.59688,1.00065,11,255,3,152,1131,2000,PIOC,131,1619331441,0,1,1,21,0,7,0,0,17,0,17,17,30,52,17,30,52,0,26,26,26,26,1,1,1,1
1619331463.81333,1.00238,99,255,4,142,1231,2000,BFP,231,1619331439,0,1,1,23,0,5,0,0,17,0,17,17,30,52,17,30,52,0,26,26,26,26,1,1,1,1
1619331464.53751,0.99982,32,255,2,147,1121,2000,PIOC,121,1619331440,0,1,1,23,0,4,9,1001,17,0,17,17,30,52,17,30,52,0,26,26,26,26,1,1,1,1
1619331464.58538,1.00035,23,255,1,147,1111,2000,PIOC,111,1619331439,0,1,1,24,0,4,5,101,17,0,17,17,30,52,17,30,52,0,26,26,26,26,1,1,1,1
1619331464.59802,1.00114,11,255,3,152,1131,2000,PIOC,131,1619331441,0,1,1,22,0,7,0,0,17,0,17,17,30,52,17,30,52,0,26,26,26,26,1,1,1,1
1619331464.81385,1.00052,99,255,4,142,1231,2000,BFP,231,1619331439,0,1,1,24,0,5,0,0,17,0,17,17,30,52,17,30,52,0,26,26,26,26,1,1,1,1
1619331465.53716,0.99965,32,255,2,147,1121,2000,PIOC,121,1619331440,0,1,1,24,0,4,9,1001,17,0,17,17,30,52,17,30,52,0,26,26,26,26,1,1,1,1
1619331465.58577,1.00039,23,255,1,147,1111,2000,PIOC,111,1619331439,0,1,1,25,0,4,5,101,17,0,17,17,30,52,17,30,52,0,26,26,26,26,1,1,1,1
1619331465.59876,1.00074,11,255,3,152,1131,2000,PIOC,131,1619331441,0,1,1,23,0,7,0,0,17,0,17,17,30,52,17,30,52,0,26,26,26,26,1,1,1,1
1619331465.81430,1.00045,99,255,4,142,1231,2000,BFP,231,1619331439,0,1,1,25,0,5,0,0,17,0,17,17,30,52,17,30,52,0,26,26,26,26,1,1,1,1
1619331466.53752,1.00036,32,255,2,147,1121,2000,PIOC,121,1619331440,0,1,1,25,0,4,9,1001,17,0,17,17,30,52,17,30,52,0,26,26,26,26,1,1,1,1
1619331466.58655,1.00078,23,255,1,147,1111,2000,PIOC,111,1619331439,0,1,1,26,0,4,5,101,17,0,17,17,30,52,17,30,52,0,26,26,26,26,1,1,1,1
1619331466.59923,1.00047,11,255,3,152,1131,2000,PIOC,131,1619331441,0,1,1,24,0,7,0,0,17,0,17,17,30,52,17,30,52,0,26,26,26,26,1,1,1,1
1619331466.81459,1.00029,99,255,4,142,1231,2000,BFP,231,1619331439,0,1,1,26,0,5,0,0,17,0,17,17,30,52,17,30,52,0,26,26,26,26,1,1,1,1
1619331467.53803,1.00051,32,255,2,147,1121,2000,PIOC,121,1619331440,0,1,1,26,0,4,9,1001,17,0,17,17,30,52,17,30,52,0,26,26,26,26,1,1,1,1
1619331467.58680,1.00025,23,255,1,147,1111,2000,PIOC,111,1619331439,0,1,1,27,0,4,5,101,17,0,17,17,30,52,17,30,52,0,26,26,26,26,1,1,1,1
1619331467.59962,1.00039,11,255,3,152,1131,2000,PIOC,131,1619331441,0,1,1,25,0,7,0,0,17,0,17,17,30,52,17,30,52,0,26,26,26,26,1,1,1,1
1619331467.81543,1.00084,99,255,4,142,1231,2000,BFP,231,1619331439,0,1,1,27,0,5,0,0,17,0,17,17,30,52,17,30,52,0,26,26,26,26,1,1,1,1
1619331468.53831,1.00028,32,255,2,147,1121,2000,PIOC,121,1619331440,0,1,1,27,0,4,9,1001,17,0,17,17,30,52,17,30,52,0,26,26,26,26,1,1,1,1
1619331468.58738,1.00058,23,255,1,147,1111,2000,PIOC,111,1619331439,0,1,1,28,0,4,5,101,17,0,17,17,30,52,17,30,52,0,26,26,26,26,1,1,1,1
1619331468.60006,1.00044,11,255,3,152,1131,2000,PIOC,131,1619331441,0,1,1,26,0,7,0,0,17,0,17,17,30,52,17,30,52,0,26,26,26,26,1,1,1,1
1619331468.81620,1.00077,99,255,4,142,1231,2000,BFP,231,1619331439,0,1,1,28,0,5,0,0,17,0,17,17,30,52,17,30,52,0,26,26,26,26,1,1,1,1
1619331469.53840,1.00009,32,255,2,147,1121,2000,PIOC,121,1619331440,0,1,1,28,0,4,9,1001,17,0,17,17,30,52,17,30,52,0,26,26,26,26,1,1,1,1
1619331469.58789,1.00051,23,255,1,147,1111,2000,PIOC,111,1619331439,0,1,1,29,0,4,5,101,17,0,17,17,30,52,17,30,52,0,26,26,26,26,1,1,1,1
1619331469.60121,1.00115,11,255,3,152,1131,2000,PIOC,131,1619331441,0,1,1,27,0,7,0,0,17,0,17,17,30,52,17,30,52,0,26,26,26,26,1,1,1,1
1619331469.81657,1.00037,99,255,4,142,1231,2000,BFP,231,1619331439,0,1,1,29,0,5,0,0,17,0,17,17,30,52,17,30,52,0,26,26,26,26,1,1,1,1
1619331470.53828,0.99988,32,255,2,147,1121,2000,PIOC,121,1619331440,0,1,1,29,0,4,9,1001,17,0,17,17,30,52,17,30,52,0,26,26,26,26,1,1,1,1
1619331470.58944,1.00155,23,255,1,147,1111,2000,PIOC,111,1619331439,0,1,1,30,0,4,5,101,17,0,17,17,30,52,17,30,52,0,26,26,26,26,1,1,1,1
1619331470.60137,1.00016,11,255,3,152,1131,2000,PIOC,131,1619331441,0,1,1,28,0,7,0,0,17,0,17,17,30,52,17,30,52,0,26,26,26,26,1,1,1,1
1619331470.81693,1.00036,99,255,4,142,1231,2000,BFP,231,1619331439,0,1,1,30,0,5,0,0,17,0,17,17,30,52,17,30,52,0,26,26,26,26,1,1,1,1
1619331471.53850,1.00022,32,255,2,147,1121,2000,PIOC,121,1619331440,0,1,1,30,0,4,9,1001,17,0,17,17,30,52,17,30,52,0,26,26,26,26,1,1,1,1
1619331471.58989,1.00045,23,255,1,147,1111,2000,PIOC,111,1619331439,0,1,1,31,0,4,5,101,17,0,17,17,30,52,17,30,52,0,26,26,26,26,1,1,1,1
1619331471.60176,1.00039,11,255,3,152,1131,2000,PIOC,131,1619331441,0,1,1,29,0,7,0,0,17,0,17,17,30,52,17,30,52,0,26,26,26,26,1,1,1,1
1619331471.81735,1.00042,99,255,4,142,1231,2000,BFP,231,1619331439,0,1,1,31,0,5,0,0,17,0,17,17,30,52,17,30,52,0,26,26,26,26,1,1,1,1
1619331472.53959,1.00109,32,255,2,147,1121,2000,PIOC,121,1619331440,0,1,1,31,0,4,9,1001,17,0,17,17,30,52,17,30,52,0,26,26,26,26,1,1,1,1
1619331472.59041,1.00052,23,255,1,147,1111,2000,PIOC,111,1619331439,0,1,1,32,0,4,5,101,17,0,17,17,30,52,17,30,52,0,26,26,26,26,1,1,1,1
1619331472.60202,1.00026,11,255,3,152,1131,2000,PIOC,131,1619331441,0,1,1,30,0,7,0,0,17,0,17,17,30,52,17,30,52,0,26,26,26,26,1,1,1,1
1619331472.81809,1.00074,99,255,4,142,1231,2000,BFP,231,1619331439,0,1,1,32,0,5,0,0,17,0,17,17,30,52,17,30,52,0,26,26,26,26,1,1,1,1
1619331473.53980,1.00021,32,255,2,147,1121,2000,PIOC,121,1619331440,0,1,1,32,0,4,9,1001,17,0,17,17,30,52,17,30,52,0,26,26,26,26,1,1,1,1
1619331473.59159,1.00118,23,255,1,147,1111,2000,PIOC,111,1619331439,0,1,1,33,0,4,5,101,17,0,17,17,30,52,17,30,52,0,26,26,26,26,1,1,1,1
1619331473.60227,1.00025,11,255,3,152,1131,2000,PIOC,131,1619331441,0,1,1,31,0,7,0,0,17,0,17,17,30,52,17,30,52,0,26,26,26,26,1,1,1,1
1619331473.81850,1.00041,99,255,4,142,1231,2000,BFP,231,1619331439,0,1,1,33,0,5,0,0,17,0,17,17,30,52,17,30,52,0,26,26,26,26,1,1,1,1
1619331474.54028,1.00048,32,255,2,147,1121,2000,PIOC,121,1619331440,0,1,1,33,0,4,9,1001,17,0,17,17,30,52,17,30,52,0,26,26,26,26,1,1,1,1
1619331474.59201,1.00042,23,255,1,147,1111,2000,PIOC,111,1619331439,0,1,1,34,0,4,5,101,17,0,17,17,30,52,17,30,52,0,26,26,26,26,1,1,1,1
1619331474.60328,1.00101,11,255,3,152,1131,2000,PIOC,131,1619331441,0,1,1,32,0,7,0,0,17,0,17,17,30,52,17,30,52,0,26,26,26,26,1,1,1,1
1619331474.81948,1.00098,99,255,4,142,1231,2000,BFP,231,1619331439,0,1,1,34,0,5,0,0,17,0,17,17,30,52,17,30,52,0,26,26,26,26,1,1,1,1
1619331475.54011,0.99983,32,255,2,147,1121,2000,PIOC,121,1619331440,0,1,1,34,0,4,9,1001,17,0,17,17,30,52,17,30,52,0,26,26,26,26,1,1,1,1
1619331475.59229,1.00028,23,255,1,147,1111,2000,PIOC,111,1619331439,0,1,1,35,0,4,5,101,17,0,17,17,30,52,17,30,52,0,26,26,26,26,1,1,1,1
1619331475.60400,1.00072,11,255,3,152,1131,2000,PIOC,131,1619331441,0,1,1,33,0,7,0,0,17,0,17,17,30,52,17,30,52,0,26,26,26,26,1,1,1,1
1619331475.81994,1.00046,99,255,4,142,1231,2000,BFP,231,1619331439,0,1,1,35,0,5,0,0,17,0,17,17,30,52,17,30,52,0,26,26,26,26,1,1,1,1
1619331476.54033,1.00022,32,255,2,147,1121,2000,PIOC,121,1619331440,0,1,1,35,0,4,9,1001,17,0,17,17,30,52,17,30,52,0,26,26,26,26,1,1,1,1
1619331476.59294,1.00065,23,255,1,147,1111,2000,PIOC,111,1619331439,0,1,1,36,0,4,5,101,17,0,17,17,30,52,17,30,52,0,26,26,26,26,1,1,1,1
1619331476.60474,1.00074,11,255,3,152,1131,2000,PIOC,131,1619331441,0,1,1,34,0,7,0,0,17,0,17,17,30,52,17,30,52,0,26,26,26,26,1,1,1,1
1619331476.82036,1.00042,99,255,4,142,1231,2000,BFP,231,1619331439,0,1,1,36,0,5,0,0,17,0,17,17,30,52,17,30,52,0,26,26,26,26,1,1,1,1
1619331477.54027,0.99994,32,255,2,147,1121,2000,PIOC,121,1619331440,0,1,1,36,0,4,9,1001,17,0,17,17,30,52,17,30,52,0,26,26,26,26,1,1,1,1
1619331477.59317,1.00023,23,255,1,147,1111,2000,PIOC,111,1619331439,0,1,1,37,0,4,5,101,17,0,17,17,30,52,17,30,52,0,26,26,26,26,1,1,1,1
1619331477.60583,1.00109,11,255,3,152,1131,2000,PIOC,131,1619331441,0,1,1,35,0,7,0,0,17,0,17,17,30,52,17,30,52,0,26,26,26,26,1,1,1,1
1619331477.82066,1.00030,99,255,4,142,1231,2000,BFP,231,1619331439,0,1,1,37,0,5,0,0,17,0,17,17,30,52,17,30,52,0,26,26,26,26,1,1,1,1
1619331478.54020,0.99993,32,255,2,147,1121,2000,PIOC,121,1619331440,0,1,1,37,0,4,9,1001,17,0,17,17,30,52,17,30,52,0,26,26,26,26,1,1,1,1
1619331478.59374,1.00057,23,255,1,147,1111,2000,PIOC,111,1619331439,0,1,1,38,0,4,5,101,17,0,17,17,30,52,17,30,52,0,26,26,26,26,1,1,1,1
1619331478.60743,1.00160,11,255,3,152,1131,2000,PIOC,131,1619331441,0,1,1,36,0,7,0,0,17,0,17,17,30,52,17,30,52,0,26,26,26,26,1,1,1,1
1619331478.82112,1.00046,99,255,4,142,1231,2000,BFP,231,1619331439,0,1,1,38,0,5,0,0,17,0,17,17,30,52,17,30,52,0,26,26,26,26,1,1,1,1
1619331479.54012,0.99992,32,255,2,147,1121,2000,PIOC,121,1619331440,0,1,1,38,0,4,9,1001,17,0,17,17,30,52,17,30,52,0,26,26,26,26,1,1,1,1
1619331479.59493,1.00119,23,255,1,147,1111,2000,PIOC,111,1619331439,0,1,1,39,0,4,5,101,17,0,17,17,30,52,17,30,52,0,26,26,26,26,1,1,1,1
1619331479.60833,1.00090,11,255,3,152,1131,2000,PIOC,131,1619331441,0,1,1,37,0,7,0,0,17,0,17,17,30,52,17,30,52,0,26,26,26,26,1,1,1,1
1619331479.82207,1.00095,99,255,4,142,1231,2000,BFP,231,1619331439,0,1,1,39,0,5,0,0,17,0,17,17,30,52,17,30,52,0,26,26,26,26,1,1,1,1
1619331480.54043,1.00031,32,255,2,147,1121,2000,PIOC,121,1619331440,0,1,1,39,0,4,9,1001,17,0,17,17,30,52,17,30,52,0,26,26,26,26,1,1,1,1
1619331480.59512,1.00019,23,255,1,147,1111,2000,PIOC,111,1619331439,0,1,1,40,0,4,5,101,17,0,17,17,30,52,17,30,52,0,26,26,26,26,1,1,1,1
1619331480.60870,1.00037,11,255,3,152,1131,2000,PIOC,131,1619331441,0,1,1,38,0,7,0,0,17,0,17,17,30,52,17,30,52,0,26,26,26,26,1,1,1,1
1619331480.82241,1.00034,99,255,4,142,1231,2000,BFP,231,1619331439,0,1,1,40,0,5,0,0,17,0,17,17,30,52,17,30,52,0,26,26,26,26,1,1,1,1
1619331481.54032,0.99989,32,255,2,147,1121,2000,PIOC,121,1619331440,0,1,1,40,0,4,9,1001,17,0,17,17,30,52,17,30,52,0,26,26,26,26,1,1,1,1
1619331481.59641,1.00129,23,255,1,147,1111,2000,PIOC,111,1619331439,0,1,1,41,0,4,5,101,17,0,17,17,30,52,17,30,52,0,26,26,26,26,1,1,1,1
1619331481.60993,1.00123,11,255,3,152,1131,2000,PIOC,131,1619331441,0,1,1,39,0,7,0,0,17,0,17,17,30,52,17,30,52,0,26,26,26,26,1,1,1,1
1619331481.82277,1.00036,99,255,4,142,1231,2000,BFP,231,1619331439,0,1,1,41,0,5,0,0,17,0,17,17,30,52,17,30,52,0,26,26,26,26,1,1,1,1
1619331482.54022,0.99990,32,255,2,147,1121,2000,PIOC,121,1619331440,0,1,1,41,0,4,9,1001,17,0,17,17,30,52,17,30,52,0,26,26,26,26,1,1,1,1
1619331482.59592,0.99951,23,255,1,147,1111,2000,PIOC,111,1619331439,0,1,1,42,0,4,5,101,17,0,17,17,30,52,17,30,52,0,26,26,26,26,1,1,1,1
1619331482.60951,0.99958,11,255,3,152,1131,2000,PIOC,131,1619331441,0,1,1,40,0,7,0,0,17,0,17,17,30,52,17,30,52,0,26,26,26,26,1,1,1,1
1619331482.82292,1.00015,99,255,4,142,1231,2000,BFP,231,1619331439,0,1,1,42,0,5,0,0,17,0,17,17,30,52,17,30,52,0,26,26,26,26,1,1,1,1
1619331483.54089,1.00067,32,255,2,147,1121,2000,PIOC,121,1619331440,0,1,1,42,0,4,9,1001,17,0,17,17,30,52,17,30,52,0,26,26,26,26,1,1,1,1
1619331483.59609,1.00017,23,255,1,147,1111,2000,PIOC,111,1619331439,0,1,1,43,0,4,5,101,17,0,17,17,30,52,17,30,52,0,26,26,26,26,1,1,1,1
1619331483.61087,1.00136,11,255,3,152,1131,2000,PIOC,131,1619331441,0,1,1,41,0,7,0,0,17,0,17,17,30,52,17,30,52,0,26,26,26,26,1,1,1,1
1619331483.82345,1.00053,99,255,4,142,1231,2000,BFP,231,1619331439,0,1,1,43,0,5,0,0,17,0,17,17,30,52,17,30,52,0,26,26,26,26,1,1,1,1
1619331484.54091,1.00002,32,255,2,147,1121,2000,PIOC,121,1619331440,0,1,1,43,0,4,9,1001,17,0,17,17,30,52,17,30,52,0,26,26,26,26,1,1,1,1
1619331484.59658,1.00049,23,255,1,147,1111,2000,PIOC,111,1619331439,0,1,1,44,0,4,5,101,17,0,17,17,30,52,17,30,52,0,26,26,26,26,1,1,1,1
1619331484.61139,1.00052,11,255,3,152,1131,2000,PIOC,131,1619331441,0,1,1,42,0,7,0,0,17,0,17,17,30,52,17,30,52,0,26,26,26,26,1,1,1,1
1619331484.82404,1.00059,99,255,4,142,1231,2000,BFP,231,1619331439,0,1,1,44,0,5,0,0,17,0,17,17,30,52,17,30,52,0,26,26,26,26,1,1,1,1
1619331485.54115,1.00024,32,255,2,147,1121,2000,PIOC,121,1619331440,0,1,1,44,0,4,9,1001,17,0,17,17,30,52,17,30,52,0,26,26,26,26,1,1,1,1
1619331485.59694,1.00036,23,255,1,147,1111,2000,PIOC,111,1619331439,0,1,1,45,0,4,5,101,17,0,17,17,30,52,17,30,52,0,26,26,26,26,1,1,1,1
1619331485.61248,1.00109,11,255,3,152,1131,2000,PIOC,131,1619331441,0,1,1,43,0,7,0,0,17,0,17,17,30,52,17,30,52,0,26,26,26,26,1,1,1,1
1619331485.82435,1.00031,99,255,4,142,1231,2000,BFP,231,1619331439,0,1,1,45,0,5,0,0,17,0,17,17,30,52,17,30,52,0,26,26,26,26,1,1,1,1
1619331486.54125,1.00010,32,255,2,147,1121,2000,PIOC,121,1619331440,0,1,1,45,0,4,9,1001,17,0,17,17,30,52,17,30,52,0,26,26,26,26,1,1,1,1
1619331486.59759,1.00065,23,255,1,147,1111,2000,PIOC,111,1619331439,0,1,1,46,0,4,5,101,17,0,17,17,30,52,17,30,52,0,26,26,26,26,1,1,1,1
1619331486.61309,1.00061,11,255,3,152,1131,2000,PIOC,131,1619331441,0,1,1,44,0,7,0,0,17,0,17,17,30,52,17,30,52,0,26,26,26,26,1,1,1,1
1619331486.82503,1.00068,99,255,4,142,1231,2000,BFP,231,1619331439,0,1,1,46,0,5,0,0,17,0,17,17,30,52,17,30,52,0,26,26,26,26,1,1,1,1
1619331487.54196,1.00071,32,255,2,147,1121,2000,PIOC,121,1619331440,0,1,1,46,0,4,9,1001,17,0,17,17,30,52,17,30,52,0,26,26,26,26,1,1,1,1
1619331487.59803,1.00044,23,255,1,147,1111,2000,PIOC,111,1619331439,0,1,1,47,0,4,5,101,17,0,17,17,30,52,17,30,52,0,26,26,26,26,1,1,1,1
1619331487.61333,1.00024,11,255,3,152,1131,2000,PIOC,131,1619331441,0,1,1,45,0,7,0,0,17,0,17,17,30,52,17,30,52,0,26,26,26,26,1,1,1,1
1619331487.82552,1.00049,99,255,4,142,1231,2000,BFP,231,1619331439,0,1,1,47,0,5,0,0,17,0,17,17,30,52,17,30,52,0,26,26,26,26,1,1,1,1
1619331488.54296,1.00100,32,255,2,147,1121,2000,PIOC,121,1619331440,0,1,1,47,0,4,9,1001,17,0,17,17,30,52,17,30,52,0,26,26,26,26,1,1,1,1
1619331488.59887,1.00084,23,255,1,147,1111,2000,PIOC,111,1619331439,0,1,1,48,0,4,5,101,17,0,17,17,30,52,17,30,52,0,26,26,26,26,1,1,1,1
1619331488.61430,1.00097,11,255,3,152,1131,2000,PIOC,131,1619331441,0,1,1,46,0,7,0,0,17,0,17,17,30,52,17,30,52,0,26,26,26,26,1,1,1,1
1619331488.82598,1.00046,99,255,4,142,1231,2000,BFP,231,1619331439,0,1,1,48,0,5,0,0,17,0,17,17,30,52,17,30,52,0,26,26,26,26,1,1,1,1
1619331489.54164,0.99868,32,255,2,147,1121,2000,PIOC,121,1619331440,0,1,1,48,0,4,9,1001,17,0,17,17,30,52,17,30,52,0,26,26,26,26,1,1,1,1
1619331489.59936,1.00049,23,255,1,147,1111,2000,PIOC,111,1619331439,0,1,1,49,0,4,5,101,17,0,17,17,30,52,17,30,52,0,26,26,26,26,1,1,1,1
1619331489.61571,1.00141,11,255,3,152,1131,2000,PIOC,131,1619331441,0,1,1,47,0,7,0,0,17,0,17,17,30,52,17,30,52,0,26,26,26,26,1,1,1,1
1619331489.82668,1.00070,99,255,4,142,1231,2000,BFP,231,1619331439,0,1,1,49,0,5,0,0,17,0,17,17,30,52,17,30,52,0,26,26,26,26,1,1,1,1
1619331490.54194,1.00030,32,255,2,147,1121,2000,PIOC,121,1619331440,0,1,1,49,0,4,9,1001,17,0,17,17,30,52,17,30,52,0,26,26,26,26,1,1,1,1
1619331490.59967,1.00031,23,255,1,147,1111,2000,PIOC,111,1619331439,0,1,1,50,0,4,5,101,17,0,17,17,30,52,17,30,52,0,26,26,26,26,1,1,1,1
1619331490.61550,0.99979,11,255,3,152,1131,2000,PIOC,131,1619331441,0,1,1,48,0,7,0,0,17,0,17,17,30,52,17,30,52,0,26,26,26,26,1,1,1,1
1619331490.82698,1.00030,99,255,4,142,1231,2000,BFP,231,1619331439,0,1,1,50,0,5,0,0,17,0,17,17,30,52,17,30,52,0,26,26,26,26,1,1,1,1
1619331491.54199,1.00005,32,255,2,147,1121,2000,PIOC,121,1619331440,0,1,1,50,0,4,9,1001,17,0,17,17,30,52,17,30,52,0,26,26,26,26,1,1,1,1
1619331491.60007,1.00040,23,255,1,147,1111,2000,PIOC,111,1619331439,0,1,1,51,0,4,5,101,17,0,17,17,30,52,17,30,52,0,26,26,26,26,1,1,1,1
1619331491.61660,1.00110,11,255,3,152,1131,2000,PIOC,131,1619331441,0,1,1,49,0,7,0,0,17,0,17,17,30,52,17,30,52,0,26,26,26,26,1,1,1,1
1619331491.82734,1.00036,99,255,4,142,1231,2000,BFP,231,1619331439,0,1,1,51,0,5,0,0,17,0,17,17,30,52,17,30,52,0,26,26,26,26,1,1,1,1
1619331492.54169,0.99970,32,255,2,147,1121,2000,PIOC,121,1619331440,0,1,1,51,0,4,9,1001,17,0,17,17,30,52,17,30,52,0,26,26,26,26,1,1,1,1
1619331492.60088,1.00081,23,255,1,147,1111,2000,PIOC,111,1619331439,0,1,1,52,0,4,5,101,17,0,17,17,30,52,17,30,52,0,26,26,26,26,1,1,1,1
1619331492.61699,1.00039,11,255,3,152,1131,2000,PIOC,131,1619331441,0,1,1,50,0,7,0,0,17,0,17,17,30,52,17,30,52,0,26,26,26,26,1,1,1,1
1619331492.82768,1.00034,99,255,4,142,1231,2000,BFP,231,1619331439,0,1,1,52,0,5,0,0,17,0,17,17,30,52,17,30,52,0,26,26,26,26,1,1,1,1
1619331493.54162,0.99993,32,255,2,147,1121,2000,PIOC,121,1619331440,0,1,1,52,0,4,9,1001,17,0,17,17,30,52,17,30,52,0,26,26,26,26,1,1,1,1
1619331493.60251,1.00163,23,255,1,147,1111,2000,PIOC,111,1619331439,0,1,1,53,0,4,5,101,17,0,17,17,30,52,17,30,52,0,26,26,26,26,1,1,1,1
1619331493.61726,1.00027,11,255,3,152,1131,2000,PIOC,131,1619331441,0,1,1,51,0,7,0,0,17,0,17,17,30,52,17,30,52,0,26,26,26,26,1,1,1,1
1619331493.82808,1.00040,99,255,4,142,1231,2000,BFP,231,1619331439,0,1,1,53,0,5,0,0,17,0,17,17,30,52,17,30,52,0,26,26,26,26,1,1,1,1
1619331494.54155,0.99993,32,255,2,147,1121,2000,PIOC,121,1619331440,0,1,1,53,0,4,9,1001,17,0,17,17,30,52,17,30,52,0,26,26,26,26,1,1,1,1
1619331494.60310,1.00059,23,255,1,147,1111,2000,PIOC,111,1619331439,0,1,1,54,0,4,5,101,17,0,17,17,30,52,17,30,52,0,26,26,26,26,1,1,1,1
1619331494.61770,1.00044,11,255,3,152,1131,2000,PIOC,131,1619331441,0,1,1,52,0,7,0,0,17,0,17,17,30,52,17,30,52,0,26,26,26,26,1,1,1,1
1619331494.82863,1.00055,99,255,4,142,1231,2000,BFP,231,1619331439,0,1,1,54,0,5,0,0,17,0,17,17,30,52,17,30,52,0,26,26,26,26,1,1,1,1
1619331495.54164,1.00009,32,255,2,147,1121,2000,PIOC,121,1619331440,0,1,1,54,0,4,9,1001,17,0,17,17,30,52,17,30,52,0,26,26,26,26,1,1,1,1
1619331495.60406,1.00096,23,255,1,147,1111,2000,PIOC,111,1619331439,0,1,1,55,0,4,5,101,17,0,17,17,30,52,17,30,52,0,26,26,26,26,1,1,1,1
1619331495.61858,1.00088,11,255,3,152,1131,2000,PIOC,131,1619331441,0,1,1,53,0,7,0,0,17,0,17,17,30,52,17,30,52,0,26,26,26,26,1,1,1,1
1619331495.82940,1.00077,99,255,4,142,1231,2000,BFP,231,1619331439,0,1,1,55,0,5,0,0,17,0,17,17,30,52,17,30,52,0,26,26,26,26,1,1,1,1
1619331496.54140,0.99976,32,255,2,147,1121,2000,PIOC,121,1619331440,0,1,1,55,0,4,9,1001,17,0,17,17,30,52,17,30,52,0,26,26,26,26,1,1,1,1
1619331496.60431,1.00025,23,255,1,147,1111,2000,PIOC,111,1619331439,0,1,1,56,0,4,5,101,17,0,17,17,30,52,17,30,52,0,26,26,26,26,1,1,1,1
1619331496.61894,1.00036,11,255,3,152,1131,2000,PIOC,131,1619331441,0,1,1,54,0,7,0,0,17,0,17,17,30,52,17,30,52,0,26,26,26,26,1,1,1,1
1619331496.82984,1.00044,99,255,4,142,1231,2000,BFP,231,1619331439,0,1,1,56,0,5,0,0,17,0,17,17,30,52,17,30,52,0,26,26,26,26,1,1,1,1
1619331497.54134,0.99994,32,255,2,147,1121,2000,PIOC,121,1619331440,0,1,1,56,0,4,9,1001,17,0,17,17,30,52,17,30,52,0,26,26,26,26,1,1,1,1
1619331497.60486,1.00055,23,255,1,147,1111,2000,PIOC,111,1619331439,0,1,1,57,0,4,5,101,17,0,17,17,30,52,17,30,52,0,26,26,26,26,1,1,1,1
1619331497.61941,1.00047,11,255,3,152,1131,2000,PIOC,131,1619331441,0,1,1,55,0,7,0,0,17,0,17,17,30,52,17,30,52,0,26,26,26,26,1,1,1,1
1619331497.83018,1.00034,99,255,4,142,1231,2000,BFP,231,1619331439,0,1,1,57,0,5,0,0,17,0,17,17,30,52,17,30,52,0,26,26,26,26,1,1,1,1
1619331498.54183,1.00049,32,255,2,147,1121,2000,PIOC,121,1619331440,0,1,1,57,0,4,9,1001,17,0,17,17,30,52,17,30,52,0,26,26,26,26,1,1,1,1
1619331498.60516,1.00030,23,255,1,147,1111,2000,PIOC,111,1619331439,0,1,1,58,0,4,5,101,17,0,17,17,30,52,17,30,52,0,26,26,26,26,1,1,1,1
1619331498.62035,1.00094,11,255,3,152,1131,2000,PIOC,131,1619331441,0,1,1,56,0,7,0,0,17,0,17,17,30,52,17,30,52,0,26,26,26,26,1,1,1,1
1619331498.83066,1.00048,99,255,4,142,1231,2000,BFP,231,1619331439,0,1,1,58,0,5,0,0,17,0,17,17,30,52,17,30,52,0,26,26,26,26,1,1,1,1
1619331499.54223,1.00040,32,255,2,147,1121,2000,PIOC,121,1619331440,0,1,1,58,0,4,9,1001,17,0,17,17,30,52,17,30,52,0,26,26,26,26,1,1,1,1
1619331499.60623,1.00107,23,255,1,147,1111,2000,PIOC,111,1619331439,0,1,1,59,0,4,5,101,17,0,17,17,30,52,17,30,52,0,26,26,26,26,1,1,1,1
1619331499.62068,1.00033,11,255,3,152,1131,2000,PIOC,131,1619331441,0,1,1,57,0,7,0,0,17,0,17,17,30,52,17,30,52,0,26,26,26,26,1,1,1,1
1619331499.83109,1.00043,99,255,4,142,1231,2000,BFP,231,1619331439,0,1,1,59,0,5,0,0,17,0,17,17,30,52,17,30,52,0,26,26,26,26,1,1,1,1
1619331500.54251,1.00028,32,255,2,147,1121,2000,PIOC,121,1619331440,0,1,1,59,0,4,9,1001,17,0,17,17,30,52,17,30,52,0,26,26,26,26,1,1,1,1
1619331500.60640,1.00017,23,255,1,147,1111,2000,PIOC,111,1619331439,0,1,1,60,0,4,5,101,17,0,17,17,30,52,17,30,52,0,26,26,26,26,1,1,1,1
1619331500.62159,1.00091,11,255,3,152,1131,2000,PIOC,131,1619331441,0,1,1,58,0,7,0,0,17,0,17,17,30,52,17,30,52,0,26,26,26,26,1,1,1,1
1619331500.83142,1.00033,99,255,4,142,1231,2000,BFP,231,1619331439,0,1,1,60,0,5,0,0,17,0,17,17,30,52,17,30,52,0,26,26,26,26,1,1,1,1
1619331501.54235,0.99984,32,255,2,147,1121,2000,PIOC,121,1619331440,0,1,1,60,0,4,9,1001,17,0,17,17,30,52,17,30,52,0,26,26,26,26,1,1,1,1
1619331501.60726,1.00086,23,255,1,147,1111,2000,PIOC,111,1619331439,0,1,1,61,0,4,5,101,17,0,17,17,30,52,17,30,52,0,26,26,26,26,1,1,1,1
1619331501.62192,1.00033,11,255,3,152,1131,2000,PIOC,131,1619331441,0,1,1,59,0,7,0,0,17,0,17,17,30,52,17,30,52,0,26,26,26,26,1,1,1,1
1619331501.83218,1.00076,99,255,4,142,1231,2000,BFP,231,1619331439,0,1,1,61,0,5,0,0,17,0,17,17,30,52,17,30,52,0,26,26,26,26,1,1,1,1
1619331502.54222,0.99987,32,255,2,147,1121,2000,PIOC,121,1619331440,0,1,1,61,0,4,9,1001,17,0,17,17,30,52,17,30,52,0,26,26,26,26,1,1,1,1
1619331502.60880,1.00154,23,255,1,147,1111,2000,PIOC,111,1619331439,0,1,1,62,0,4,5,101,17,0,17,17,30,52,17,30,52,0,26,26,26,26,1,1,1,1
1619331502.62239,1.00047,11,255,3,152,1131,2000,PIOC,131,1619331441,0,1,1,60,0,7,0,0,17,0,17,17,30,52,17,30,52,0,26,26,26,26,1,1,1,1
1619331502.83226,1.00008,99,255,4,142,1231,2000,BFP,231,1619331439,0,1,1,62,0,5,0,0,17,0,17,17,30,52,17,30,52,0,26,26,26,26,1,1,1,1
1619331503.54188,0.99966,32,255,2,147,1121,2000,PIOC,121,1619331440,0,1,1,62,0,4,9,1001,17,0,17,17,30,52,17,30,52,0,26,26,26,26,1,1,1,1
1619331503.60908,1.00028,23,255,1,147,1111,2000,PIOC,111,1619331439,0,1,1,63,0,4,5,101,17,0,17,17,30,52,17,30,52,0,26,26,26,26,1,1,1,1
1619331503.62273,1.00034,11,255,3,152,1131,2000,PIOC,131,1619331441,0,1,1,61,0,7,0,0,17,0,17,17,30,52,17,30,52,0,26,26,26,26,1,1,1,1
1619331503.83260,1.00034,99,255,4,142,1231,2000,BFP,231,1619331439,0,1,1,63,0,5,0,0,17,0,17,17,30,52,17,30,52,0,26,26,26,26,1,1,1,1
1619331504.54173,0.99985,32,255,2,147,1121,2000,PIOC,121,1619331440,0,1,1,63,0,4,9,1001,17,0,17,17,30,52,17,30,52,0,26,26,26,26,1,1,1,1
1619331504.60965,1.00057,23,255,1,147,1111,2000,PIOC,111,1619331439,0,1,1,64,0,4,5,101,17,0,17,17,30,52,17,30,52,0,26,26,26,26,1,1,1,1
1619331504.62380,1.00107,11,255,3,152,1131,2000,PIOC,131,1619331441,0,1,1,62,0,7,0,0,17,0,17,17,30,52,17,30,52,0,26,26,26,26,1,1,1,1
1619331504.83356,1.00096,99,255,4,142,1231,2000,BFP,231,1619331439,0,1,1,64,0,5,0,0,17,0,17,17,30,52,17,30,52,0,26,26,26,26,1,1,1,1
1619331505.54218,1.00045,32,255,2,147,1121,2000,PIOC,121,1619331440,0,1,1,64,0,4,9,1001,17,0,17,17,30,52,17,30,52,0,26,26,26,26,1,1,1,1
1619331505.61048,1.00083,23,255,1,147,1111,2000,PIOC,111,1619331439,0,1,1,65,0,4,5,101,17,0,17,17,30,52,17,30,52,0,26,26,26,26,1,1,1,1
1619331505.62507,1.00127,11,255,3,152,1131,2000,PIOC,131,1619331441,0,1,1,63,0,7,0,0,17,0,17,17,30,52,17,30,52,0,26,26,26,26,1,1,1,1
1619331505.83399,1.00043,99,255,4,142,1231,2000,BFP,231,1619331439,0,1,1,65,0,5,0,0,17,0,17,17,30,52,17,30,47,0,26,26,26,26,1,1,1,1
1619331506.54257,1.00039,32,255,2,147,1121,2000,PIOC,121,1619331440,0,1,1,65,0,4,9,1001,17,0,18,17,30,52,18,30,6,0,26,26,10,10,1,1,1,1
1619331506.61084,1.00036,23,255,1,147,1111,2000,PIOC,111,1619331439,0,1,1,66,0,4,5,101,17,0,18,17,30,52,18,30,6,0,26,26,10,10,1,1,1,1
1619331506.62554,1.00047,11,255,3,152,1131,2000,PIOC,131,1619331441,0,1,1,64,0,7,0,0,17,0,18,17,30,52,18,30,6,0,26,26,10,10,1,1,1,1
1619331506.83425,1.00026,99,255,4,142,1231,2000,BFP,231,1619331439,0,1,1,66,0,5,0,0,17,0,18,17,30,52,18,32,0,0,26,26,8,8,1,1,1,1
1619331507.54303,1.00046,32,255,2,147,1121,2000,PIOC,121,1619331440,0,1,1,66,0,4,9,1001,17,0,720,17,30,52,720,1247,0,0,26,26,0,0,1,1,1,1
1619331507.61128,1.00044,23,255,1,147,1111,2000,PIOC,111,1619331439,0,1,1,67,0,4,5,101,17,0,720,17,30,52,720,1247,0,0,26,26,0,0,1,1,1,1
1619331507.62593,1.00039,11,255,3,152,1131,2000,PIOC,131,1619331441,0,1,1,65,0,7,0,0,17,0,720,17,30,52,720,1247,0,0,26,26,0,0,1,1,1,1
1619331507.83475,1.00050,99,255,4,142,1231,2000,BFP,231,1619331439,0,1,1,67,0,5,0,0,17,0,720,17,30,52,720,1247,0,0,26,26,0,0,1,1,1,1
1619331508.54290,0.99987,32,255,2,147,1121,2000,PIOC,121,1619331440,0,1,1,67,0,4,9,1001,17,0,1349,17,30,52,1349,2337,0,0,26,26,0,0,1,1,1,1
1619331508.54799,0.00509,32,255,2,147,1121,2000,PIOC,121,1619331508,1,-67,2,0,0,4,9,1001,17,0,1349,17,30,52,1349,2337,0,0,26,26,0,0,1,1,1,1
1619331508.55651,0.00852,32,255,2,147,1121,2000,PIOC,121,1619331508,0,1,2,1,0,4,9,1001,17,0,1349,17,30,52,1349,2337,0,0,26,26,0,0,1,1,1,1
1619331508.57299,0.01648,32,255,2,147,1121,2000,PIOC,121,1619331508,0,1,2,2,0,4,9,1001,17,0,1349,17,30,52,1349,2337,0,0,26,26,0,0,1,1,1,1
1619331508.60937,0.03638,32,255,2,147,1121,2000,PIOC,121,1619331508,0,1,2,3,0,4,9,1001,17,0,1391,17,30,52,1391,2410,0,0,26,26,0,0,1,1,1,1
1619331508.61227,1.00099,23,255,1,147,1111,2000,PIOC,111,1619331439,0,1,1,68,0,4,5,101,17,0,1391,17,30,52,1391,2410,0,0,26,26,0,0,1,1,1,1
1619331508.62687,1.00094,11,255,3,152,1131,2000,PIOC,131,1619331441,0,1,1,66,0,7,0,0,17,0,1391,17,30,52,1391,2410,0,0,26,26,0,0,1,1,1,1
1619331508.67375,0.06438,32,255,2,147,1121,2000,PIOC,121,1619331508,0,1,2,4,0,4,9,1001,17,0,1391,17,30,52,1391,2410,0,0,26,26,0,0,1,1,1,1
1619331508.80216,0.12841,32,255,2,147,1121,2000,PIOC,121,1619331508,0,1,2,5,0,4,9,1001,17,0,1497,17,30,52,1497,2593,0,0,26,26,0,0,1,1,1,1
1619331508.83573,1.00098,99,255,4,142,1231,2000,BFP,231,1619331439,0,1,1,68,0,5,0,0,17,0,1541,17,30,52,1541,2669,0,0,26,26,0,0,1,1,1,1
1619331509.05954,0.25738,32,255,2,147,1121,2000,PIOC,121,1619331508,0,1,2,6,0,4,9,1001,17,0,1907,17,30,52,1907,3303,0,0,26,26,0,0,1,1,1,1
1619331509.57260,0.51306,32,255,2,147,1121,2000,PIOC,121,1619331508,0,1,2,7,0,4,9,1001,17,0,2302,17,30,52,2302,3987,0,0,26,26,0,0,1,1,1,1
1619331509.61269,1.00042,23,255,1,147,1111,2000,PIOC,111,1619331439,0,1,1,69,0,4,5,101,17,0,2302,17,30,52,2302,3987,0,0,26,26,0,0,1,1,1,1
1619331509.62787,1.00100,11,255,3,152,1131,2000,PIOC,131,1619331441,0,1,1,67,0,7,0,0,17,0,2302,17,30,52,2302,3987,0,0,26,26,0,0,1,1,1,1
1619331509.83639,1.00066,99,255,4,142,1231,2000,BFP,231,1619331439,0,1,1,69,0,5,0,0,17,0,2319,17,30,52,2319,4016,0,0,26,26,0,0,1,1,1,1
1619331510.57276,1.00016,32,255,2,147,1121,2000,PIOC,121,1619331508,0,1,2,8,0,4,9,1001,17,0,2629,17,30,52,2629,4554,0,0,26,26,0,0,1,1,1,1
1619331510.61304,1.00035,23,255,1,147,1111,2000,PIOC,111,1619331439,0,1,1,70,0,4,5,101,17,0,2629,17,30,52,2629,4554,0,0,26,26,0,0,1,1,1,1
1619331510.62863,1.00076,11,255,3,152,1131,2000,PIOC,131,1619331441,0,1,1,68,0,7,0,0,17,0,2629,17,30,52,2629,4554,0,0,26,26,0,0,1,1,1,1
1619331510.83722,1.00083,99,255,4,142,1231,2000,BFP,231,1619331439,0,1,1,70,0,5,0,0,17,0,2628,17,30,52,2628,4552,0,0,26,26,0,0,1,1,1,1
1619331511.57247,0.99971,32,255,2,147,1121,2000,PIOC,121,1619331508,0,1,2,9,0,4,9,1001,17,0,2514,17,30,52,2514,4355,0,0,26,26,0,0,1,1,1,1
1619331511.61342,1.00038,23,255,1,147,1111,2000,PIOC,111,1619331439,0,1,1,71,0,4,5,101,17,0,2514,17,30,52,2514,4355,0,0,26,26,0,0,1,1,1,1
1619331511.62918,1.00055,11,255,3,152,1131,2000,PIOC,131,1619331441,0,1,1,69,0,7,0,0,17,0,2409,17,30,52,2454,4251,0,0,26,26,0,0,1,1,1,1
1619331511.83773,1.00051,99,255,4,142,1231,2000,BFP,231,1619331439,0,1,1,71,0,5,0,0,17,0,2257,17,30,52,2257,3909,0,0,26,26,0,0,1,1,1,1
1619331512.57281,1.00034,32,255,2,147,1121,2000,PIOC,121,1619331508,0,1,2,10,0,4,9,1001,17,0,1564,17,30,52,1564,2709,0,0,26,26,0,0,1,1,1,1
1619331512.61395,1.00053,23,255,1,147,1111,2000,PIOC,111,1619331439,0,1,1,72,0,4,5,101,17,0,1526,17,30,52,1526,2644,0,0,26,26,0,0,1,1,1,1
1619331512.63003,1.00085,11,255,3,152,1131,2000,PIOC,131,1619331441,0,1,1,70,0,7,0,0,17,0,1526,17,30,52,1526,2644,0,0,26,26,0,0,1,1,1,1
1619331512.83814,1.00041,99,255,4,142,1231,2000,BFP,231,1619331439,0,1,1,72,0,5,0,0,17,0,1526,17,30,52,1526,2644,0,0,26,26,0,0,1,1,1,1
1619331513.57321,1.00040,32,255,2,147,1121,2000,PIOC,121,1619331508,0,1,2,11,0,4,9,1001,17,0,680,17,30,52,680,1178,0,0,26,26,0,0,1,1,1,1
1619331513.61427,1.00032,23,255,1,147,1111,2000,PIOC,111,1619331439,0,1,1,73,0,4,5,101,17,0,680,17,30,52,680,1178,0,0,26,26,0,0,1,1,1,1
1619331513.63045,1.00042,11,255,3,152,1131,2000,PIOC,131,1619331441,0,1,1,71,0,7,0,0,17,0,666,17,30,52,666,1155,0,0,26,26,0,0,1,1,1,1
1619331513.83837,1.00023,99,255,4,142,1231,2000,BFP,231,1619331439,0,1,1,73,0,5,0,0,17,0,411,17,30,52,411,711,0,0,26,26,0,0,1,1,1,1
1619331514.57327,1.00006,32,255,2,147,1121,2000,PIOC,121,1619331508,0,1,2,12,0,4,9,1001,17,0,199,17,30,52,199,344,0,0,26,26,0,0,1,1,1,1
1619331514.61522,1.00095,23,255,1,147,1111,2000,PIOC,111,1619331439,0,1,1,74,0,4,5,101,17,0,205,17,30,52,205,355,0,0,26,26,0,0,1,1,1,1
1619331514.63107,1.00062,11,255,3,152,1131,2000,PIOC,131,1619331441,0,1,1,72,0,7,0,0,17,0,205,17,30,52,205,355,0,0,26,26,0,0,1,1,1,1
1619331514.83875,1.00038,99,255,4,142,1231,2000,BFP,231,1619331439,0,1,1,74,0,5,0,0,17,0,324,17,30,52,324,562,0,0,26,26,0,0,1,1,1,1
1619331515.57362,1.00035,32,255,2,147,1121,2000,PIOC,121,1619331508,0,1,2,13,0,4,9,1001,17,0,722,17,30,52,722,1251,0,0,26,26,0,0,1,1,1,1
1619331515.61572,1.00050,23,255,1,147,1111,2000,PIOC,111,1619331439,0,1,1,75,0,4,5,101,17,0,1267,17,30,52,1267,2195,0,0,26,26,0,0,1,1,1,1
1619331515.63221,1.00114,11,255,3,152,1131,2000,PIOC,131,1619331441,0,1,1,73,0,7,0,0,17,0,1267,17,30,52,1267,2195,0,0,26,26,0,0,1,1,1,1
1619331515.83919,1.00044,99,255,4,142,1231,2000,BFP,231,1619331439,0,1,1,75,0,5,0,0,17,0,1306,17,30,52,1306,2263,0,0,26,26,0,0,1,1,1,1
1619331516.57403,1.00041,32,255,2,147,1121,2000,PIOC,121,1619331508,0,1,2,14,0,4,9,1001,17,0,1802,17,30,52,1802,3121,0,0,26,26,0,0,1,1,1,1
1619331516.61610,1.00038,23,255,1,147,1111,2000,PIOC,111,1619331439,0,1,1,76,0,4,5,101,17,0,1985,17,30,52,1985,3437,0,0,26,26,0,0,1,1,1,1
1619331516.63519,1.00298,11,255,3,152,1131,2000,PIOC,131,1619331441,0,1,1,74,0,7,0,0,17,0,1985,17,30,52,1985,3437,0,0,26,26,0,0,1,1,1,1
1619331516.83959,1.00040,99,255,4,142,1231,2000,BFP,231,1619331439,0,1,1,76,0,5,0,0,17,0,2167,17,30,52,2167,3754,0,0,26,26,0,0,1,1,1,1
1619331517.57445,1.00042,32,255,2,147,1121,2000,PIOC,121,1619331508,0,1,2,15,0,4,9,1001,17,0,2258,17,30,52,2258,3911,0,0,26,26,0,0,1,1,1,1
1619331517.61646,1.00036,23,255,1,147,1111,2000,PIOC,111,1619331439,0,1,1,77,0,4,5,101,17,0,2098,17,30,52,2098,3634,0,0,26,26,0,0,1,1,1,1
1619331517.63897,1.00378,11,255,3,152,1131,2000,PIOC,131,1619331441,0,1,1,75,0,7,0,0,17,0,2098,17,30,52,2098,3634,0,0,26,26,0,0,1,1,1,1
1619331517.84002,1.00043,99,255,4,142,1231,2000,BFP,231,1619331439,0,1,1,77,0,5,0,0,17,0,1748,17,30,52,1748,3028,0,0,26,26,0,0,1,1,1,1
1619331518.57412,0.99967,32,255,2,147,1121,2000,PIOC,121,1619331508,0,1,2,16,0,4,9,1001,17,0,408,17,30,52,408,706,0,0,26,26,0,0,1,1,1,1
1619331518.61716,1.00070,23,255,1,147,1111,2000,PIOC,111,1619331439,0,1,1,78,0,4,5,101,17,0,369,17,30,52,369,638,0,0,26,26,0,0,1,1,1,1
1619331518.63989,1.00092,11,255,3,152,1131,2000,PIOC,131,1619331441,0,1,1,76,0,7,0,0,17,0,369,17,30,52,369,638,0,0,26,26,0,0,1,1,1,1
1619331518.84031,1.00029,99,255,4,142,1231,2000,BFP,231,1619331439,0,1,1,78,0,5,0,0,17,0,708,17,30,52,708,1227,0,0,26,26,0,0,1,1,1,1
1619331519.57420,1.00008,32,255,2,147,1121,2000,PIOC,121,1619331508,0,1,2,17,0,4,9,1001,17,0,2013,17,30,52,2013,3488,0,0,26,26,0,0,1,1,1,1
1619331519.61813,1.00097,23,255,1,147,1111,2000,PIOC,111,1619331439,0,1,1,79,0,4,5,101,17,0,2013,17,30,52,2013,3488,0,0,26,26,0,0,1,1,1,1
1619331519.64046,1.00057,11,255,3,152,1131,2000,PIOC,131,1619331441,0,1,1,77,0,7,0,0,17,0,2013,17,30,52,2013,3488,0,0,26,26,0,0,1,1,1,1
1619331519.84248,1.00217,99,255,4,142,1231,2000,BFP,231,1619331439,0,1,1,79,0,5,0,0,17,0,2227,17,30,52,2227,3857,0,0,26,26,0,0,1,1,1,1
1619331520.57452,1.00032,32,255,2,147,1121,2000,PIOC,121,1619331508,0,1,2,18,0,4,9,1001,17,0,2147,17,30,52,2147,3719,0,0,26,26,0,0,1,1,1,1
1619331520.61850,1.00037,23,255,1,147,1111,2000,PIOC,111,1619331439,0,1,1,80,0,4,5,101,17,0,2147,17,30,52,2147,3719,0,0,26,26,0,0,1,1,1,1
1619331520.64098,1.00052,11,255,3,152,1131,2000,PIOC,131,1619331441,0,1,1,78,0,7,0,0,17,0,2147,17,30,52,2147,3719,0,0,26,26,0,0,1,1,1,1
1619331520.84202,0.99954,99,255,4,142,1231,2000,BFP,231,1619331439,0,1,1,80,0,5,0,0,17,0,1806,17,30,52,1806,3129,0,0,26,26,0,0,1,1,1,1
1619331521.57431,0.99979,32,255,2,147,1121,2000,PIOC,121,1619331508,0,1,2,19,0,4,9,1001,17,0,724,17,30,52,724,1253,0,0,26,26,0,0,1,1,1,1
1619331521.61881,1.00031,23,255,1,147,1111,2000,PIOC,111,1619331439,0,1,1,81,0,4,5,101,17,0,724,17,30,52,724,1253,0,0,26,26,0,0,1,1,1,1
1619331521.64124,1.00026,11,255,3,152,1131,2000,PIOC,131,1619331441,0,1,1,79,0,7,0,0,17,0,724,17,30,52,724,1253,0,0,26,26,0,0,1,1,1,1
1619331521.84231,1.00029,99,255,4,142,1231,2000,BFP,231,1619331439,0,1,1,81,0,5,0,0,17,0,514,17,30,52,514,890,0,0,26,26,0,0,1,1,1,1
1619331522.57485,1.00054,32,255,2,147,1121,2000,PIOC,121,1619331508,0,1,2,20,0,4,9,1001,17,0,1253,17,30,52,1253,2170,0,0,26,26,0,0,1,1,1,1
1619331522.61941,1.00060,23,255,1,147,1111,2000,PIOC,111,1619331439,0,1,1,82,0,4,5,101,17,0,1253,17,30,52,1253,2170,0,0,26,26,0,0,1,1,1,1
1619331522.64217,1.00093,11,255,3,152,1131,2000,PIOC,131,1619331441,0,1,1,80,0,7,0,0,17,0,1253,17,30,52,1253,2170,0,0,26,26,0,0,1,1,1,1
1619331522.84337,1.00106,99,255,4,142,1231,2000,BFP,231,1619331439,0,1,1,82,0,5,0,0,17,0,1699,17,30,52,1644,2847,0,0,26,26,0,0,1,1,1,1
1619331523.57489,1.00004,32,255,2,147,1121,2000,PIOC,121,1619331508,0,1,2,21,0,4,9,1001,17,0,2068,17,30,52,2068,3582,0,0,26,26,0,0,1,1,1,1
1619331523.62019,1.00078,23,255,1,147,1111,2000,PIOC,111,1619331439,0,1,1,83,0,4,5,101,17,0,2068,17,30,52,2068,3582,0,0,26,26,0,0,1,1,1,1
1619331523.64235,1.00018,11,255,3,152,1131,2000,PIOC,131,1619331441,0,1,1,81,0,7,0,0,17,0,2068,17,30,52,2068,3582,0,0,26,26,0,0,1,1,1,1
1619331523.84367,1.00030,99,255,4,142,1231,2000,BFP,231,1619331439,0,1,1,83,0,5,0,0,17,0,1812,17,30,52,1812,3140,0,0,26,26,0,0,1,1,1,1
1619331524.57463,0.99974,32,255,2,147,1121,2000,PIOC,121,1619331508,0,1,2,22,0,4,9,1001,17,0,807,17,30,52,807,1397,0,0,26,26,0,0,1,1,1,1
1619331524.62047,1.00028,23,255,1,147,1111,2000,PIOC,111,1619331439,0,1,1,84,0,4,5,101,17,0,807,17,30,52,807,1397,0,0,26,26,0,0,1,1,1,1
1619331524.64298,1.00063,11,255,3,152,1131,2000,PIOC,131,1619331441,0,1,1,82,0,7,0,0,17,0,807,17,30,52,807,1397,0,0,26,26,0,0,1,1,1,1
1619331524.84409,1.00042,99,255,4,142,1231,2000,BFP,231,1619331439,0,1,1,84,0,5,0,0,17,0,638,17,30,52,638,1104,0,0,26,26,0,0,1,1,1,1
1619331525.57509,1.00046,32,255,2,147,1121,2000,PIOC,121,1619331508,0,1,2,23,0,4,9,1001,17,0,1577,17,30,52,1577,2732,0,0,26,26,0,0,1,1,1,1
1619331525.62067,1.00020,23,255,1,147,1111,2000,PIOC,111,1619331439,0,1,1,85,0,4,5,101,17,0,1577,17,30,52,1577,2732,0,0,26,26,0,0,1,1,1,1
1619331525.64331,1.00033,11,255,3,152,1131,2000,PIOC,131,1619331441,0,1,1,83,0,7,0,0,17,0,1577,17,30,52,1577,2732,0,0,26,26,0,0,1,1,1,1
1619331525.84526,1.00117,99,255,4,142,1231,2000,BFP,231,1619331439,0,1,1,85,0,5,0,0,17,0,1984,17,30,52,1984,3437,0,0,26,26,0,0,1,1,1,1
1619331526.57507,0.99998,32,255,2,147,1121,2000,PIOC,121,1619331508,0,1,2,24,0,4,9,1001,17,0,1966,17,30,52,1966,3405,0,0,26,26,0,0,1,1,1,1
1619331526.62130,1.00063,23,255,1,147,1111,2000,PIOC,111,1619331439,0,1,1,86,0,4,5,101,17,0,1786,17,30,52,1786,3093,0,0,26,26,0,0,1,1,1,1
1619331526.64348,1.00017,11,255,3,152,1131,2000,PIOC,131,1619331441,0,1,1,84,0,7,0,0,17,0,1786,17,30,52,1786,3093,0,0,26,26,0,0,1,1,1,1
1619331526.84552,1.00026,99,255,4,142,1231,2000,BFP,231,1619331439,0,1,1,86,0,5,0,0,17,0,1503,17,30,52,1503,2603,0,0,26,26,0,0,1,1,1,1
1619331527.57487,0.99980,32,255,2,147,1121,2000,PIOC,121,1619331508,0,1,2,25,0,4,9,1001,17,0,872,17,30,52,872,1510,0,0,26,26,0,0,1,1,1,1
1619331527.62209,1.00079,23,255,1,147,1111,2000,PIOC,111,1619331439,0,1,1,87,0,4,5,101,17,0,791,17,30,52,791,1370,0,0,26,26,0,0,1,1,1,1
1619331527.64455,1.00107,11,255,3,152,1131,2000,PIOC,131,1619331441,0,1,1,85,0,7,0,0,17,0,791,17,30,52,791,1370,0,0,26,26,0,0,1,1,1,1
1619331527.84645,1.00093,99,255,4,142,1231,2000,BFP,231,1619331439,0,1,1,87,0,5,0,0,17,0,744,17,30,52,744,1288,0,0,26,26,0,0,1,1,1,1
1619331528.57531,1.00044,32,255,2,147,1121,2000,PIOC,121,1619331508,0,1,2,26,0,4,9,1001,17,0,1210,17,30,52,1210,2096,0,0,26,26,0,0,1,1,1,1
1619331528.62308,1.00099,23,255,1,147,1111,2000,PIOC,111,1619331439,0,1,1,88,0,4,5,101,17,0,1498,17,30,52,1498,2595,0,0,26,26,0,0,1,1,1,1
1619331528.64561,1.00106,11,255,3,152,1131,2000,PIOC,131,1619331441,0,1,1,86,0,7,0,0,17,0,1498,17,30,52,1498,2595,0,0,26,26,0,0,1,1,1,1
1619331528.84740,1.00095,99,255,4,142,1231,2000,BFP,231,1619331439,0,1,1,88,0,5,0,0,17,0,1498,17,30,52,1498,2595,0,0,26,26,0,0,1,1,1,1
1619331529.57578,1.00047,32,255,2,147,1121,2000,PIOC,121,1619331508,0,1,2,27,0,4,9,1001,17,0,1941,17,30,52,1941,3362,0,0,26,26,0,0,1,1,1,1
1619331529.62358,1.00050,23,255,1,147,1111,2000,PIOC,111,1619331439,0,1,1,89,0,4,5,101,17,0,1941,17,30,52,1941,3361,0,0,26,26,0,0,1,1,1,1
1619331529.64686,1.00125,11,255,3,152,1131,2000,PIOC,131,1619331441,0,1,1,87,0,7,0,0,17,0,1941,17,30,52,1941,3361,0,0,26,26,0,0,1,1,1,1
1619331529.84781,1.00041,99,255,4,142,1231,2000,BFP,231,1619331439,0,1,1,89,0,5,0,0,17,0,1875,17,30,52,1875,3249,0,0,26,26,0,0,1,1,1,1
1619331530.57627,1.00049,32,255,2,147,1121,2000,PIOC,121,1619331508,0,1,2,28,0,4,9,1001,17,0,1190,17,30,52,1190,2061,0,0,26,26,0,0,1,1,1,1
1619331530.62398,1.00040,23,255,1,147,1111,2000,PIOC,111,1619331439,0,1,1,90,0,4,5,101,17,0,1190,17,30,52,1190,2061,0,0,26,26,0,0,1,1,1,1
1619331530.64785,1.00099,11,255,3,152,1131,2000,PIOC,131,1619331441,0,1,1,88,0,7,0,0,17,0,1044,17,30,52,1044,1808,0,0,26,26,0,0,1,1,1,1
1619331530.84807,1.00026,99,255,4,142,1231,2000,BFP,231,1619331439,0,1,1,90,0,5,0,0,17,0,1021,17,30,52,1021,1769,0,0,26,26,0,0,1,1,1,1
1619331531.57765,1.00138,32,255,2,147,1121,2000,PIOC,121,1619331508,0,1,2,29,0,4,9,1001,17,0,954,17,30,52,954,1652,0,0,26,26,0,0,1,1,1,1
1619331531.62447,1.00049,23,255,1,147,1111,2000,PIOC,111,1619331439,0,1,1,91,0,4,5,101,17,0,1019,17,30,52,1019,1765,0,0,26,26,0,0,1,1,1,1
1619331531.64829,1.00044,11,255,3,152,1131,2000,PIOC,131,1619331441,0,1,1,89,0,7,0,0,17,0,1019,17,30,52,1019,1765,0,0,26,26,0,0,1,1,1,1
1619331531.84905,1.00098,99,255,4,142,1231,2000,BFP,231,1619331439,0,1,1,91,0,5,0,0,17,0,1214,17,30,52,1201,2080,0,0,26,26,0,0,1,1,1,1
1619331532.57720,0.99955,32,255,2,147,1121,2000,PIOC,121,1619331508,0,1,2,30,0,4,9,1001,17,0,1816,17,30,52,1816,3146,0,0,26,26,0,0,1,1,1,1
1619331532.62478,1.00031,23,255,1,147,1111,2000,PIOC,111,1619331439,0,1,1,92,0,4,5,101,17,0,1816,17,30,52,1816,3146,0,0,26,26,0,0,1,1,1,1
1619331532.64878,1.00049,11,255,3,152,1131,2000,PIOC,131,1619331441,0,1,1,90,0,7,0,0,17,0,1857,17,30,52,1857,3217,0,0,26,26,0,0,1,1,1,1
1619331532.84924,1.00019,99,255,4,142,1231,2000,BFP,231,1619331439,0,1,1,92,0,5,0,0,17,0,1857,17,30,52,1857,3216,0,0,26,26,0,0,1,1,1,1
1619331533.57665,0.99945,32,255,2,147,1121,2000,PIOC,121,1619331508,0,1,2,31,0,4,9,1001,17,0,1438,17,30,52,1438,2492,0,0,26,26,0,0,1,1,1,1
1619331533.62550,1.00072,23,255,1,147,1111,2000,PIOC,111,1619331439,0,1,1,93,0,4,5,101,17,0,1253,17,30,52,1253,2171,0,0,26,26,0,0,1,1,1,1
1619331533.64897,1.00019,11,255,3,152,1131,2000,PIOC,131,1619331441,0,1,1,91,0,7,0,0,17,0,1253,17,30,52,1253,2171,0,0,26,26,0,0,1,1,1,1
1619331533.84947,1.00023,99,255,4,142,1231,2000,BFP,231,1619331439,0,1,1,93,0,5,0,0,17,0,1082,17,30,52,1082,1874,0,0,26,26,0,0,1,1,1,1
1619331534.57667,1.00002,32,255,2,147,1121,2000,PIOC,121,1619331508,0,1,2,32,0,4,9,1001,17,0,1008,17,30,52,1008,1745,0,0,26,26,0,0,1,1,1,1
1619331534.62656,1.00106,23,255,1,147,1111,2000,PIOC,111,1619331439,0,1,1,94,0,4,5,101,17,0,1080,17,30,52,1080,1870,0,0,26,26,0,0,1,1,1,1
1619331534.65012,1.00115,11,255,3,152,1131,2000,PIOC,131,1619331441,0,1,1,92,0,7,0,0,17,0,1080,17,30,52,1080,1870,0,0,26,26,0,0,1,1,1,1
1619331534.84993,1.00046,99,255,4,142,1231,2000,BFP,231,1619331439,0,1,1,94,0,5,0,0,17,0,1208,17,30,52,1208,2092,0,0,26,26,0,0,1,1,1,1
1619331535.57645,0.99978,32,255,2,147,1121,2000,PIOC,121,1619331508,0,1,2,33,0,4,9,1001,17,0,1700,17,30,52,1700,2944,0,0,26,26,0,0,1,1,1,1
1619331535.62715,1.00059,23,255,1,147,1111,2000,PIOC,111,1619331439,0,1,1,95,0,4,5,101,17,0,1749,17,30,52,1749,3030,0,0,26,26,0,0,1,1,1,1
1619331535.65048,1.00036,11,255,3,152,1131,2000,PIOC,131,1619331441,0,1,1,93,0,7,0,0,17,0,1749,17,30,52,1749,3030,0,0,26,26,0,0,1,1,1,1
1619331535.85050,1.00057,99,255,4,142,1231,2000,BFP,231,1619331439,0,1,1,95,0,5,0,0,17,0,1785,17,30,52,1785,3092,0,0,26,26,0,0,1,1,1,1
1619331536.57672,1.00027,32,255,2,147,1121,2000,PIOC,121,1619331508,0,1,2,34,0,4,9,1001,17,0,1418,17,30,52,1418,2457,0,0,26,26,0,0,1,1,1,1
1619331536.62749,1.00034,23,255,1,147,1111,2000,PIOC,111,1619331439,0,1,1,96,0,4,5,101,17,0,1418,17,30,52,1418,2457,0,0,26,26,0,0,1,1,1,1
1619331536.65109,1.00061,11,255,3,152,1131,2000,PIOC,131,1619331441,0,1,1,94,0,7,0,0,17,0,1418,17,30,52,1418,2457,0,0,26,26,0,0,1,1,1,1
1619331536.85095,1.00045,99,255,4,142,1231,2000,BFP,231,1619331439,0,1,1,96,0,5,0,0,17,0,1216,17,30,52,1216,2106,0,0,26,26,0,0,1,1,1,1
1619331537.57709,1.00037,32,255,2,147,1121,2000,PIOC,121,1619331508,0,1,2,35,0,4,9,1001,17,0,1055,17,30,52,1055,1828,0,0,26,26,0,0,1,1,1,1
1619331537.62798,1.00049,23,255,1,147,1111,2000,PIOC,111,1619331439,0,1,1,97,0,4,5,101,17,0,1055,17,30,52,1055,1828,0,0,26,26,0,0,1,1,1,1
1619331537.65226,1.00117,11,255,3,152,1131,2000,PIOC,131,1619331441,0,1,1,95,0,7,0,0,17,0,1055,17,30,52,1055,1828,0,0,26,26,0,0,1,1,1,1
1619331537.85136,1.00041,99,255,4,142,1231,2000,BFP,231,1619331439,0,1,1,97,0,5,0,0,17,0,1129,17,30,52,1129,1954,0,0,26,26,0,0,1,1,1,1
1619331538.57687,0.99978,32,255,2,147,1121,2000,PIOC,121,1619331508,0,1,2,36,0,4,9,1001,17,0,1583,17,30,52,1583,2742,0,0,26,26,0,0,1,1,1,1
1619331538.62842,1.00044,23,255,1,147,1111,2000,PIOC,111,1619331439,0,1,1,98,0,4,5,101,17,0,1583,17,30,52,1583,2742,0,0,26,26,0,0,1,1,1,1
1619331538.65271,1.00045,11,255,3,152,1131,2000,PIOC,131,1619331441,0,1,1,96,0,7,0,0,17,0,1583,17,30,52,1583,2742,0,0,26,26,0,0,1,1,1,1
1619331538.85182,1.00046,99,255,4,142,1231,2000,BFP,231,1619331439,0,1,1,98,0,5,0,0,17,0,1692,17,30,52,1692,2931,0,0,26,26,0,0,1,1,1,1
1619331539.57675,0.99988,32,255,2,147,1121,2000,PIOC,121,1619331508,0,1,2,37,0,4,9,1001,17,0,1569,17,30,52,1569,2719,0,0,26,26,0,0,1,1,1,1
1619331539.62875,1.00033,23,255,1,147,1111,2000,PIOC,111,1619331439,0,1,1,99,0,4,5,101,17,0,1569,17,30,52,1569,2719,0,0,26,26,0,0,1,1,1,1
1619331539.65311,1.00040,11,255,3,152,1131,2000,PIOC,131,1619331441,0,1,1,97,0,7,0,0,17,0,1569,17,30,52,1569,2719,0,0,26,26,0,0,1,1,1,1
1619331539.85219,1.00037,99,255,4,142,1231,2000,BFP,231,1619331439,0,1,1,99,0,5,0,0,17,0,1406,17,30,52,1406,2435,0,0,26,26,0,0,1,1,1,1
1619331540.57671,0.99996,32,255,2,147,1121,2000,PIOC,121,1619331508,0,1,2,38,0,4,9,1001,17,0,1085,17,30,52,1085,1879,0,0,26,26,0,0,1,1,1,1
1619331540.62934,1.00059,23,255,1,147,1111,2000,PIOC,111,1619331439,0,1,1,100,0,4,5,101,17,0,1085,17,30,52,1085,1879,0,0,26,26,0,0,1,1,1,1
1619331540.65452,1.00141,11,255,3,152,1131,2000,PIOC,131,1619331441,0,1,1,98,0,7,0,0,17,0,1085,17,30,52,1085,1879,0,0,26,26,0,0,1,1,1,1
1619331540.85262,1.00043,99,255,4,142,1231,2000,BFP,231,1619331439,0,1,1,100,0,5,0,0,17,0,1034,17,30,52,1034,1791,0,0,26,26,0,0,1,1,1,1
1619331541.57742,1.00071,32,255,2,147,1121,2000,PIOC,121,1619331508,0,1,2,39,0,4,9,1001,17,0,1168,17,30,52,1168,2023,0,0,26,26,0,0,1,1,1,1
1619331541.62973,1.00039,23,255,1,147,1111,2000,PIOC,111,1619331439,0,1,1,101,0,4,5,101,17,0,1168,17,30,52,1168,2023,0,0,26,26,0,0,1,1,1,1
1619331541.65543,1.00091,11,255,3,152,1131,2000,PIOC,131,1619331441,0,1,1,99,0,7,0,0,17,0,1168,17,30,52,1168,2023,0,0,26,26,0,0,1,1,1,1
1619331541.85353,1.00091,99,255,4,142,1231,2000,BFP,231,1619331439,0,1,1,101,0,5,0,0,17,0,1248,17,30,52,1248,2162,0,0,26,26,0,0,1,1,1,1
1619331542.57761,1.00019,32,255,2,147,1121,2000,PIOC,121,1619331508,0,1,2,40,0,4,9,1001,17,0,1407,17,30,52,1407,2437,0,0,26,26,0,0,1,1,1,1
1619331542.63048,1.00075,23,255,1,147,1111,2000,PIOC,111,1619331439,0,1,1,102,0,4,5,101,17,0,1462,17,30,52,1462,2532,0,0,26,26,0,0,1,1,1,1
1619331542.65582,1.00039,11,255,3,152,1131,2000,PIOC,131,1619331441,0,1,1,100,0,7,0,0,17,0,1462,17,30,52,1462,2532,0,0,26,26,0,0,1,1,1,1
1619331542.85393,1.00040,99,255,4,142,1231,2000,BFP,231,1619331439,0,1,1,102,0,5,0,0,17,0,1548,17,30,52,1548,2681,0,0,26,26,0,0,1,1,1,1
1619331543.57804,1.00043,32,255,2,147,1121,2000,PIOC,121,1619331508,0,1,2,41,0,4,9,1001,17,0,1626,17,30,52,1626,2817,0,0,26,26,0,0,1,1,1,1
1619331543.63176,1.00128,23,255,1,147,1111,2000,PIOC,111,1619331439,0,1,1,103,0,4,5,101,17,0,1626,17,30,52,1626,2817,0,0,26,26,0,0,1,1,1,1
1619331543.65615,1.00033,11,255,3,152,1131,2000,PIOC,131,1619331441,0,1,1,101,0,7,0,0,17,0,1626,17,30,52,1626,2817,0,0,26,26,0,0,1,1,1,1
1619331543.85528,1.00135,99,255,4,142,1231,2000,BFP,231,1619331439,0,1,1,103,0,5,0,0,17,0,1644,17,30,52,1644,2847,0,0,26,26,0,0,1,1,1,1
1619331544.57845,1.00041,32,255,2,147,1121,2000,PIOC,121,1619331508,0,1,2,42,0,4,9,1001,17,0,1672,17,30,52,1672,2897,0,0,26,26,0,0,1,1,1,1
1619331544.63121,0.99945,23,255,1,147,1111,2000,PIOC,111,1619331439,0,1,1,104,0,4,5,101,17,0,1672,17,30,52,1672,2897,0,0,26,26,0,0,1,1,1,1
1619331544.65741,1.00126,11,255,3,152,1131,2000,PIOC,131,1619331441,0,1,1,102,0,7,0,0,17,0,1672,17,30,52,1672,2897,0,0,26,26,0,0,1,1,1,1
1619331544.85617,1.00089,99,255,4,142,1231,2000,BFP,231,1619331439,0,1,1,104,0,5,0,0,17,0,1672,17,30,52,1672,2897,0,0,26,26,0,0,1,1,1,1
1619331545.57854,1.00009,32,255,2,147,1121,2000,PIOC,121,1619331508,0,1,2,43,0,4,9,1001,17,0,1633,17,30,52,1633,2828,0,0,26,26,0,0,1,1,1,1
1619331545.63218,1.00097,23,255,1,147,1111,2000,PIOC,111,1619331439,0,1,1,105,0,4,5,101,17,0,1633,17,30,52,1633,2828,0,0,26,26,0,0,1,1,1,1
1619331545.65760,1.00019,11,255,3,152,1131,2000,PIOC,131,1619331441,0,1,1,103,0,7,0,0,17,0,1633,17,30,52,1633,2828,0,0,26,26,0,0,1,1,1,1
1619331545.85657,1.00040,99,255,4,142,1231,2000,BFP,231,1619331439,0,1,1,105,0,5,0,0,17,0,1519,17,30,52,1519,2631,0,0,26,26,0,0,1,1,1,1
1619331546.57837,0.99983,32,255,2,147,1121,2000,PIOC,121,1619331508,0,1,2,44,0,4,9,1001,17,0,1124,17,30,52,1124,1946,0,0,26,26,0,0,1,1,1,1
1619331546.63249,1.00031,23,255,1,147,1111,2000,PIOC,111,1619331439,0,1,1,106,0,4,5,101,17,0,1124,17,30,52,1124,1946,0,0,26,26,0,0,1,1,1,1
1619331546.65854,1.00094,11,255,3,152,1131,2000,PIOC,131,1619331441,0,1,1,104,0,7,0,0,17,0,1124,17,30,52,1124,1946,0,0,26,26,0,0,1,1,1,1
1619331546.85714,1.00057,99,255,4,142,1231,2000,BFP,231,1619331439,0,1,1,106,0,5,0,0,17,0,1082,17,30,52,1082,1874,0,0,26,26,0,0,1,1,1,1
1619331547.57823,0.99986,32,255,2,147,1121,2000,PIOC,121,1619331508,0,1,2,45,0,4,9,1001,17,0,1396,17,30,52,1396,2419,0,0,26,26,0,0,1,1,1,1
1619331547.63283,1.00034,23,255,1,147,1111,2000,PIOC,111,1619331439,0,1,1,107,0,4,5,101,17,0,1396,17,30,52,1396,2419,0,0,26,26,0,0,1,1,1,1
1619331547.65834,0.99980,11,255,3,152,1131,2000,PIOC,131,1619331441,0,1,1,105,0,7,0,0,17,0,1396,17,30,52,1396,2419,0,0,26,26,0,0,1,1,1,1
1619331547.85781,1.00067,99,255,4,142,1231,2000,BFP,231,1619331439,0,1,1,107,0,5,0,0,17,0,1519,17,30,52,1519,2631,0,0,26,26,0,0,1,1,1,1
1619331548.57815,0.99992,32,255,2,147,1121,2000,PIOC,121,1619331508,0,1,2,46,0,4,9,1001,17,0,1585,17,30,52,1585,2745,0,0,26,26,0,0,1,1,1,1
1619331548.63331,1.00048,23,255,1,147,1111,2000,PIOC,111,1619331439,0,1,1,108,0,4,5,101,17,0,1585,17,30,52,1585,2745,0,0,26,26,0,0,1,1,1,1
1619331548.65962,1.00128,11,255,3,152,1131,2000,PIOC,131,1619331441,0,1,1,106,0,7,0,0,17,0,1585,17,30,52,1585,2745,0,0,26,26,0,0,1,1,1,1
1619331548.85873,1.00092,99,255,4,142,1231,2000,BFP,231,1619331439,0,1,1,108,0,5,0,0,17,0,1455,17,30,52,1455,2521,0,0,26,26,0,0,1,1,1,1
1619331549.57836,1.00021,32,255,2,147,1121,2000,PIOC,121,1619331508,0,1,2,47,0,4,9,1001,17,0,1124,17,30,52,1124,1946,0,0,26,26,0,0,1,1,1,1
1619331549.63352,1.00021,23,255,1,147,1111,2000,PIOC,111,1619331439,0,1,1,109,0,4,5,101,17,0,1124,17,30,52,1124,1946,0,0,26,26,0,0,1,1,1,1
1619331549.66006,1.00044,11,255,3,152,1131,2000,PIOC,131,1619331441,0,1,1,107,0,7,0,0,17,0,1124,17,30,52,1124,1946,0,0,26,26,0,0,1,1,1,1
1619331549.85960,1.00087,99,255,4,142,1231,2000,BFP,231,1619331439,0,1,1,109,0,5,0,0,17,0,1205,17,30,52,1205,2087,0,0,26,26,0,0,1,1,1,1
1619331550.57823,0.99987,32,255,2,147,1121,2000,PIOC,121,1619331508,0,1,2,48,0,4,9,1001,17,0,1494,17,30,52,1494,2588,0,0,26,26,0,0,1,1,1,1
1619331550.63378,1.00026,23,255,1,147,1111,2000,PIOC,111,1619331439,0,1,1,110,0,4,5,101,17,0,1494,17,30,52,1494,2588,0,0,26,26,0,0,1,1,1,1
1619331550.66118,1.00112,11,255,3,152,1131,2000,PIOC,131,1619331441,0,1,1,108,0,7,0,0,17,0,1494,17,30,52,1494,2588,0,0,26,26,0,0,1,1,1,1
1619331550.86030,1.00070,99,255,4,142,1231,2000,BFP,231,1619331439,0,1,1,110,0,5,0,0,17,0,1568,17,30,52,1568,2715,0,0,26,26,0,0,1,1,1,1
1619331551.57895,1.00072,32,255,2,147,1121,2000,PIOC,121,1619331508,0,1,2,49,0,4,9,1001,17,0,1558,17,30,52,1558,2699,0,0,26,26,0,0,1,1,1,1
1619331551.63434,1.00056,23,255,1,147,1111,2000,PIOC,111,1619331439,0,1,1,111,0,4,5,101,17,0,1558,17,30,52,1558,2699,0,0,26,26,0,0,1,1,1,1
1619331551.66222,1.00104,11,255,3,152,1131,2000,PIOC,131,1619331441,0,1,1,109,0,7,0,0,17,0,1486,17,30,52,1486,2575,0,0,26,26,0,0,1,1,1,1
1619331551.86084,1.00054,99,255,4,142,1231,2000,BFP,231,1619331439,0,1,1,111,0,5,0,0,17,0,1379,17,30,52,1379,2389,0,0,26,26,0,0,1,1,1,1
1619331552.57961,1.00066,32,255,2,147,1121,2000,PIOC,121,1619331508,0,1,2,50,0,4,9,1001,17,0,1187,17,30,52,1187,2056,0,0,26,26,0,0,1,1,1,1
1619331552.63480,1.00046,23,255,1,147,1111,2000,PIOC,111,1619331439,0,1,1,112,0,4,5,101,17,0,1187,17,30,52,1187,2056,0,0,26,26,0,0,1,1,1,1
1619331552.66222,1.00000,11,255,3,152,1131,2000,PIOC,131,1619331441,0,1,1,110,0,7,0,0,17,0,1159,17,30,52,1159,2007,0,0,26,26,0,0,1,1,1,1
1619331552.86164,1.00080,99,255,4,142,1231,2000,BFP,231,1619331439,0,1,1,112,0,5,0,0,17,0,1161,17,30,52,1161,2010,0,0,26,26,0,0,1,1,1,1
1619331553.57908,0.99947,32,255,2,147,1121,2000,PIOC,121,1619331508,0,1,2,51,0,4,9,1001,17,0,1411,17,30,52,1411,2444,0,0,26,26,0,0,1,1,1,1
1619331553.63519,1.00039,23,255,1,147,1111,2000,PIOC,111,1619331439,0,1,1,113,0,4,5,101,17,0,1411,17,30,52,1411,2444,0,0,26,26,0,0,1,1,1,1
1619331553.66270,1.00048,11,255,3,152,1131,2000,PIOC,131,1619331441,0,1,1,111,0,7,0,0,17,0,1480,17,30,52,1480,2563,0,0,26,26,0,0,1,1,1,1
1619331553.86187,1.00023,99,255,4,142,1231,2000,BFP,231,1619331439,0,1,1,113,0,5,0,0,17,0,1538,17,30,52,1538,2664,0,0,26,26,0,0,1,1,1,1
1619331554.57970,1.00062,32,255,2,147,1121,2000,PIOC,121,1619331508,0,1,2,52,0,4,9,1001,17,0,1468,17,30,52,1468,2542,0,0,26,26,0,0,1,1,1,1
1619331554.63623,1.00104,23,255,1,147,1111,2000,PIOC,111,1619331439,0,1,1,114,0,4,5,101,17,0,1412,17,30,52,1412,2445,0,0,26,26,0,0,1,1,1,1
1619331554.66467,1.00197,11,255,3,152,1131,2000,PIOC,131,1619331441,0,1,1,112,0,7,0,0,17,0,1412,17,30,52,1412,2445,0,0,26,26,0,0,1,1,1,1
1619331554.86215,1.00028,99,255,4,142,1231,2000,BFP,231,1619331439,0,1,1,114,0,5,0,0,17,0,1371,17,30,52,1371,2375,0,0,26,26,0,0,1,1,1,1
1619331555.57983,1.00013,32,255,2,147,1121,2000,PIOC,121,1619331508,0,1,2,53,0,4,9,1001,17,0,1196,17,30,52,1196,2071,0,0,26,26,0,0,1,1,1,1
1619331555.63831,1.00208,23,255,1,147,1111,2000,PIOC,111,1619331439,0,1,1,115,0,4,5,101,17,0,1189,17,30,52,1189,2059,0,0,26,26,0,0,1,1,1,1
1619331555.66376,0.99909,11,255,3,152,1131,2000,PIOC,131,1619331441,0,1,1,113,0,7,0,0,17,0,1189,17,30,52,1189,2059,0,0,26,26,0,0,1,1,1,1
1619331555.86247,1.00032,99,255,4,142,1231,2000,BFP,231,1619331439,0,1,1,115,0,5,0,0,17,0,1193,17,30,52,1193,2065,0,0,26,26,0,0,1,1,1,1
1619331556.58103,1.00120,32,255,2,147,1121,2000,PIOC,121,1619331508,0,1,2,54,0,4,9,1001,17,0,1379,17,30,52,1379,2388,0,0,26,26,0,0,1,1,1,1
1619331556.63882,1.00051,23,255,1,147,1111,2000,PIOC,111,1619331439,0,1,1,116,0,4,5,101,17,0,1438,17,30,52,1438,2491,0,0,26,26,0,0,1,1,1,1
1619331556.66420,1.00044,11,255,3,152,1131,2000,PIOC,131,1619331441,0,1,1,114,0,7,0,0,17,0,1438,17,30,52,1438,2491,0,0,26,26,0,0,1,1,1,1
1619331556.86424,1.00177,99,255,4,142,1231,2000,BFP,231,1619331439,0,1,1,116,0,5,0,0,17,0,1512,17,30,52,1512,2620,0,0,26,26,0,0,1,1,1,1
1619331557.58028,0.99925,32,255,2,147,1121,2000,PIOC,121,1619331508,0,1,2,55,0,4,9,1001,17,0,1506,17,30,52,1506,2609,0,0,26,26,0,0,1,1,1,1
1619331557.63915,1.00033,23,255,1,147,1111,2000,PIOC,111,1619331439,0,1,1,117,0,4,5,101,17,0,1452,17,30,52,1452,2515,0,0,26,26,0,0,1,1,1,1
1619331557.66456,1.00036,11,255,3,152,1131,2000,PIOC,131,1619331441,0,1,1,115,0,7,0,0,17,0,1452,17,30,52,1452,2515,0,0,26,26,0,0,1,1,1,1
1619331557.86576,1.00152,99,255,4,142,1231,2000,BFP,231,1619331439,0,1,1,117,0,5,0,0,17,0,1368,17,30,52,1368,2370,0,0,26,26,0,0,1,1,1,1
1619331558.57991,0.99963,32,255,2,147,1121,2000,PIOC,121,1619331508,0,1,2,56,0,4,9,1001,17,0,1214,17,30,52,1214,2103,0,0,26,26,0,0,1,1,1,1
1619331558.63951,1.00036,23,255,1,147,1111,2000,PIOC,111,1619331439,0,1,1,118,0,4,5,101,17,0,1214,17,30,52,1214,2103,0,0,26,26,0,0,1,1,1,1
1619331558.66514,1.00058,11,255,3,152,1131,2000,PIOC,131,1619331441,0,1,1,116,0,7,0,0,17,0,1214,17,30,52,1214,2103,0,0,26,26,0,0,1,1,1,1
1619331558.86733,1.00157,99,255,4,142,1231,2000,BFP,231,1619331439,0,1,1,118,0,5,0,0,17,0,1240,17,30,52,1240,2147,0,0,26,26,0,0,1,1,1,1
1619331559.57965,0.99974,32,255,2,147,1121,2000,PIOC,121,1619331508,0,1,2,57,0,4,9,1001,17,0,1429,17,30,52,1429,2475,0,0,26,26,0,0,1,1,1,1
1619331559.64050,1.00099,23,255,1,147,1111,2000,PIOC,111,1619331439,0,1,1,119,0,4,5,101,17,0,1429,17,30,52,1429,2475,0,0,26,26,0,0,1,1,1,1
1619331559.66550,1.00036,11,255,3,152,1131,2000,PIOC,131,1619331441,0,1,1,117,0,7,0,0,17,0,1429,17,30,52,1429,2475,0,0,26,26,0,0,1,1,1,1
1619331559.86685,0.99952,99,255,4,142,1231,2000,BFP,231,1619331439,0,1,1,119,0,5,0,0,17,0,1487,17,30,52,1487,2575,0,0,26,26,0,0,1,1,1,1
1619331560.58322,1.00357,32,255,2,147,1121,2000,PIOC,121,1619331508,0,1,2,58,0,4,9,1001,17,0,1442,17,30,52,1442,2498,0,0,26,26,0,0,1,1,1,1
1619331560.64138,1.00088,23,255,1,147,1111,2000,PIOC,111,1619331439,0,1,1,120,0,4,5,101,17,0,1442,17,30,52,1442,2498,0,0,26,26,0,0,1,1,1,1
1619331560.66574,1.00024,11,255,3,152,1131,2000,PIOC,131,1619331441,0,1,1,118,0,7,0,0,17,0,1442,17,30,52,1442,2498,0,0,26,26,0,0,1,1,1,1
1619331560.86767,1.00082,99,255,4,142,1231,2000,BFP,231,1619331439,0,1,1,120,0,5,0,0,17,0,1432,17,30,52,1432,2480,0,0,26,26,0,0,1,1,1,1
1619331561.58312,0.99990,32,255,2,147,1121,2000,PIOC,121,1619331508,0,1,2,59,0,4,9,1001,17,0,1303,17,30,52,1303,2256,0,0,26,26,0,0,1,1,1,1
1619331561.64170,1.00032,23,255,1,147,1111,2000,PIOC,111,1619331439,0,1,1,121,0,4,5,101,17,0,1303,17,30,52,1303,2256,0,0,26,26,0,0,1,1,1,1
1619331561.66636,1.00062,11,255,3,152,1131,2000,PIOC,131,1619331441,0,1,1,119,0,7,0,0,17,0,1303,17,30,52,1303,2256,0,0,26,26,0,0,1,1,1,1
1619331561.86811,1.00044,99,255,4,142,1231,2000,BFP,231,1619331439,0,1,1,121,0,5,0,0,17,0,1279,17,30,52,1279,2214,0,0,26,26,0,0,1,1,1,1
1619331562.58354,1.00042,32,255,2,147,1121,2000,PIOC,121,1619331508,0,1,2,60,0,4,9,1001,17,0,1258,17,30,52,1258,2178,0,0,26,26,0,0,1,1,1,1
1619331562.64271,1.00101,23,255,1,147,1111,2000,PIOC,111,1619331439,0,1,1,122,0,4,5,101,17,0,1258,17,30,52,1258,2178,0,0,26,26,0,0,1,1,1,1
1619331562.66650,1.00014,11,255,3,152,1131,2000,PIOC,131,1619331441,0,1,1,120,0,7,0,0,17,0,1258,17,30,52,1258,2178,0,0,26,26,0,0,1,1,1,1
1619331562.86946,1.00135,99,255,4,142,1231,2000,BFP,231,1619331439,0,1,1,122,0,5,0,0,17,0,1295,17,30,52,1295,2242,0,0,26,26,0,0,1,1,1,1
1619331563.58393,1.00039,32,255,2,147,1121,2000,PIOC,121,1619331508,0,1,2,61,0,4,9,1001,17,0,1442,17,30,52,1442,2499,0,0,26,26,0,0,1,1,1,1
1619331563.64292,1.00021,23,255,1,147,1111,2000,PIOC,111,1619331439,0,1,1,123,0,4,5,101,17,0,1442,17,30,52,1442,2499,0,0,26,26,0,0,1,1,1,1
1619331563.66754,1.00104,11,255,3,152,1131,2000,PIOC,131,1619331441,0,1,1,121,0,7,0,0,17,0,1473,17,30,52,1473,2551,0,0,26,26,0,0,1,1,1,1
1619331563.86999,1.00053,99,255,4,142,1231,2000,BFP,231,1619331439,0,1,1,123,0,5,0,0,17,0,1485,17,30,52,1485,2573,0,0,26,26,0,0,1,1,1,1
1619331564.58432,1.00039,32,255,2,147,1121,2000,PIOC,121,1619331508,0,1,2,62,0,4,9,1001,17,0,1420,17,30,52,1420,2460,0,0,26,26,0,0,1,1,1,1
1619331564.64391,1.00099,23,255,1,147,1111,2000,PIOC,111,1619331439,0,1,1,124,0,4,5,101,17,0,1420,17,30,52,1420,2460,0,0,26,26,0,0,1,1,1,1
1619331564.66833,1.00079,11,255,3,152,1131,2000,PIOC,131,1619331441,0,1,1,122,0,7,0,0,17,0,1369,17,30,52,1369,2371,0,0,26,26,0,0,1,1,1,1
1619331564.87032,1.00033,99,255,4,142,1231,2000,BFP,231,1619331439,0,1,1,124,0,5,0,0,17,0,1364,17,30,52,1364,2362,0,0,26,26,0,0,1,1,1,1
1619331565.58482,1.00050,32,255,2,147,1121,2000,PIOC,121,1619331508,0,1,2,63,0,4,9,1001,17,0,1269,17,30,52,1269,2197,0,0,26,26,0,0,1,1,1,1
1619331565.64421,1.00030,23,255,1,147,1111,2000,PIOC,111,1619331439,0,1,1,125,0,4,5,101,17,0,1255,17,30,52,1255,2173,0,0,26,26,0,0,1,1,1,1
1619331565.66873,1.00040,11,255,3,152,1131,2000,PIOC,131,1619331441,0,1,1,123,0,7,0,0,17,0,1255,17,30,52,1255,2173,0,0,26,26,0,0,1,1,1,1
1619331565.87073,1.00041,99,255,4,142,1231,2000,BFP,231,1619331439,0,1,1,125,0,5,0,0,17,0,1255,17,30,52,1255,2173,0,0,26,26,0,0,1,1,1,1
1619331566.58515,1.00033,32,255,2,147,1121,2000,PIOC,121,1619331508,0,1,2,64,0,4,9,1001,17,0,1321,17,30,52,1321,2288,0,0,26,26,0,0,1,1,1,1
1619331566.64472,1.00051,23,255,1,147,1111,2000,PIOC,111,1619331439,0,1,1,126,0,4,5,101,17,0,1366,17,30,52,1366,2366,0,0,26,26,0,0,1,1,1,1
1619331566.66908,1.00035,11,255,3,152,1131,2000,PIOC,131,1619331441,0,1,1,124,0,7,0,0,17,0,1366,17,30,52,1366,2366,0,0,26,26,0,0,1,1,1,1
1619331566.87126,1.00053,99,255,4,142,1231,2000,BFP,231,1619331439,0,1,1,126,0,5,0,0,17,0,1371,17,30,52,1371,2375,0,0,26,26,0,0,1,1,1,1
1619331567.58498,0.99983,32,255,2,147,1121,2000,PIOC,121,1619331508,0,1,2,65,0,4,9,1001,17,0,1453,17,30,52,1453,2517,0,0,26,26,0,0,1,1,1,1
1619331567.64509,1.00037,23,255,1,147,1111,2000,PIOC,111,1619331439,0,1,1,127,0,4,5,101,17,0,1457,17,30,52,1457,2524,0,0,26,26,0,0,1,1,1,1
1619331567.66954,1.00046,11,255,3,152,1131,2000,PIOC,131,1619331441,0,1,1,125,0,7,0,0,17,0,1457,17,30,52,1457,2524,0,0,26,26,0,0,1,1,1,1
1619331567.87297,1.00171,99,255,4,142,1231,2000,BFP,231,1619331439,0,1,1,127,0,5,0,0,17,0,1468,17,30,52,1468,2543,0,0,26,26,0,0,1,1,1,1
1619331568.58496,0.99998,32,255,2,147,1121,2000,PIOC,121,1619331508,0,1,2,66,0,4,9,1001,17,0,1418,17,30,52,1418,2456,0,0,26,26,0,0,1,1,1,1
1619331568.64589,1.00080,23,255,1,148,1111,2000,PIOC,111,1619331439,0,1,1,128,0,4,5,101,17,0,1418,17,30,52,1418,2456,0,0,26,26,0,0,1,1,1,1
1619331568.67033,1.00079,11,255,3,152,1131,2000,PIOC,131,1619331441,0,1,1,126,0,7,0,0,17,0,1418,17,30,52,1418,2456,0,0,26,26,0,0,1,1,1,1
1619331568.87327,1.00030,99,255,4,143,1231,2000,BFP,231,1619331439,0,1,1,128,0,5,0,0,17,0,1368,17,30,52,1368,2369,0,0,26,26,0,0,1,1,1,1
1619331569.58471,0.99975,32,255,2,147,1121,2000,PIOC,121,1619331508,0,1,2,67,0,4,9,1001,17,0,1283,17,30,52,1283,2222,0,0,26,26,0,0,1,1,1,1
1619331569.64677,1.00088,23,255,1,148,1111,2000,PIOC,111,1619331439,0,1,1,129,0,4,5,101,17,0,1271,17,30,52,1271,2201,0,0,26,26,0,0,1,1,1,1
1619331569.67083,1.00050,11,255,3,152,1131,2000,PIOC,131,1619331441,0,1,1,127,0,7,0,0,17,0,1271,17,30,52,1271,2201,0,0,26,26,0,0,1,1,1,1
1619331569.87377,1.00050,99,255,4,143,1231,2000,BFP,231,1619331439,0,1,1,129,0,5,0,0,17,0,1271,17,30,52,1271,2202,0,0,26,26,0,0,1,1,1,1
1619331570.58531,1.00060,32,255,2,147,1121,2000,PIOC,121,1619331508,0,1,2,68,0,4,9,1001,17,0,1322,17,30,52,1322,2290,0,0,26,26,0,0,1,1,1,1
1619331570.64687,1.00010,23,255,1,148,1111,2000,PIOC,111,1619331439,0,1,1,130,0,4,5,101,17,0,1361,17,30,52,1361,2356,0,0,26,26,0,0,1,1,1,1
1619331570.67119,1.00036,11,255,3,153,1131,2000,PIOC,131,1619331441,0,1,1,128,0,7,0,0,17,0,1361,17,30,52,1361,2356,0,0,26,26,0,0,1,1,1,1
1619331570.87404,1.00027,99,255,4,143,1231,2000,BFP,231,1619331439,0,1,1,130,0,5,0,0,17,0,1370,17,30,52,1370,2373,0,0,26,26,0,0,1,1,1,1
1619331571.58564,1.00033,32,255,2,147,1121,2000,PIOC,121,1619331508,0,1,2,69,0,4,9,1001,17,0,1448,17,30,52,1448,2508,0,0,26,26,0,0,1,1,1,1
1619331571.64812,1.00125,23,255,1,148,1111,2000,PIOC,111,1619331439,0,1,1,131,0,4,5,101,17,0,1448,17,30,52,1448,2508,0,0,26,26,0,0,1,1,1,1
1619331571.67236,1.00117,11,255,3,153,1131,2000,PIOC,131,1619331441,0,1,1,129,0,7,0,0,17,0,1448,17,30,52,1448,2508,0,0,26,26,0,0,1,1,1,1
1619331571.87442,1.00038,99,255,4,143,1231,2000,BFP,231,1619331439,0,1,1,131,0,5,0,0,17,0,1451,17,30,52,1451,2514,0,0,26,26,0,0,1,1,1,1
1619331572.58643,1.00079,32,255,2,147,1121,2000,PIOC,121,1619331508,0,1,2,70,0,4,9,1001,17,0,1408,17,30,52,1408,2439,0,0,26,26,0,0,1,1,1,1
1619331572.64875,1.00063,23,255,1,148,1111,2000,PIOC,111,1619331439,0,1,1,132,0,4,5,101,17,0,1408,17,30,52,1408,2439,0,0,26,26,0,0,1,1,1,1
1619331572.67179,0.99943,11,255,3,153,1131,2000,PIOC,131,1619331441,0,1,1,130,0,7,0,0,17,0,1408,17,30,52,1408,2439,0,0,26,26,0,0,1,1,1,1
1619331572.87498,1.00056,99,255,4,143,1231,2000,BFP,231,1619331439,0,1,1,132,0,5,0,0,17,0,1408,17,30,52,1408,2439,0,0,26,26,0,0,1,1,1,1
1619331573.58646,1.00003,32,255,2,147,1121,2000,PIOC,121,1619331508,0,1,2,71,0,4,9,1001,17,0,1407,17,30,52,1407,2437,35,0,26,26,0,0,1,1,1,1
1619331573.64988,1.00113,23,255,1,148,1111,2000,PIOC,111,1619331439,0,1,1,133,0,4,5,101,17,0,1407,17,30,52,1407,2437,35,0,26,26,0,0,1,1,1,1
1619331573.67239,1.00060,11,255,3,153,1131,2000,PIOC,131,1619331441,0,1,1,131,0,7,0,0,17,0,1406,17,30,52,1406,2436,42,0,26,26,0,0,1,1,1,1
1619331573.87580,1.00082,99,255,4,143,1231,2000,BFP,231,1619331439,0,1,1,133,0,5,0,0,17,0,1401,17,30,52,1401,2427,51,0,26,26,17,17,1,1,1,1
1619331574.58617,0.99971,32,255,2,147,1121,2000,PIOC,121,1619331508,0,1,2,72,0,4,9,1001,17,0,1197,17,30,52,1197,2075,45,0,26,26,23,23,1,1,1,1
1619331574.65027,1.00039,23,255,1,148,1111,2000,PIOC,111,1619331439,0,1,1,134,0,4,5,101,17,0,1197,17,30,52,1197,2075,45,0,26,26,23,23,1,1,1,1
1619331574.67273,1.00034,11,255,3,153,1131,2000,PIOC,131,1619331441,0,1,1,132,0,7,0,0,17,0,1115,17,30,52,1115,1932,42,0,26,26,23,23,1,1,1,1
1619331574.87622,1.00042,99,255,4,143,1231,2000,BFP,231,1619331439,0,1,1,134,0,5,0,0,17,0,1107,17,30,52,1107,1918,42,0,26,26,22,22,1,1,1,1
1619331575.58598,0.99981,32,255,2,147,1121,2000,PIOC,121,1619331508,0,1,2,73,0,4,9,1001,17,0,558,17,30,52,558,968,21,0,26,26,12,12,1,1,1,1
1619331575.65072,1.00045,23,255,1,148,1111,2000,PIOC,111,1619331439,0,1,1,135,0,4,5,101,17,0,558,17,30,52,558,968,21,0,26,26,12,12,1,1,1,1
1619331575.67314,1.00041,11,255,3,153,1131,2000,PIOC,131,1619331441,0,1,1,133,0,7,0,0,17,0,427,17,30,52,427,740,16,0,26,26,12,12,1,1,1,1
1619331575.87801,1.00179,99,255,4,143,1231,2000,BFP,231,1619331439,0,1,1,135,0,5,0,0,17,0,199,17,30,52,199,346,7,0,26,26,10,10,1,1,1,1
1619331576.58670,1.00072,32,255,2,147,1121,2000,PIOC,121,1619331508,0,1,2,74,0,4,9,1001,17,0,17,17,30,52,17,28,50,0,26,26,10,10,1,1,1,1
1619331576.65103,1.00031,23,255,1,148,1111,2000,PIOC,111,1619331439,0,1,1,136,0,4,5,101,17,0,18,17,30,52,18,30,52,0,26,26,10,10,1,1,1,1
1619331576.67352,1.00038,11,255,3,153,1131,2000,PIOC,131,1619331441,0,1,1,134,0,7,0,0,17,0,18,17,30,52,18,30,52,0,26,26,10,10,1,1,1,1
1619331576.87747,0.99946,99,255,4,143,1231,2000,BFP,231,1619331439,0,1,1,136,0,5,0,0,17,0,17,17,30,52,17,30,52,0,26,26,23,23,1,1,1,1
1619331577.58673,1.00003,32,255,2,147,1121,2000,PIOC,121,1619331508,0,1,2,75,0,4,9,1001,17,0,17,17,30,52,17,30,52,0,26,26,26,26,1,1,1,1
1619331577.65149,1.00046,23,255,1,148,1111,2000,PIOC,111,1619331439,0,1,1,137,0,4,5,101,17,0,17,17,30,52,17,30,52,0,26,26,26,26,1,1,1,1
1619331577.67435,1.00083,11,255,3,153,1131,2000,PIOC,131,1619331441,0,1,1,135,0,7,0,0,17,0,17,17,30,52,17,30,52,0,26,26,26,26,1,1,1,1
1619331577.87786,1.00039,99,255,4,143,1231,2000,BFP,231,1619331439,0,1,1,137,0,5,0,0,17,0,17,17,30,52,17,30,52,0,26,26,26,26,1,1,1,1
1619331578.58645,0.99972,32,255,2,147,1121,2000,PIOC,121,1619331508,0,1,2,76,0,4,9,1001,17,0,17,17,30,52,17,30,52,0,26,26,26,26,1,1,1,1
1619331578.65191,1.00042,23,255,1,148,1111,2000,PIOC,111,1619331439,0,1,1,138,0,4,5,101,17,0,17,17,30,52,17,30,52,0,26,26,26,26,1,1,1,1
1619331578.67495,1.00060,11,255,3,153,1131,2000,PIOC,131,1619331441,0,1,1,136,0,7,0,0,17,0,17,17,30,52,17,30,52,0,26,26,26,26,1,1,1,1
1619331578.87832,1.00046,99,255,4,143,1231,2000,BFP,231,1619331439,0,1,1,138,0,5,0,0,17,0,17,17,30,52,17,30,52,0,26,26,26,26,1,1,1,1
1619331579.58691,1.00046,32,255,2,147,1121,2000,PIOC,121,1619331508,0,1,2,77,0,4,9,1001,17,0,17,17,30,52,17,30,52,0,26,26,26,26,1,1,1,1
1619331579.65227,1.00036,23,255,1,148,1111,2000,PIOC,111,1619331439,0,1,1,139,0,4,5,101,17,0,17,17,30,52,17,30,52,0,26,26,26,26,1,1,1,1
1619331579.67570,1.00075,11,255,3,153,1131,2000,PIOC,131,1619331441,0,1,1,137,0,7,0,0,17,0,17,17,30,52,17,30,52,0,26,26,26,26,1,1,1,1
1619331579.87921,1.00089,99,255,4,143,1231,2000,BFP,231,1619331439,0,1,1,139,0,5,0,0,17,0,18,17,30,52,18,30,52,0,26,26,26,26,1,1,1,1
1619331580.58726,1.00035,32,255,2,147,1121,2000,PIOC,121,1619331508,0,1,2,78,0,4,9,1001,17,0,18,17,30,52,18,30,52,0,26,26,26,26,1,1,1,1
1619331580.65271,1.00044,23,255,1,148,1111,2000,PIOC,111,1619331439,0,1,1,140,0,4,5,101,17,0,18,17,30,52,18,30,52,0,26,26,26,26,1,1,1,1
1619331580.67610,1.00040,11,255,3,153,1131,2000,PIOC,131,1619331441,0,1,1,138,0,7,0,0,17,0,18,17,30,52,18,30,52,0,26,26,26,26,1,1,1,1
1619331580.88014,1.00093,99,255,4,143,1231,2000,BFP,231,1619331439,0,1,1,140,0,5,0,0,17,0,18,17,30,52,18,30,52,0,26,26,26,26,1,1,1,1
1619331581.58709,0.99983,32,255,2,147,1121,2000,PIOC,121,1619331508,0,1,2,79,0,4,9,1001,17,0,18,17,30,52,18,30,52,0,26,26,26,26,1,1,1,1
1619331581.65322,1.00051,23,255,1,148,1111,2000,PIOC,111,1619331439,0,1,1,141,0,4,5,101,17,0,18,17,30,52,18,30,52,0,26,26,26,26,1,1,1,1
1619331581.67649,1.00039,11,255,3,153,1131,2000,PIOC,131,1619331441,0,1,1,139,0,7,0,0,17,0,18,17,30,52,18,30,52,0,26,26,26,26,1,1,1,1
1619331581.88122,1.00108,99,255,4,143,1231,2000,BFP,231,1619331439,0,1,1,141,0,5,0,0,17,0,17,17,30,52,17,30,52,0,26,26,26,26,1,1,1,1
1619331582.58764,1.00055,32,255,2,147,1121,2000,PIOC,121,1619331508,0,1,2,80,0,4,9,1001,17,0,17,17,30,52,17,30,52,0,26,26,26,26,1,1,1,1
1619331582.65405,1.00083,23,255,1,148,1111,2000,PIOC,111,1619331439,0,1,1,142,0,4,5,101,17,0,17,17,30,52,17,30,52,0,26,26,26,26,1,1,1,1
1619331582.67695,1.00046,11,255,3,153,1131,2000,PIOC,131,1619331441,0,1,1,140,0,7,0,0,17,0,17,17,30,52,17,30,52,0,26,26,26,26,1,1,1,1
1619331582.88137,1.00015,99,255,4,143,1231,2000,BFP,231,1619331439,0,1,1,142,0,5,0,0,17,0,17,17,30,52,17,30,52,0,26,26,26,26,1,1,1,1
1619331583.58754,0.99990,32,255,2,147,1121,2000,PIOC,121,1619331508,0,1,2,81,0,4,9,1001,17,0,17,17,30,52,17,30,52,0,26,26,26,26,1,1,1,1
1619331583.65444,1.00039,23,255,1,148,1111,2000,PIOC,111,1619331439,0,1,1,143,0,4,5,101,17,0,17,17,30,52,17,30,52,0,26,26,26,26,1,1,1,1
1619331583.67721,1.00026,11,255,3,153,1131,2000,PIOC,131,1619331441,0,1,1,141,0,7,0,0,17,0,17,17,30,52,17,30,52,0,26,26,26,26,1,1,1,1
1619331583.88179,1.00042,99,255,4,143,1231,2000,BFP,231,1619331439,0,1,1,143,0,5,0,0,17,0,17,17,30,52,17,30,52,0,26,26,26,26,1,1,1,1
1619331584.58768,1.00014,32,255,2,147,1121,2000,PIOC,121,1619331508,0,1,2,82,0,4,9,1001,17,0,17,17,30,52,17,30,52,0,26,26,26,26,1,1,1,1
1619331584.65490,1.00046,23,255,1,148,1111,2000,PIOC,111,1619331439,0,1,1,144,0,4,5,101,17,0,17,17,30,52,17,30,52,0,26,26,26,26,1,1,1,1
1619331584.67832,1.00111,11,255,3,153,1131,2000,PIOC,131,1619331441,0,1,1,142,0,7,0,0,17,0,17,17,30,52,17,30,52,0,26,26,26,26,1,1,1,1
1619331584.88223,1.00044,99,255,4,143,1231,2000,BFP,231,1619331439,0,1,1,144,0,5,0,0,17,0,17,17,30,52,17,30,52,0,26,26,26,26,1,1,1,1
1619331585.58790,1.00022,32,255,2,147,1121,2000,PIOC,121,1619331508,0,1,2,83,0,4,9,1001,17,0,17,17,30,52,17,30,52,0,26,26,26,26,1,1,1,1
1619331585.65516,1.00026,23,255,1,148,1111,2000,PIOC,111,1619331439,0,1,1,145,0,4,5,101,17,0,17,17,30,52,17,30,52,0,26,26,26,26,1,1,1,1
1619331585.67870,1.00038,11,255,3,153,1131,2000,PIOC,131,1619331441,0,1,1,143,0,7,0,0,17,0,17,17,30,52,17,30,52,0,26,26,26,26,1,1,1,1
1619331585.88265,1.00042,99,255,4,143,1231,2000,BFP,231,1619331439,0,1,1,145,0,5,0,0,17,0,17,17,30,52,17,30,52,0,26,26,26,26,1,1,1,1
1619331586.58785,0.99995,32,255,2,147,1121,2000,PIOC,121,1619331508,0,1,2,84,0,4,9,1001,17,0,18,17,30,52,18,30,52,0,26,26,26,26,1,1,1,1
1619331586.65587,1.00071,23,255,1,148,1111,2000,PIOC,111,1619331439,0,1,1,146,0,4,5,101,17,0,18,17,30,52,18,30,52,0,26,26,26,26,1,1,1,1
1619331586.67933,1.00063,11,255,3,153,1131,2000,PIOC,131,1619331441,0,1,1,144,0,7,0,0,17,0,18,17,30,52,18,30,52,0,26,26,26,26,1,1,1,1
1619331586.88322,1.00057,99,255,4,143,1231,2000,BFP,231,1619331439,0,1,1,146,0,5,0,0,17,0,18,17,30,52,18,30,52,0,26,26,26,26,1,1,1,1
1619331587.58795,1.00010,32,255,2,147,1121,2000,PIOC,121,1619331508,0,1,2,85,0,4,9,1001,17,0,18,17,30,52,18,30,52,0,26,26,26,26,1,1,1,1
1619331587.65626,1.00039,23,255,1,148,1111,2000,PIOC,111,1619331439,0,1,1,147,0,4,5,101,17,0,18,17,30,52,18,30,52,0,26,26,26,26,1,1,1,1
1619331587.67973,1.00040,11,255,3,153,1131,2000,PIOC,131,1619331441,0,1,1,145,0,7,0,0,17,0,18,17,30,52,18,30,52,0,26,26,26,26,1,1,1,1
1619331587.88365,1.00043,99,255,4,143,1231,2000,BFP,231,1619331439,0,1,1,147,0,5,0,0,17,0,18,17,30,52,18,30,52,0,26,26,26,26,1,1,1,1
1619331588.58829,1.00034,32,255,2,147,1121,2000,PIOC,121,1619331508,0,1,2,86,0,4,9,1001,17,0,18,17,30,52,18,30,52,0,26,26,26,26,1,1,1,1
1619331588.65660,1.00034,23,255,1,148,1111,2000,PIOC,111,1619331439,0,1,1,148,0,4,5,101,17,0,18,17,30,52,18,30,52,0,26,26,26,26,1,1,1,1
1619331588.68030,1.00057,11,255,3,153,1131,2000,PIOC,131,1619331441,0,1,1,146,0,7,0,0,17,0,18,17,30,52,18,30,52,0,26,26,26,26,1,1,1,1
1619331588.88402,1.00037,99,255,4,143,1231,2000,BFP,231,1619331439,0,1,1,148,0,5,0,0,17,0,18,17,30,52,18,30,52,0,26,26,26,26,1,1,1,1
1619331589.58865,1.00036,32,255,2,147,1121,2000,PIOC,121,1619331508,0,1,2,87,0,4,9,1001,17,0,17,17,30,52,17,30,52,0,26,26,26,26,1,1,1,1
1619331589.65879,1.00219,23,255,1,148,1111,2000,PIOC,111,1619331439,0,1,1,149,0,4,5,101,17,0,17,17,30,52,17,30,52,0,26,26,26,26,1,1,1,1
1619331589.68057,1.00027,11,255,3,153,1131,2000,PIOC,131,1619331441,0,1,1,147,0,7,0,0,17,0,17,17,30,52,17,30,52,0,26,26,26,26,1,1,1,1
1619331589.88433,1.00031,99,255,4,143,1231,2000,BFP,231,1619331439,0,1,1,149,0,5,0,0,17,0,17,17,30,52,17,30,52,0,26,26,26,26,1,1,1,1
1619331590.58911,1.00046,32,255,2,147,1121,2000,PIOC,121,1619331508,0,1,2,88,0,4,9,1001,17,0,17,17,30,52,17,30,52,0,26,26,26,26,1,1,1,1
1619331590.65950,1.00071,23,255,1,148,1111,2000,PIOC,111,1619331439,0,1,1,150,0,4,5,101,17,0,17,17,30,52,17,30,52,0,26,26,26,26,1,1,1,1
1619331590.68111,1.00054,11,255,3,153,1131,2000,PIOC,131,1619331441,0,1,1,148,0,7,0,0,17,0,17,17,30,52,17,30,52,0,26,26,26,26,1,1,1,1
1619331590.88477,1.00044,99,255,4,143,1231,2000,BFP,231,1619331439,0,1,1,150,0,5,0,0,17,0,17,17,30,52,17,30,52,0,26,26,26,26,1,1,1,1
1619331591.59445,1.00534,32,255,2,147,1121,2000,PIOC,121,1619331508,0,1,2,89,0,4,9,1001,17,0,17,17,30,52,17,30,52,0,26,26,26,26,1,1,1,1
1619331591.66050,1.00100,23,255,1,148,1111,2000,PIOC,111,1619331439,0,1,1,151,0,4,5,101,17,0,17,17,30,52,17,30,52,0,26,26,26,26,1,1,1,1
1619331591.68219,1.00108,11,255,3,153,1131,2000,PIOC,131,1619331441,0,1,1,149,0,7,0,0,17,0,17,17,30,52,17,30,52,0,26,26,26,26,1,1,1,1
