year,month,day,hour,minute,second,millisecond,UTC,open_CB-TRSF1,open_CB-TRSF2,open_CB1-22KV,open_CB2-22KV,open_CB3-22KV,Status_CB1-22KV,Status_CB3-22KV,Status_CB-FDR1,Status_CB-FDR4
2021,4,25,16,17,16,874,1619331436.874000,0,0,0,0,0,1,1,1,1,
2021,4,25,16,17,16,989,1619331436.989000,0,0,0,0,0,1,1,1,1,
2021,4,25,16,17,17,114,1619331437.114000,0,0,0,0,0,1,1,1,1,
2021,4,25,16,17,17,227,1619331437.227000,0,0,0,0,0,1,1,1,1,
2021,4,25,16,17,17,345,1619331437.345000,0,0,0,0,0,1,1,1,1,
2021,4,25,16,17,17,459,1619331437.459000,0,0,0,0,0,1,1,1,1,
2021,4,25,16,17,17,574,1619331437.574000,0,0,0,0,0,1,1,1,1,
2021,4,25,16,17,17,697,1619331437.697000,0,0,0,0,0,1,1,1,1,
2021,4,25,16,17,17,816,1619331437.816000,0,0,0,0,0,1,1,1,1,
2021,4,25,16,17,17,930,1619331437.930000,0,0,0,0,0,1,1,1,1,
2021,4,25,16,17,18,47,1619331438.047000,0,0,0,0,0,1,1,1,1,
2021,4,25,16,17,18,170,1619331438.170000,0,0,0,0,0,1,1,1,1,
2021,4,25,16,17,18,286,1619331438.286000,0,0,0,0,0,1,1,1,1,
2021,4,25,16,17,18,405,1619331438.405000,0,0,0,0,0,1,1,1,1,
2021,4,25,16,17,18,527,1619331438.527000,0,0,0,0,0,1,1,1,1,
2021,4,25,16,17,18,642,1619331438.642000,0,0,0,0,0,1,1,1,1,
2021,4,25,16,17,18,757,1619331438.757000,0,0,0,0,0,1,1,1,1,
2021,4,25,16,17,18,871,1619331438.871000,0,0,0,0,0,1,1,1,1,
2021,4,25,16,17,18,984,1619331438.984000,0,0,0,0,0,1,1,1,1,
2021,4,25,16,17,19,104,1619331439.104000,0,0,0,0,0,1,1,1,1,
2021,4,25,16,17,19,222,1619331439.222000,0,0,0,0,0,1,1,1,1,
2021,4,25,16,17,19,339,1619331439.339000,0,0,0,0,0,1,1,1,1,
2021,4,25,16,17,19,455,1619331439.455000,0,0,0,0,0,1,1,1,1,
2021,4,25,16,17,19,569,1619331439.569000,0,0,0,0,0,1,1,1,1,
2021,4,25,16,17,19,686,1619331439.686000,0,0,0,0,0,1,1,1,1,
2021,4,25,16,17,19,805,1619331439.805000,0,0,0,0,0,1,1,1,1,
2021,4,25,16,17,19,928,1619331439.928000,0,0,0,0,0,1,1,1,1,
2021,4,25,16,17,20,44,1619331440.044000,0,0,0,0,0,1,1,1,1,
2021,4,25,16,17,20,160,1619331440.160000,0,0,0,0,0,1,1,1,1,
2021,4,25,16,17,20,273,1619331440.273000,0,0,0,0,0,1,1,1,1,
2021,4,25,16,17,20,395,1619331440.395000,0,0,0,0,0,1,1,1,1,
2021,4,25,16,17,20,517,1619331440.517000,0,0,0,0,0,1,1,1,1,
2021,4,25,16,17,20,632,1619331440.632000,0,0,0,0,0,1,1,1,1,
2021,4,25,16,17,20,748,1619331440.748000,0,0,0,0,0,1,1,1,1,
2021,4,25,16,17,20,865,1619331440.865000,0,0,0,0,0,1,1,1,1,
2021,4,25,16,17,20,986,1619331440.986000,0,0,0,0,0,1,1,1,1,
2021,4,25,16,17,21,108,1619331441.108000,0,0,0,0,0,1,1,1,1,
2021,4,25,16,17,21,224,1619331441.224000,0,0,0,0,0,1,1,1,1,
2021,4,25,16,17,21,338,1619331441.338000,0,0,0,0,0,1,1,1,1,
2021,4,25,16,17,21,454,1619331441.454000,0,0,0,0,0,1,1,1,1,
2021,4,25,16,17,21,568,1619331441.568000,0,0,0,0,0,1,1,1,1,
2021,4,25,16,17,21,685,1619331441.685000,0,0,0,0,0,1,1,1,1,
2021,4,25,16,17,21,814,1619331441.814000,0,0,0,0,0,1,1,1,1,
2021,4,25,16,17,21,938,1619331441.938000,0,0,0,0,0,1,1,1,1,
2021,4,25,16,17,22,54,1619331442.054000,0,0,0,0,0,1,1,1,1,
2021,4,25,16,17,22,167,1619331442.167000,0,0,0,0,0,1,1,1,1,
2021,4,25,16,17,22,280,1619331442.280000,0,0,0,0,0,1,1,1,1,
2021,4,25,16,17,22,402,1619331442.402000,0,0,0,0,0,1,1,1,1,
2021,4,25,16,17,22,521,1619331442.521000,0,0,0,0,0,1,1,1,1,
2021,4,25,16,17,22,637,1619331442.637000,0,0,0,0,0,1,1,1,1,
2021,4,25,16,17,22,770,1619331442.770000,0,0,0,0,0,1,1,1,1,
2021,4,25,16,17,22,885,1619331442.885000,0,0,0,0,0,1,1,1,1,
2021,4,25,16,17,23,11,1619331443.011000,0,0,0,0,0,1,1,1,1,
2021,4,25,16,17,23,133,1619331443.133000,0,0,0,0,0,1,1,1,1,
2021,4,25,16,17,23,254,1619331443.254000,0,0,0,0,0,1,1,1,1,
2021,4,25,16,17,23,375,1619331443.375000,0,0,0,0,0,1,1,1,1,
2021,4,25,16,17,23,497,1619331443.497000,0,0,0,0,0,1,1,1,1,
2021,4,25,16,17,23,621,1619331443.621000,0,0,0,0,0,1,1,1,1,
2021,4,25,16,17,23,750,1619331443.750000,0,0,0,0,0,1,1,1,1,
2021,4,25,16,17,23,867,1619331443.867000,0,0,0,0,0,1,1,1,1,
2021,4,25,16,17,23,990,1619331443.990000,0,0,0,0,0,1,1,1,1,
2021,4,25,16,17,24,111,1619331444.111000,0,0,0,0,0,1,1,1,1,
2021,4,25,16,17,24,238,1619331444.238000,0,0,0,0,0,1,1,1,1,
2021,4,25,16,17,24,357,1619331444.357000,0,0,0,0,0,1,1,1,1,
2021,4,25,16,17,24,477,1619331444.477000,0,0,0,0,0,1,1,1,1,
2021,4,25,16,17,24,596,1619331444.596000,0,0,0,0,0,1,1,1,1,
2021,4,25,16,17,24,722,1619331444.722000,0,0,0,0,0,1,1,1,1,
2021,4,25,16,17,24,847,1619331444.847000,0,0,0,0,0,1,1,1,1,
2021,4,25,16,17,24,967,1619331444.967000,0,0,0,0,0,1,1,1,1,
2021,4,25,16,17,25,86,1619331445.086000,0,0,0,0,0,1,1,1,1,
2021,4,25,16,17,25,200,1619331445.200000,0,0,0,0,0,1,1,1,1,
2021,4,25,16,17,25,321,1619331445.321000,0,0,0,0,0,1,1,1,1,
2021,4,25,16,17,25,459,1619331445.459000,0,0,0,0,0,1,1,1,1,
2021,4,25,16,17,25,577,1619331445.577000,0,0,0,0,0,1,1,1,1,
2021,4,25,16,17,25,693,1619331445.693000,0,0,0,0,0,1,1,1,1,
2021,4,25,16,17,25,818,1619331445.818000,0,0,0,0,0,1,1,1,1,
2021,4,25,16,17,25,942,1619331445.942000,0,0,0,0,0,1,1,1,1,
2021,4,25,16,17,26,64,1619331446.064000,0,0,0,0,0,1,1,1,1,
2021,4,25,16,17,26,185,1619331446.185000,0,0,0,0,0,1,1,1,1,
2021,4,25,16,17,26,306,1619331446.306000,0,0,0,0,0,1,1,1,1,
2021,4,25,16,17,26,433,1619331446.433000,0,0,0,0,0,1,1,1,1,
2021,4,25,16,17,26,563,1619331446.563000,0,0,0,0,0,1,1,1,1,
2021,4,25,16,17,26,690,1619331446.690000,0,0,0,0,0,1,1,1,1,
2021,4,25,16,17,26,815,1619331446.815000,0,0,0,0,0,1,1,1,1,
2021,4,25,16,17,26,937,1619331446.937000,0,0,0,0,0,1,1,1,1,
2021,4,25,16,17,27,58,1619331447.058000,0,0,0,0,0,1,1,1,1,
2021,4,25,16,17,27,188,1619331447.188000,0,0,0,0,0,1,1,1,1,
2021,4,25,16,17,27,316,1619331447.316000,0,0,0,0,0,1,1,1,1,
2021,4,25,16,17,27,443,1619331447.443000,0,0,0,0,0,1,1,1,1,
2021,4,25,16,17,27,572,1619331447.572000,0,0,0,0,0,1,1,1,1,
2021,4,25,16,17,27,692,1619331447.692000,0,0,0,0,0,1,1,1,1,
2021,4,25,16,17,27,818,1619331447.818000,0,0,0,0,0,1,1,1,1,
2021,4,25,16,17,27,946,1619331447.946000,0,0,0,0,0,1,1,1,1,
2021,4,25,16,17,28,68,1619331448.068000,0,0,0,0,0,1,1,1,1,
2021,4,25,16,17,28,193,1619331448.193000,0,0,0,0,0,1,1,1,1,
2021,4,25,16,17,28,315,1619331448.315000,0,0,0,0,0,1,1,1,1,
2021,4,25,16,17,28,442,1619331448.442000,0,0,0,0,0,1,1,1,1,
2021,4,25,16,17,28,560,1619331448.560000,0,0,0,0,0,1,1,1,1,
2021,4,25,16,17,28,682,1619331448.682000,0,0,0,0,0,1,1,1,1,
2021,4,25,16,17,28,812,1619331448.812000,0,0,0,0,0,1,1,1,1,
2021,4,25,16,17,28,936,1619331448.936000,0,0,0,0,0,1,1,1,1,
2021,4,25,16,17,29,66,1619331449.066000,0,0,0,0,0,1,1,1,1,
2021,4,25,16,17,29,192,1619331449.192000,0,0,0,0,0,1,1,1,1,
2021,4,25,16,17,29,319,1619331449.319000,0,0,0,0,0,1,1,1,1,
2021,4,25,16,17,29,448,1619331449.448000,0,0,0,0,0,1,1,1,1,
2021,4,25,16,17,29,575,1619331449.575000,0,0,0,0,0,1,1,1,1,
2021,4,25,16,17,29,702,1619331449.702000,0,0,0,0,0,1,1,1,1,
2021,4,25,16,17,29,825,1619331449.825000,0,0,0,0,0,1,1,1,1,
2021,4,25,16,17,29,950,1619331449.950000,0,0,0,0,0,1,1,1,1,
2021,4,25,16,17,30,70,1619331450.070000,0,0,0,0,0,1,1,1,1,
2021,4,25,16,17,30,190,1619331450.190000,0,0,0,0,0,1,1,1,1,
2021,4,25,16,17,30,309,1619331450.309000,0,0,0,0,0,1,1,1,1,
2021,4,25,16,17,30,430,1619331450.430000,0,0,0,0,0,1,1,1,1,
2021,4,25,16,17,30,548,1619331450.548000,0,0,0,0,0,1,1,1,1,
2021,4,25,16,17,30,669,1619331450.669000,0,0,0,0,0,1,1,1,1,
2021,4,25,16,17,30,794,1619331450.794000,0,0,0,0,0,1,1,1,1,
2021,4,25,16,17,30,923,1619331450.923000,0,0,0,0,0,1,1,1,1,
2021,4,25,16,17,31,50,1619331451.050000,0,0,0,0,0,1,1,1,1,
2021,4,25,16,17,31,175,1619331451.175000,0,0,0,0,0,1,1,1,1,
2021,4,25,16,17,31,299,1619331451.299000,0,0,0,0,0,1,1,1,1,
2021,4,25,16,17,31,416,1619331451.416000,0,0,0,0,0,1,1,1,1,
2021,4,25,16,17,31,541,1619331451.541000,0,0,0,0,0,1,1,1,1,
2021,4,25,16,17,31,664,1619331451.664000,0,0,0,0,0,1,1,1,1,
2021,4,25,16,17,31,789,1619331451.789000,0,0,0,0,0,1,1,1,1,
2021,4,25,16,17,31,909,1619331451.909000,0,0,0,0,0,1,1,1,1,
2021,4,25,16,17,32,27,1619331452.027000,0,0,0,0,0,1,1,1,1,
2021,4,25,16,17,32,158,1619331452.158000,0,0,0,0,0,1,1,1,1,
2021,4,25,16,17,32,286,1619331452.286000,0,0,0,0,0,1,1,1,1,
2021,4,25,16,17,32,404,1619331452.404000,0,0,0,0,0,1,1,1,1,
2021,4,25,16,17,32,528,1619331452.528000,0,0,0,0,0,1,1,1,1,
2021,4,25,16,17,32,647,1619331452.647000,0,0,0,0,0,1,1,1,1,
2021,4,25,16,17,32,775,1619331452.775000,0,0,0,0,0,1,1,1,1,
2021,4,25,16,17,32,897,1619331452.897000,0,0,0,0,0,1,1,1,1,
2021,4,25,16,17,33,27,1619331453.027000,0,0,0,0,0,1,1,1,1,
2021,4,25,16,17,33,149,1619331453.149000,0,0,0,0,0,1,1,1,1,
2021,4,25,16,17,33,274,1619331453.274000,0,0,0,0,0,1,1,1,1,
2021,4,25,16,17,33,395,1619331453.395000,0,0,0,0,0,1,1,1,1,
2021,4,25,16,17,33,516,1619331453.516000,0,0,0,0,0,1,1,1,1,
2021,4,25,16,17,33,641,1619331453.641000,0,0,0,0,0,1,1,1,1,
2021,4,25,16,17,33,772,1619331453.772000,0,0,0,0,0,1,1,1,1,
2021,4,25,16,17,33,888,1619331453.888000,0,0,0,0,0,1,1,1,1,
2021,4,25,16,17,34,6,1619331454.006000,0,0,0,0,0,1,1,1,1,
2021,4,25,16,17,34,124,1619331454.124000,0,0,0,0,0,1,1,1,1,
2021,4,25,16,17,34,253,1619331454.253000,0,0,0,0,0,1,1,1,1,
2021,4,25,16,17,34,377,1619331454.377000,0,0,0,0,0,1,1,1,1,
2021,4,25,16,17,34,495,1619331454.495000,0,0,0,0,0,1,1,1,1,
2021,4,25,16,17,34,613,1619331454.613000,0,0,0,0,0,1,1,1,1,
2021,4,25,16,17,34,738,1619331454.738000,0,0,0,0,0,1,1,1,1,
2021,4,25,16,17,34,856,1619331454.856000,0,0,0,0,0,1,1,1,1,
2021,4,25,16,17,34,981,1619331454.981000,0,0,0,0,0,1,1,1,1,
2021,4,25,16,17,35,103,1619331455.103000,0,0,0,0,0,1,1,1,1,
2021,4,25,16,17,35,227,1619331455.227000,0,0,0,0,0,1,1,1,1,
2021,4,25,16,17,35,346,1619331455.346000,0,0,0,0,0,1,1,1,1,
2021,4,25,16,17,35,471,1619331455.471000,0,0,0,0,0,1,1,1,1,
2021,4,25,16,17,35,592,1619331455.592000,0,0,0,0,0,1,1,1,1,
2021,4,25,16,17,35,718,1619331455.718000,0,0,0,0,0,1,1,1,1,
2021,4,25,16,17,35,836,1619331455.836000,0,0,0,0,0,1,1,1,1,
2021,4,25,16,17,35,952,1619331455.952000,0,0,0,0,0,1,1,1,1,
2021,4,25,16,17,36,70,1619331456.070000,0,0,0,0,0,1,1,1,1,
2021,4,25,16,17,36,187,1619331456.187000,0,0,0,0,0,1,1,1,1,
2021,4,25,16,17,36,310,1619331456.310000,0,0,0,0,0,1,1,1,1,
2021,4,25,16,17,36,434,1619331456.434000,0,0,0,0,0,1,1,1,1,
2021,4,25,16,17,36,561,1619331456.561000,0,0,0,0,0,1,1,1,1,
2021,4,25,16,17,36,697,1619331456.697000,0,0,0,0,0,1,1,1,1,
2021,4,25,16,17,36,814,1619331456.814000,0,0,0,0,0,1,1,1,1,
2021,4,25,16,17,36,939,1619331456.939000,0,0,0,0,0,1,1,1,1,
2021,4,25,16,17,37,56,1619331457.056000,0,0,0,0,0,1,1,1,1,
2021,4,25,16,17,37,180,1619331457.180000,0,0,0,0,0,1,1,1,1,
2021,4,25,16,17,37,298,1619331457.298000,0,0,0,0,0,1,1,1,1,
2021,4,25,16,17,37,424,1619331457.424000,0,0,0,0,0,1,1,1,1,
2021,4,25,16,17,37,539,1619331457.539000,0,0,0,0,0,1,1,1,1,
2021,4,25,16,17,37,658,1619331457.658000,0,0,0,0,0,1,1,1,1,
2021,4,25,16,17,37,786,1619331457.786000,0,0,0,0,0,1,1,1,1,
2021,4,25,16,17,37,906,1619331457.906000,0,0,0,0,0,1,1,1,1,
2021,4,25,16,17,38,25,1619331458.025000,0,0,0,0,0,1,1,1,1,
2021,4,25,16,17,38,147,1619331458.147000,0,0,0,0,0,1,1,1,1,
2021,4,25,16,17,38,270,1619331458.270000,0,0,0,0,0,1,1,1,1,
2021,4,25,16,17,38,394,1619331458.394000,0,0,0,0,0,1,1,1,1,
2021,4,25,16,17,38,519,1619331458.519000,0,0,0,0,0,1,1,1,1,
2021,4,25,16,17,38,643,1619331458.643000,0,0,0,0,0,1,1,1,1,
2021,4,25,16,17,38,771,1619331458.771000,0,0,0,0,0,1,1,1,1,
2021,4,25,16,17,38,893,1619331458.893000,0,0,0,0,0,1,1,1,1,
2021,4,25,16,17,39,13,1619331459.013000,0,0,0,0,0,1,1,1,1,
2021,4,25,16,17,39,134,1619331459.134000,0,0,0,0,0,1,1,1,1,
2021,4,25,16,17,39,258,1619331459.258000,0,0,0,0,0,1,1,1,1,
2021,4,25,16,17,39,385,1619331459.385000,0,0,0,0,0,1,1,1,1,
2021,4,25,16,17,39,512,1619331459.512000,0,0,0,0,0,1,1,1,1,
2021,4,25,16,17,39,635,1619331459.635000,0,0,0,0,0,1,1,1,1,
2021,4,25,16,17,39,763,1619331459.763000,0,0,0,0,0,1,1,1,1,
2021,4,25,16,17,39,890,1619331459.890000,0,0,0,0,0,1,1,1,1,
2021,4,25,16,17,40,15,1619331460.015000,0,0,0,0,0,1,1,1,1,
2021,4,25,16,17,40,146,1619331460.146000,0,0,0,0,0,1,1,1,1,
2021,4,25,16,17,40,268,1619331460.268000,0,0,0,0,0,1,1,1,1,
2021,4,25,16,17,40,393,1619331460.393000,0,0,0,0,0,1,1,1,1,
2021,4,25,16,17,40,519,1619331460.519000,0,0,0,0,0,1,1,1,1,
2021,4,25,16,17,40,642,1619331460.642000,0,0,0,0,0,1,1,1,1,
2021,4,25,16,17,40,771,1619331460.771000,0,0,0,0,0,1,1,1,1,
2021,4,25,16,17,40,903,1619331460.903000,0,0,0,0,0,1,1,1,1,
2021,4,25,16,17,41,28,1619331461.028000,0,0,0,0,0,1,1,1,1,
2021,4,25,16,17,41,164,1619331461.164000,0,0,0,0,0,1,1,1,1,
2021,4,25,16,17,41,293,1619331461.293000,0,0,0,0,0,1,1,1,1,
2021,4,25,16,17,41,423,1619331461.423000,0,0,0,0,0,1,1,1,1,
2021,4,25,16,17,41,544,1619331461.544000,0,0,0,0,0,1,1,1,1,
2021,4,25,16,17,41,670,1619331461.670000,0,0,0,0,0,1,1,1,1,
2021,4,25,16,17,41,794,1619331461.794000,0,0,0,0,0,1,1,1,1,
2021,4,25,16,17,41,922,1619331461.922000,0,0,0,0,0,1,1,1,1,
2021,4,25,16,17,42,43,1619331462.043000,0,0,0,0,0,1,1,1,1,
2021,4,25,16,17,42,169,1619331462.169000,0,0,0,0,0,1,1,1,1,
2021,4,25,16,17,42,299,1619331462.299000,0,0,0,0,0,1,1,1,1,
2021,4,25,16,17,42,424,1619331462.424000,0,0,0,0,0,1,1,1,1,
2021,4,25,16,17,42,544,1619331462.544000,0,0,0,0,0,1,1,1,1,
2021,4,25,16,17,42,665,1619331462.665000,0,0,0,0,0,1,1,1,1,
2021,4,25,16,17,42,796,1619331462.796000,0,0,0,0,0,1,1,1,1,
2021,4,25,16,17,42,915,1619331462.915000,0,0,0,0,0,1,1,1,1,
2021,4,25,16,17,43,34,1619331463.034000,0,0,0,0,0,1,1,1,1,
2021,4,25,16,17,43,151,1619331463.151000,0,0,0,0,0,1,1,1,1,
2021,4,25,16,17,43,276,1619331463.276000,0,0,0,0,0,1,1,1,1,
2021,4,25,16,17,43,404,1619331463.404000,0,0,0,0,0,1,1,1,1,
2021,4,25,16,17,43,538,1619331463.538000,0,0,0,0,0,1,1,1,1,
2021,4,25,16,17,43,663,1619331463.663000,0,0,0,0,0,1,1,1,1,
2021,4,25,16,17,43,788,1619331463.788000,0,0,0,0,0,1,1,1,1,
2021,4,25,16,17,43,918,1619331463.918000,0,0,0,0,0,1,1,1,1,
2021,4,25,16,17,44,41,1619331464.041000,0,0,0,0,0,1,1,1,1,
2021,4,25,16,17,44,161,1619331464.161000,0,0,0,0,0,1,1,1,1,
2021,4,25,16,17,44,287,1619331464.287000,0,0,0,0,0,1,1,1,1,
2021,4,25,16,17,44,413,1619331464.413000,0,0,0,0,0,1,1,1,1,
2021,4,25,16,17,44,536,1619331464.536000,0,0,0,0,0,1,1,1,1,
2021,4,25,16,17,44,656,1619331464.656000,0,0,0,0,0,1,1,1,1,
2021,4,25,16,17,44,780,1619331464.780000,0,0,0,0,0,1,1,1,1,
2021,4,25,16,17,44,911,1619331464.911000,0,0,0,0,0,1,1,1,1,
2021,4,25,16,17,45,30,1619331465.030000,0,0,0,0,0,1,1,1,1,
2021,4,25,16,17,45,159,1619331465.159000,0,0,0,0,0,1,1,1,1,
2021,4,25,16,17,45,277,1619331465.277000,0,0,0,0,0,1,1,1,1,
2021,4,25,16,17,45,396,1619331465.396000,0,0,0,0,0,1,1,1,1,
2021,4,25,16,17,45,522,1619331465.522000,0,0,0,0,0,1,1,1,1,
2021,4,25,16,17,45,641,1619331465.641000,0,0,0,0,0,1,1,1,1,
2021,4,25,16,17,45,761,1619331465.761000,0,0,0,0,0,1,1,1,1,
2021,4,25,16,17,45,877,1619331465.877000,0,0,0,0,0,1,1,1,1,
2021,4,25,16,17,45,994,1619331465.994000,0,0,0,0,0,1,1,1,1,
2021,4,25,16,17,46,111,1619331466.111000,0,0,0,0,0,1,1,1,1,
2021,4,25,16,17,46,230,1619331466.230000,0,0,0,0,0,1,1,1,1,
2021,4,25,16,17,46,346,1619331466.346000,0,0,0,0,0,1,1,1,1,
2021,4,25,16,17,46,463,1619331466.463000,0,0,0,0,0,1,1,1,1,
2021,4,25,16,17,46,585,1619331466.585000,0,0,0,0,0,1,1,1,1,
2021,4,25,16,17,46,705,1619331466.705000,0,0,0,0,0,1,1,1,1,
2021,4,25,16,17,46,830,1619331466.830000,0,0,0,0,0,1,1,1,1,
2021,4,25,16,17,46,954,1619331466.954000,0,0,0,0,0,1,1,1,1,
2021,4,25,16,17,47,76,1619331467.076000,0,0,0,0,0,1,1,1,1,
2021,4,25,16,17,47,202,1619331467.202000,0,0,0,0,0,1,1,1,1,
2021,4,25,16,17,47,329,1619331467.329000,0,0,0,0,0,1,1,1,1,
2021,4,25,16,17,47,471,1619331467.471000,0,0,0,0,0,1,1,1,1,
2021,4,25,16,17,47,599,1619331467.599000,0,0,0,0,0,1,1,1,1,
2021,4,25,16,17,47,726,1619331467.726000,0,0,0,0,0,1,1,1,1,
2021,4,25,16,17,47,860,1619331467.860000,0,0,0,0,0,1,1,1,1,
2021,4,25,16,17,47,980,1619331467.980000,0,0,0,0,0,1,1,1,1,
2021,4,25,16,17,48,101,1619331468.101000,0,0,0,0,0,1,1,1,1,
2021,4,25,16,17,48,232,1619331468.232000,0,0,0,0,0,1,1,1,1,
2021,4,25,16,17,48,359,1619331468.359000,0,0,0,0,0,1,1,1,1,
2021,4,25,16,17,48,485,1619331468.485000,0,0,0,0,0,1,1,1,1,
2021,4,25,16,17,48,611,1619331468.611000,0,0,0,0,0,1,1,1,1,
2021,4,25,16,17,48,747,1619331468.747000,0,0,0,0,0,1,1,1,1,
2021,4,25,16,17,48,865,1619331468.865000,0,0,0,0,0,1,1,1,1,
2021,4,25,16,17,48,991,1619331468.991000,0,0,0,0,0,1,1,1,1,
2021,4,25,16,17,49,115,1619331469.115000,0,0,0,0,0,1,1,1,1,
2021,4,25,16,17,49,240,1619331469.240000,0,0,0,0,0,1,1,1,1,
2021,4,25,16,17,49,367,1619331469.367000,0,0,0,0,0,1,1,1,1,
2021,4,25,16,17,49,482,1619331469.482000,0,0,0,0,0,1,1,1,1,
2021,4,25,16,17,49,610,1619331469.610000,0,0,0,0,0,1,1,1,1,
2021,4,25,16,17,49,737,1619331469.737000,0,0,0,0,0,1,1,1,1,
2021,4,25,16,17,49,858,1619331469.858000,0,0,0,0,0,1,1,1,1,
2021,4,25,16,17,49,985,1619331469.985000,0,0,0,0,0,1,1,1,1,
2021,4,25,16,17,50,110,1619331470.110000,0,0,0,0,0,1,1,1,1,
2021,4,25,16,17,50,240,1619331470.240000,0,0,0,0,0,1,1,1,1,
2021,4,25,16,17,50,360,1619331470.360000,0,0,0,0,0,1,1,1,1,
2021,4,25,16,17,50,477,1619331470.477000,0,0,0,0,0,1,1,1,1,
2021,4,25,16,17,50,599,1619331470.599000,0,0,0,0,0,1,1,1,1,
2021,4,25,16,17,50,724,1619331470.724000,0,0,0,0,0,1,1,1,1,
2021,4,25,16,17,50,848,1619331470.848000,0,0,0,0,0,1,1,1,1,
2021,4,25,16,17,50,973,1619331470.973000,0,0,0,0,0,1,1,1,1,
2021,4,25,16,17,51,97,1619331471.097000,0,0,0,0,0,1,1,1,1,
2021,4,25,16,17,51,224,1619331471.224000,0,0,0,0,0,1,1,1,1,
2021,4,25,16,17,51,346,1619331471.346000,0,0,0,0,0,1,1,1,1,
2021,4,25,16,17,51,464,1619331471.464000,0,0,0,0,0,1,1,1,1,
2021,4,25,16,17,51,585,1619331471.585000,0,0,0,0,0,1,1,1,1,
2021,4,25,16,17,51,714,1619331471.714000,0,0,0,0,0,1,1,1,1,
2021,4,25,16,17,51,845,1619331471.845000,0,0,0,0,0,1,1,1,1,
2021,4,25,16,17,51,968,1619331471.968000,0,0,0,0,0,1,1,1,1,
2021,4,25,16,17,52,91,1619331472.091000,0,0,0,0,0,1,1,1,1,
2021,4,25,16,17,52,213,1619331472.213000,0,0,0,0,0,1,1,1,1,
2021,4,25,16,17,52,346,1619331472.346000,0,0,0,0,0,1,1,1,1,
2021,4,25,16,17,52,470,1619331472.470000,0,0,0,0,0,1,1,1,1,
2021,4,25,16,17,52,589,1619331472.589000,0,0,0,0,0,1,1,1,1,
2021,4,25,16,17,52,713,1619331472.713000,0,0,0,0,0,1,1,1,1,
2021,4,25,16,17,52,840,1619331472.840000,0,0,0,0,0,1,1,1,1,
2021,4,25,16,17,52,965,1619331472.965000,0,0,0,0,0,1,1,1,1,
2021,4,25,16,17,53,92,1619331473.092000,0,0,0,0,0,1,1,1,1,
2021,4,25,16,17,53,213,1619331473.213000,0,0,0,0,0,1,1,1,1,
2021,4,25,16,17,53,334,1619331473.334000,0,0,0,0,0,1,1,1,1,
2021,4,25,16,17,53,451,1619331473.451000,0,0,0,0,0,1,1,1,1,
2021,4,25,16,17,53,573,1619331473.573000,0,0,0,0,0,1,1,1,1,
2021,4,25,16,17,53,690,1619331473.690000,0,0,0,0,0,1,1,1,1,
2021,4,25,16,17,53,811,1619331473.811000,0,0,0,0,0,1,1,1,1,
2021,4,25,16,17,53,935,1619331473.935000,0,0,0,0,0,1,1,1,1,
2021,4,25,16,17,54,58,1619331474.058000,0,0,0,0,0,1,1,1,1,
2021,4,25,16,17,54,186,1619331474.186000,0,0,0,0,0,1,1,1,1,
2021,4,25,16,17,54,311,1619331474.311000,0,0,0,0,0,1,1,1,1,
2021,4,25,16,17,54,430,1619331474.430000,0,0,0,0,0,1,1,1,1,
2021,4,25,16,17,54,554,1619331474.554000,0,0,0,0,0,1,1,1,1,
2021,4,25,16,17,54,680,1619331474.680000,0,0,0,0,0,1,1,1,1,
2021,4,25,16,17,54,805,1619331474.805000,0,0,0,0,0,1,1,1,1,
2021,4,25,16,17,54,926,1619331474.926000,0,0,0,0,0,1,1,1,1,
2021,4,25,16,17,55,55,1619331475.055000,0,0,0,0,0,1,1,1,1,
2021,4,25,16,17,55,173,1619331475.173000,0,0,0,0,0,1,1,1,1,
2021,4,25,16,17,55,296,1619331475.296000,0,0,0,0,0,1,1,1,1,
2021,4,25,16,17,55,413,1619331475.413000,0,0,0,0,0,1,1,1,1,
2021,4,25,16,17,55,534,1619331475.534000,0,0,0,0,0,1,1,1,1,
2021,4,25,16,17,55,659,1619331475.659000,0,0,0,0,0,1,1,1,1,
2021,4,25,16,17,55,784,1619331475.784000,0,0,0,0,0,1,1,1,1,
2021,4,25,16,17,55,911,1619331475.911000,0,0,0,0,0,1,1,1,1,
2021,4,25,16,17,56,29,1619331476.029000,0,0,0,0,0,1,1,1,1,
2021,4,25,16,17,56,155,1619331476.155000,0,0,0,0,0,1,1,1,1,
2021,4,25,16,17,56,279,1619331476.279000,0,0,0,0,0,1,1,1,1,
2021,4,25,16,17,56,402,1619331476.402000,0,0,0,0,0,1,1,1,1,
2021,4,25,16,17,56,521,1619331476.521000,0,0,0,0,0,1,1,1,1,
2021,4,25,16,17,56,652,1619331476.652000,0,0,0,0,0,1,1,1,1,
2021,4,25,16,17,56,782,1619331476.782000,0,0,0,0,0,1,1,1,1,
2021,4,25,16,17,56,903,1619331476.903000,0,0,0,0,0,1,1,1,1,
2021,4,25,16,17,57,21,1619331477.021000,0,0,0,0,0,1,1,1,1,
2021,4,25,16,17,57,143,1619331477.143000,0,0,0,0,0,1,1,1,1,
2021,4,25,16,17,57,264,1619331477.264000,0,0,0,0,0,1,1,1,1,
2021,4,25,16,17,57,386,1619331477.386000,0,0,0,0,0,1,1,1,1,
2021,4,25,16,17,57,510,1619331477.510000,0,0,0,0,0,1,1,1,1,
2021,4,25,16,17,57,627,1619331477.627000,0,0,0,0,0,1,1,1,1,
2021,4,25,16,17,57,757,1619331477.757000,0,0,0,0,0,1,1,1,1,
2021,4,25,16,17,57,884,1619331477.884000,0,0,0,0,0,1,1,1,1,
2021,4,25,16,17,58,15,1619331478.015000,0,0,0,0,0,1,1,1,1,
2021,4,25,16,17,58,138,1619331478.138000,0,0,0,0,0,1,1,1,1,
2021,4,25,16,17,58,264,1619331478.264000,0,0,0,0,0,1,1,1,1,
2021,4,25,16,17,58,392,1619331478.392000,0,0,0,0,0,1,1,1,1,
2021,4,25,16,17,58,514,1619331478.514000,0,0,0,0,0,1,1,1,1,
2021,4,25,16,17,58,643,1619331478.643000,0,0,0,0,0,1,1,1,1,
2021,4,25,16,17,58,780,1619331478.780000,0,0,0,0,0,1,1,1,1,
2021,4,25,16,17,58,914,1619331478.914000,0,0,0,0,0,1,1,1,1,
2021,4,25,16,17,59,44,1619331479.044000,0,0,0,0,0,1,1,1,1,
2021,4,25,16,17,59,178,1619331479.178000,0,0,0,0,0,1,1,1,1,
2021,4,25,16,17,59,302,1619331479.302000,0,0,0,0,0,1,1,1,1,
2021,4,25,16,17,59,432,1619331479.432000,0,0,0,0,0,1,1,1,1,
2021,4,25,16,17,59,557,1619331479.557000,0,0,0,0,0,1,1,1,1,
2021,4,25,16,17,59,686,1619331479.686000,0,0,0,0,0,1,1,1,1,
2021,4,25,16,17,59,818,1619331479.818000,0,0,0,0,0,1,1,1,1,
2021,4,25,16,17,59,942,1619331479.942000,0,0,0,0,0,1,1,1,1,
2021,4,25,16,18,0,69,1619331480.069000,0,0,0,0,0,1,1,1,1,
2021,4,25,16,18,0,199,1619331480.199000,0,0,0,0,0,1,1,1,1,
2021,4,25,16,18,0,322,1619331480.322000,0,0,0,0,0,1,1,1,1,
2021,4,25,16,18,0,447,1619331480.447000,0,0,0,0,0,1,1,1,1,
2021,4,25,16,18,0,570,1619331480.570000,0,0,0,0,0,1,1,1,1,
2021,4,25,16,18,0,696,1619331480.696000,0,0,0,0,0,1,1,1,1,
2021,4,25,16,18,0,828,1619331480.828000,0,0,0,0,0,1,1,1,1,
2021,4,25,16,18,0,954,1619331480.954000,0,0,0,0,0,1,1,1,1,
2021,4,25,16,18,1,88,1619331481.088000,0,0,0,0,0,1,1,1,1,
2021,4,25,16,18,1,204,1619331481.204000,0,0,0,0,0,1,1,1,1,
2021,4,25,16,18,1,330,1619331481.330000,0,0,0,0,0,1,1,1,1,
2021,4,25,16,18,1,457,1619331481.457000,0,0,0,0,0,1,1,1,1,
2021,4,25,16,18,1,576,1619331481.576000,0,0,0,0,0,1,1,1,1,
2021,4,25,16,18,1,703,1619331481.703000,0,0,0,0,0,1,1,1,1,
2021,4,25,16,18,1,825,1619331481.825000,0,0,0,0,0,1,1,1,1,
2021,4,25,16,18,1,955,1619331481.955000,0,0,0,0,0,1,1,1,1,
2021,4,25,16,18,2,78,1619331482.078000,0,0,0,0,0,1,1,1,1,
2021,4,25,16,18,2,197,1619331482.197000,0,0,0,0,0,1,1,1,1,
2021,4,25,16,18,2,320,1619331482.320000,0,0,0,0,0,1,1,1,1,
2021,4,25,16,18,2,438,1619331482.438000,0,0,0,0,0,1,1,1,1,
2021,4,25,16,18,2,565,1619331482.565000,0,0,0,0,0,1,1,1,1,
2021,4,25,16,18,2,692,1619331482.692000,0,0,0,0,0,1,1,1,1,
2021,4,25,16,18,2,812,1619331482.812000,0,0,0,0,0,1,1,1,1,
2021,4,25,16,18,2,932,1619331482.932000,0,0,0,0,0,1,1,1,1,
2021,4,25,16,18,3,50,1619331483.050000,0,0,0,0,0,1,1,1,1,
2021,4,25,16,18,3,173,1619331483.173000,0,0,0,0,0,1,1,1,1,
2021,4,25,16,18,3,292,1619331483.292000,0,0,0,0,0,1,1,1,1,
2021,4,25,16,18,3,409,1619331483.409000,0,0,0,0,0,1,1,1,1,
2021,4,25,16,18,3,536,1619331483.536000,0,0,0,0,0,1,1,1,1,
2021,4,25,16,18,3,654,1619331483.654000,0,0,0,0,0,1,1,1,1,
2021,4,25,16,18,3,776,1619331483.776000,0,0,0,0,0,1,1,1,1,
2021,4,25,16,18,3,895,1619331483.895000,0,0,0,0,0,1,1,1,1,
2021,4,25,16,18,4,21,1619331484.021000,0,0,0,0,0,1,1,1,1,
2021,4,25,16,18,4,149,1619331484.149000,0,0,0,0,0,1,1,1,1,
2021,4,25,16,18,4,271,1619331484.271000,0,0,0,0,0,1,1,1,1,
2021,4,25,16,18,4,399,1619331484.399000,0,0,0,0,0,1,1,1,1,
2021,4,25,16,18,4,526,1619331484.526000,0,0,0,0,0,1,1,1,1,
2021,4,25,16,18,4,646,1619331484.646000,0,0,0,0,0,1,1,1,1,
2021,4,25,16,18,4,774,1619331484.774000,0,0,0,0,0,1,1,1,1,
2021,4,25,16,18,4,906,1619331484.906000,0,0,0,0,0,1,1,1,1,
2021,4,25,16,18,5,32,1619331485.032000,0,0,0,0,0,1,1,1,1,
2021,4,25,16,18,5,154,1619331485.154000,0,0,0,0,0,1,1,1,1,
2021,4,25,16,18,5,279,1619331485.279000,0,0,0,0,0,1,1,1,1,
2021,4,25,16,18,5,406,1619331485.406000,0,0,0,0,0,1,1,1,1,
2021,4,25,16,18,5,529,1619331485.529000,0,0,0,0,0,1,1,1,1,
2021,4,25,16,18,5,653,1619331485.653000,0,0,0,0,0,1,1,1,1,
2021,4,25,16,18,5,781,1619331485.781000,0,0,0,0,0,1,1,1,1,
2021,4,25,16,18,5,908,1619331485.908000,0,0,0,0,0,1,1,1,1,
2021,4,25,16,18,6,30,1619331486.030000,0,0,0,0,0,1,1,1,1,
2021,4,25,16,18,6,153,1619331486.153000,0,0,0,0,0,1,1,1,1,
2021,4,25,16,18,6,271,1619331486.271000,0,0,0,0,0,1,1,1,1,
2021,4,25,16,18,6,396,1619331486.396000,0,0,0,0,0,1,1,1,1,
2021,4,25,16,18,6,523,1619331486.523000,0,0,0,0,0,1,1,1,1,
2021,4,25,16,18,6,646,1619331486.646000,0,0,0,0,0,1,1,1,1,
2021,4,25,16,18,6,778,1619331486.778000,0,0,0,0,0,1,1,1,1,
2021,4,25,16,18,6,904,1619331486.904000,0,0,0,0,0,1,1,1,1,
2021,4,25,16,18,7,27,1619331487.027000,0,0,0,0,0,1,1,1,1,
2021,4,25,16,18,7,152,1619331487.152000,0,0,0,0,0,1,1,1,1,
2021,4,25,16,18,7,274,1619331487.274000,0,0,0,0,0,1,1,1,1,
2021,4,25,16,18,7,397,1619331487.397000,0,0,0,0,0,1,1,1,1,
2021,4,25,16,18,7,521,1619331487.521000,0,0,0,0,0,1,1,1,1,
2021,4,25,16,18,7,646,1619331487.646000,0,0,0,0,0,1,1,1,1,
2021,4,25,16,18,7,773,1619331487.773000,0,0,0,0,0,1,1,1,1,
2021,4,25,16,18,7,901,1619331487.901000,0,0,0,0,0,1,1,1,1,
2021,4,25,16,18,8,22,1619331488.022000,0,0,0,0,0,1,1,1,1,
2021,4,25,16,18,8,144,1619331488.144000,0,0,0,0,0,1,1,1,1,
2021,4,25,16,18,8,269,1619331488.269000,0,0,0,0,0,1,1,1,1,
2021,4,25,16,18,8,398,1619331488.398000,0,0,0,0,0,1,1,1,1,
2021,4,25,16,18,8,525,1619331488.525000,0,0,0,0,0,1,1,1,1,
2021,4,25,16,18,8,649,1619331488.649000,0,0,0,0,0,1,1,1,1,
2021,4,25,16,18,8,774,1619331488.774000,0,0,0,0,0,1,1,1,1,
2021,4,25,16,18,8,903,1619331488.903000,0,0,0,0,0,1,1,1,1,
2021,4,25,16,18,9,32,1619331489.032000,0,0,0,0,0,1,1,1,1,
2021,4,25,16,18,9,154,1619331489.154000,0,0,0,0,0,1,1,1,1,
2021,4,25,16,18,9,269,1619331489.269000,0,0,0,0,0,1,1,1,1,
2021,4,25,16,18,9,397,1619331489.397000,0,0,0,0,0,1,1,1,1,
2021,4,25,16,18,9,527,1619331489.527000,0,0,0,0,0,1,1,1,1,
2021,4,25,16,18,9,648,1619331489.648000,0,0,0,0,0,1,1,1,1,
2021,4,25,16,18,9,772,1619331489.772000,0,0,0,0,0,1,1,1,1,
2021,4,25,16,18,9,901,1619331489.901000,0,0,0,0,0,1,1,1,1,
2021,4,25,16,18,10,26,1619331490.026000,0,0,0,0,0,1,1,1,1,
2021,4,25,16,18,10,148,1619331490.148000,0,0,0,0,0,1,1,1,1,
2021,4,25,16,18,10,268,1619331490.268000,0,0,0,0,0,1,1,1,1,
2021,4,25,16,18,10,389,1619331490.389000,0,0,0,0,0,1,1,1,1,
2021,4,25,16,18,10,519,1619331490.519000,0,0,0,0,0,1,1,1,1,
2021,4,25,16,18,10,638,1619331490.638000,0,0,0,0,0,1,1,1,1,
2021,4,25,16,18,10,771,1619331490.771000,0,0,0,0,0,1,1,1,1,
2021,4,25,16,18,10,896,1619331490.896000,0,0,0,0,0,1,1,1,1,
2021,4,25,16,18,11,20,1619331491.020000,0,0,0,0,0,1,1,1,1,
2021,4,25,16,18,11,147,1619331491.147000,0,0,0,0,0,1,1,1,1,
2021,4,25,16,18,11,266,1619331491.266000,0,0,0,0,0,1,1,1,1,
2021,4,25,16,18,11,386,1619331491.386000,0,0,0,0,0,1,1,1,1,
2021,4,25,16,18,11,511,1619331491.511000,0,0,0,0,0,1,1,1,1,
2021,4,25,16,18,11,632,1619331491.632000,0,0,0,0,0,1,1,1,1,
2021,4,25,16,18,11,762,1619331491.762000,0,0,0,0,0,1,1,1,1,
2021,4,25,16,18,11,879,1619331491.879000,0,0,0,0,0,1,1,1,1,
2021,4,25,16,18,12,9,1619331492.009000,0,0,0,0,0,1,1,1,1,
2021,4,25,16,18,12,132,1619331492.132000,0,0,0,0,0,1,1,1,1,
2021,4,25,16,18,12,249,1619331492.249000,0,0,0,0,0,1,1,1,1,
2021,4,25,16,18,12,365,1619331492.365000,0,0,0,0,0,1,1,1,1,
2021,4,25,16,18,12,481,1619331492.481000,0,0,0,0,0,1,1,1,1,
2021,4,25,16,18,12,598,1619331492.598000,0,0,0,0,0,1,1,1,1,
2021,4,25,16,18,12,725,1619331492.725000,0,0,0,0,0,1,1,1,1,
2021,4,25,16,18,12,841,1619331492.841000,0,0,0,0,0,1,1,1,1,
2021,4,25,16,18,12,967,1619331492.967000,0,0,0,0,0,1,1,1,1,
2021,4,25,16,18,13,84,1619331493.084000,0,0,0,0,0,1,1,1,1,
2021,4,25,16,18,13,201,1619331493.201000,0,0,0,0,0,1,1,1,1,
2021,4,25,16,18,13,325,1619331493.325000,0,0,0,0,0,1,1,1,1,
2021,4,25,16,18,13,446,1619331493.446000,0,0,0,0,0,1,1,1,1,
2021,4,25,16,18,13,570,1619331493.570000,0,0,0,0,0,1,1,1,1,
2021,4,25,16,18,13,698,1619331493.698000,0,0,0,0,0,1,1,1,1,
2021,4,25,16,18,13,825,1619331493.825000,0,0,0,0,0,1,1,1,1,
2021,4,25,16,18,13,952,1619331493.952000,0,0,0,0,0,1,1,1,1,
2021,4,25,16,18,14,77,1619331494.077000,0,0,0,0,0,1,1,1,1,
2021,4,25,16,18,14,192,1619331494.192000,0,0,0,0,0,1,1,1,1,
2021,4,25,16,18,14,318,1619331494.318000,0,0,0,0,0,1,1,1,1,
2021,4,25,16,18,14,444,1619331494.444000,0,0,0,0,0,1,1,1,1,
2021,4,25,16,18,14,571,1619331494.571000,0,0,0,0,0,1,1,1,1,
2021,4,25,16,18,14,694,1619331494.694000,0,0,0,0,0,1,1,1,1,
2021,4,25,16,18,14,823,1619331494.823000,0,0,0,0,0,1,1,1,1,
2021,4,25,16,18,14,945,1619331494.945000,0,0,0,0,0,1,1,1,1,
2021,4,25,16,18,15,62,1619331495.062000,0,0,0,0,0,1,1,1,1,
2021,4,25,16,18,15,182,1619331495.182000,0,0,0,0,0,1,1,1,1,
2021,4,25,16,18,15,308,1619331495.308000,0,0,0,0,0,1,1,1,1,
2021,4,25,16,18,15,434,1619331495.434000,0,0,0,0,0,1,1,1,1,
2021,4,25,16,18,15,554,1619331495.554000,0,0,0,0,0,1,1,1,1,
2021,4,25,16,18,15,687,1619331495.687000,0,0,0,0,0,1,1,1,1,
2021,4,25,16,18,15,814,1619331495.814000,0,0,0,0,0,1,1,1,1,
2021,4,25,16,18,15,938,1619331495.938000,0,0,0,0,0,1,1,1,1,
2021,4,25,16,18,16,58,1619331496.058000,0,0,0,0,0,1,1,1,1,
2021,4,25,16,18,16,179,1619331496.179000,0,0,0,0,0,1,1,1,1,
2021,4,25,16,18,16,298,1619331496.298000,0,0,0,0,0,1,1,1,1,
2021,4,25,16,18,16,426,1619331496.426000,0,0,0,0,0,1,1,1,1,
2021,4,25,16,18,16,551,1619331496.551000,0,0,0,0,0,1,1,1,1,
2021,4,25,16,18,16,677,1619331496.677000,0,0,0,0,0,1,1,1,1,
2021,4,25,16,18,16,802,1619331496.802000,0,0,0,0,0,1,1,1,1,
2021,4,25,16,18,16,919,1619331496.919000,0,0,0,0,0,1,1,1,1,
2021,4,25,16,18,17,45,1619331497.045000,0,0,0,0,0,1,1,1,1,
2021,4,25,16,18,17,172,1619331497.172000,0,0,0,0,0,1,1,1,1,
2021,4,25,16,18,17,288,1619331497.288000,0,0,0,0,0,1,1,1,1,
2021,4,25,16,18,17,411,1619331497.411000,0,0,0,0,0,1,1,1,1,
2021,4,25,16,18,17,528,1619331497.528000,0,0,0,0,0,1,1,1,1,
2021,4,25,16,18,17,650,1619331497.650000,0,0,0,0,0,1,1,1,1,
2021,4,25,16,18,17,781,1619331497.781000,0,0,0,0,0,1,1,1,1,
2021,4,25,16,18,17,902,1619331497.902000,0,0,0,0,0,1,1,1,1,
2021,4,25,16,18,18,18,1619331498.018000,0,0,0,0,0,1,1,1,1,
2021,4,25,16,18,18,144,1619331498.144000,0,0,0,0,0,1,1,1,1,
2021,4,25,16,18,18,266,1619331498.266000,0,0,0,0,0,1,1,1,1,
2021,4,25,16,18,18,384,1619331498.384000,0,0,0,0,0,1,1,1,1,
2021,4,25,16,18,18,500,1619331498.500000,0,0,0,0,0,1,1,1,1,
2021,4,25,16,18,18,620,1619331498.620000,0,0,0,0,0,1,1,1,1,
2021,4,25,16,18,18,741,1619331498.741000,0,0,0,0,0,1,1,1,1,
2021,4,25,16,18,18,861,1619331498.861000,0,0,0,0,0,1,1,1,1,
2021,4,25,16,18,18,985,1619331498.985000,0,0,0,0,0,1,1,1,1,
2021,4,25,16,18,19,104,1619331499.104000,0,0,0,0,0,1,1,1,1,
2021,4,25,16,18,19,230,1619331499.230000,0,0,0,0,0,1,1,1,1,
2021,4,25,16,18,19,351,1619331499.351000,0,0,0,0,0,1,1,1,1,
2021,4,25,16,18,19,477,1619331499.477000,0,0,0,0,0,1,1,1,1,
2021,4,25,16,18,19,593,1619331499.593000,0,0,0,0,0,1,1,1,1,
2021,4,25,16,18,19,721,1619331499.721000,0,0,0,0,0,1,1,1,1,
2021,4,25,16,18,19,839,1619331499.839000,0,0,0,0,0,1,1,1,1,
2021,4,25,16,18,19,962,1619331499.962000,0,0,0,0,0,1,1,1,1,
2021,4,25,16,18,20,77,1619331500.077000,0,0,0,0,0,1,1,1,1,
2021,4,25,16,18,20,197,1619331500.197000,0,0,0,0,0,1,1,1,1,
2021,4,25,16,18,20,312,1619331500.312000,0,0,0,0,0,1,1,1,1,
2021,4,25,16,18,20,431,1619331500.431000,0,0,0,0,0,1,1,1,1,
2021,4,25,16,18,20,552,1619331500.552000,0,0,0,0,0,1,1,1,1,
2021,4,25,16,18,20,677,1619331500.677000,0,0,0,0,0,1,1,1,1,
2021,4,25,16,18,20,811,1619331500.811000,0,0,0,0,0,1,1,1,1,
2021,4,25,16,18,20,927,1619331500.927000,0,0,0,0,0,1,1,1,1,
2021,4,25,16,18,21,49,1619331501.049000,0,0,0,0,0,1,1,1,1,
2021,4,25,16,18,21,169,1619331501.169000,0,0,0,0,0,1,1,1,1,
2021,4,25,16,18,21,294,1619331501.294000,0,0,0,0,0,1,1,1,1,
2021,4,25,16,18,21,409,1619331501.409000,0,0,0,0,0,1,1,1,1,
2021,4,25,16,18,21,527,1619331501.527000,0,0,0,0,0,1,1,1,1,
2021,4,25,16,18,21,652,1619331501.652000,0,0,0,0,0,1,1,1,1,
2021,4,25,16,18,21,774,1619331501.774000,0,0,0,0,0,1,1,1,1,
2021,4,25,16,18,21,899,1619331501.899000,0,0,0,0,0,1,1,1,1,
2021,4,25,16,18,22,23,1619331502.023000,0,0,0,0,0,1,1,1,1,
2021,4,25,16,18,22,150,1619331502.150000,0,0,0,0,0,1,1,1,1,
2021,4,25,16,18,22,273,1619331502.273000,0,0,0,0,0,1,1,1,1,
2021,4,25,16,18,22,388,1619331502.388000,0,0,0,0,0,1,1,1,1,
2021,4,25,16,18,22,508,1619331502.508000,0,0,0,0,0,1,1,1,1,
2021,4,25,16,18,22,623,1619331502.623000,0,0,0,0,0,1,1,1,1,
2021,4,25,16,18,22,750,1619331502.750000,0,0,0,0,0,1,1,1,1,
2021,4,25,16,18,22,877,1619331502.877000,0,0,0,0,0,1,1,1,1,
2021,4,25,16,18,23,5,1619331503.005000,0,0,0,0,0,1,1,1,1,
2021,4,25,16,18,23,127,1619331503.127000,0,0,0,0,0,1,1,1,1,
2021,4,25,16,18,23,251,1619331503.251000,0,0,0,0,0,1,1,1,1,
2021,4,25,16,18,23,368,1619331503.368000,0,0,0,0,0,1,1,1,1,
2021,4,25,16,18,23,488,1619331503.488000,0,0,0,0,0,1,1,1,1,
2021,4,25,16,18,23,605,1619331503.605000,0,0,0,0,0,1,1,1,1,
2021,4,25,16,18,23,722,1619331503.722000,0,0,0,0,0,1,1,1,1,
2021,4,25,16,18,23,846,1619331503.846000,0,0,0,0,0,1,1,1,1,
2021,4,25,16,18,23,967,1619331503.967000,0,0,0,0,0,1,1,1,1,
2021,4,25,16,18,24,97,1619331504.097000,0,0,0,0,0,1,1,1,1,
2021,4,25,16,18,24,217,1619331504.217000,0,0,0,0,0,1,1,1,1,
2021,4,25,16,18,24,334,1619331504.334000,0,0,0,0,0,1,1,1,1,
2021,4,25,16,18,24,452,1619331504.452000,0,0,0,0,0,1,1,1,1,
2021,4,25,16,18,24,582,1619331504.582000,0,0,0,0,0,1,1,1,1,
2021,4,25,16,18,24,710,1619331504.710000,0,0,0,0,0,1,1,1,1,
2021,4,25,16,18,24,839,1619331504.839000,0,0,0,0,0,1,1,1,1,
2021,4,25,16,18,24,955,1619331504.955000,0,0,0,0,0,1,1,1,1,
2021,4,25,16,18,25,88,1619331505.088000,0,0,0,0,0,1,1,1,1,
2021,4,25,16,18,25,205,1619331505.205000,0,0,0,0,0,1,1,1,1,
2021,4,25,16,18,25,321,1619331505.321000,0,0,0,0,0,1,1,1,1,
2021,4,25,16,18,25,437,1619331505.437000,0,0,0,0,0,1,1,1,1,
2021,4,25,16,18,25,555,1619331505.555000,0,0,0,0,0,1,1,1,1,
2021,4,25,16,18,25,679,1619331505.679000,0,0,0,0,0,1,1,1,1,
2021,4,25,16,18,25,806,1619331505.806000,0,0,0,0,0,1,1,1,1,
2021,4,25,16,18,25,926,1619331505.926000,0,0,0,0,0,1,1,1,1,
2021,4,25,16,18,26,49,1619331506.049000,0,0,0,0,0,1,1,1,1,
2021,4,25,16,18,26,166,1619331506.166000,0,0,0,0,0,1,1,1,1,
2021,4,25,16,18,26,286,1619331506.286000,0,0,0,0,0,1,1,1,1,
2021,4,25,16,18,26,414,1619331506.414000,0,0,0,0,0,1,1,1,1,
2021,4,25,16,18,26,539,1619331506.539000,0,0,0,0,0,1,1,1,1,
2021,4,25,16,18,26,659,1619331506.659000,0,0,0,0,0,1,1,1,1,
2021,4,25,16,18,26,783,1619331506.783000,0,0,0,0,0,1,1,1,1,
2021,4,25,16,18,26,910,1619331506.910000,0,0,0,0,0,1,1,1,1,
2021,4,25,16,18,27,28,1619331507.028000,0,0,0,0,0,1,1,1,1,
2021,4,25,16,18,27,147,1619331507.147000,0,0,0,0,0,1,1,1,1,
2021,4,25,16,18,27,272,1619331507.272000,0,0,0,0,0,1,1,1,1,
2021,4,25,16,18,27,397,1619331507.397000,0,0,0,0,0,1,1,1,1,
2021,4,25,16,18,27,515,1619331507.515000,0,0,0,0,0,1,1,1,1,
2021,4,25,16,18,27,640,1619331507.640000,0,0,0,0,0,1,1,1,1,
2021,4,25,16,18,27,768,1619331507.768000,0,0,0,0,0,1,1,1,1,
2021,4,25,16,18,27,887,1619331507.887000,0,0,0,0,0,1,1,1,1,
2021,4,25,16,18,28,14,1619331508.014000,0,0,0,0,0,1,1,1,1,
2021,4,25,16,18,28,137,1619331508.137000,0,0,0,0,0,1,1,1,1,
2021,4,25,16,18,28,254,1619331508.254000,0,0,0,0,0,1,1,1,1,
2021,4,25,16,18,28,375,1619331508.375000,0,0,0,0,0,1,1,1,1,
2021,4,25,16,18,28,501,1619331508.501000,0,0,0,0,0,1,1,1,1,
2021,4,25,16,18,28,628,1619331508.628000,0,0,0,0,0,1,1,1,1,
2021,4,25,16,18,28,754,1619331508.754000,0,0,0,0,0,1,1,1,1,
2021,4,25,16,18,28,876,1619331508.876000,0,0,0,0,0,1,1,1,1,
2021,4,25,16,18,28,998,1619331508.998000,0,0,0,0,0,1,1,1,1,
2021,4,25,16,18,29,120,1619331509.120000,0,0,0,0,0,1,1,1,1,
2021,4,25,16,18,29,245,1619331509.245000,0,0,0,0,0,1,1,1,1,
2021,4,25,16,18,29,370,1619331509.370000,0,0,0,0,0,1,1,1,1,
2021,4,25,16,18,29,488,1619331509.488000,0,0,0,0,0,1,1,1,1,
2021,4,25,16,18,29,605,1619331509.605000,0,0,0,0,0,1,1,1,1,
2021,4,25,16,18,29,727,1619331509.727000,0,0,0,0,0,1,1,1,1,
2021,4,25,16,18,29,848,1619331509.848000,0,0,0,0,0,1,1,1,1,
2021,4,25,16,18,29,977,1619331509.977000,0,0,0,0,0,1,1,1,1,
2021,4,25,16,18,30,108,1619331510.108000,0,0,0,0,0,1,1,1,1,
2021,4,25,16,18,30,226,1619331510.226000,0,0,0,0,0,1,1,1,1,
2021,4,25,16,18,30,344,1619331510.344000,0,0,0,0,0,1,1,1,1,
2021,4,25,16,18,30,462,1619331510.462000,0,0,0,0,0,1,1,1,1,
2021,4,25,16,18,30,585,1619331510.585000,0,0,0,0,0,1,1,1,1,
2021,4,25,16,18,30,711,1619331510.711000,0,0,0,0,0,1,1,1,1,
2021,4,25,16,18,30,837,1619331510.837000,0,0,0,0,0,1,1,1,1,
2021,4,25,16,18,30,963,1619331510.963000,0,0,0,0,0,1,1,1,1,
2021,4,25,16,18,31,89,1619331511.089000,0,0,0,0,0,1,1,1,1,
2021,4,25,16,18,31,215,1619331511.215000,0,0,0,0,0,1,1,1,1,
2021,4,25,16,18,31,351,1619331511.351000,0,0,0,0,0,1,1,1,1,
2021,4,25,16,18,31,494,1619331511.494000,0,0,0,0,0,1,1,1,1,
2021,4,25,16,18,31,646,1619331511.646000,0,0,0,0,0,1,1,1,1,
2021,4,25,16,18,31,803,1619331511.803000,0,0,0,0,0,1,1,1,1,
2021,4,25,16,18,31,951,1619331511.951000,0,0,0,0,0,1,1,1,1,
2021,4,25,16,18,32,74,1619331512.074000,0,0,0,0,0,1,1,1,1,
2021,4,25,16,18,32,197,1619331512.197000,0,0,0,0,0,1,1,1,1,
2021,4,25,16,18,32,318,1619331512.318000,0,0,0,0,0,1,1,1,1,
2021,4,25,16,18,32,435,1619331512.435000,0,0,0,0,0,1,1,1,1,
2021,4,25,16,18,32,553,1619331512.553000,0,0,0,0,0,1,1,1,1,
2021,4,25,16,18,32,673,1619331512.673000,0,0,0,0,0,1,1,1,1,
2021,4,25,16,18,32,799,1619331512.799000,0,0,0,0,0,1,1,1,1,
2021,4,25,16,18,32,942,1619331512.942000,0,0,0,0,0,1,1,1,1,
2021,4,25,16,18,33,63,1619331513.063000,0,0,0,0,0,1,1,1,1,
2021,4,25,16,18,33,189,1619331513.189000,0,0,0,0,0,1,1,1,1,
2021,4,25,16,18,33,315,1619331513.315000,0,0,0,0,0,1,1,1,1,
2021,4,25,16,18,33,444,1619331513.444000,0,0,0,0,0,1,1,1,1,
2021,4,25,16,18,33,572,1619331513.572000,0,0,0,0,0,1,1,1,1,
2021,4,25,16,18,33,689,1619331513.689000,0,0,0,0,0,1,1,1,1,
2021,4,25,16,18,33,811,1619331513.811000,0,0,0,0,0,1,1,1,1,
2021,4,25,16,18,33,928,1619331513.928000,0,0,0,0,0,1,1,1,1,
2021,4,25,16,18,34,45,1619331514.045000,0,0,0,0,0,1,1,1,1,
2021,4,25,16,18,34,170,1619331514.170000,0,0,0,0,0,1,1,1,1,
2021,4,25,16,18,34,290,1619331514.290000,0,0,0,0,0,1,1,1,1,
2021,4,25,16,18,34,417,1619331514.417000,0,0,0,0,0,1,1,1,1,
2021,4,25,16,18,34,535,1619331514.535000,0,0,0,0,0,1,1,1,1,
2021,4,25,16,18,34,652,1619331514.652000,0,0,0,0,0,1,1,1,1,
2021,4,25,16,18,34,777,1619331514.777000,0,0,0,0,0,1,1,1,1,
2021,4,25,16,18,34,903,1619331514.903000,0,0,0,0,0,1,1,1,1,
2021,4,25,16,18,35,25,1619331515.025000,0,0,0,0,0,1,1,1,1,
2021,4,25,16,18,35,149,1619331515.149000,0,0,0,0,0,1,1,1,1,
2021,4,25,16,18,35,279,1619331515.279000,0,0,0,0,0,1,1,1,1,
2021,4,25,16,18,35,397,1619331515.397000,0,0,0,0,0,1,1,1,1,
2021,4,25,16,18,35,525,1619331515.525000,0,0,0,0,0,1,1,1,1,
2021,4,25,16,18,35,654,1619331515.654000,0,0,0,0,0,1,1,1,1,
2021,4,25,16,18,35,778,1619331515.778000,0,0,0,0,0,1,1,1,1,
2021,4,25,16,18,35,902,1619331515.902000,0,0,0,0,0,1,1,1,1,
2021,4,25,16,18,36,22,1619331516.022000,0,0,0,0,0,1,1,1,1,
2021,4,25,16,18,36,147,1619331516.147000,0,0,0,0,0,1,1,1,1,
2021,4,25,16,18,36,265,1619331516.265000,0,0,0,0,0,1,1,1,1,
2021,4,25,16,18,36,382,1619331516.382000,0,0,0,0,0,1,1,1,1,
2021,4,25,16,18,36,498,1619331516.498000,0,0,0,0,0,1,1,1,1,
2021,4,25,16,18,36,617,1619331516.617000,0,0,0,0,0,1,1,1,1,
2021,4,25,16,18,36,743,1619331516.743000,0,0,0,0,0,1,1,1,1,
2021,4,25,16,18,36,862,1619331516.862000,0,0,0,0,0,1,1,1,1,
2021,4,25,16,18,36,983,1619331516.983000,0,0,0,0,0,1,1,1,1,
2021,4,25,16,18,37,99,1619331517.099000,0,0,0,0,0,1,1,1,1,
2021,4,25,16,18,37,220,1619331517.220000,0,0,0,0,0,1,1,1,1,
2021,4,25,16,18,37,342,1619331517.342000,0,0,0,0,0,1,1,1,1,
2021,4,25,16,18,37,462,1619331517.462000,0,0,0,0,0,1,1,1,1,
2021,4,25,16,18,37,581,1619331517.581000,0,0,0,0,0,1,1,1,1,
2021,4,25,16,18,37,701,1619331517.701000,0,0,0,0,0,1,1,1,1,
2021,4,25,16,18,37,822,1619331517.822000,0,0,0,0,0,1,1,1,1,
2021,4,25,16,18,37,949,1619331517.949000,0,0,0,0,0,1,1,1,1,
2021,4,25,16,18,38,65,1619331518.065000,0,0,0,0,0,1,1,1,1,
2021,4,25,16,18,38,192,1619331518.192000,0,0,0,0,0,1,1,1,1,
2021,4,25,16,18,38,306,1619331518.306000,0,0,0,0,0,1,1,1,1,
2021,4,25,16,18,38,425,1619331518.425000,0,0,0,0,0,1,1,1,1,
2021,4,25,16,18,38,545,1619331518.545000,0,0,0,0,0,1,1,1,1,
2021,4,25,16,18,38,667,1619331518.667000,0,0,0,0,0,1,1,1,1,
2021,4,25,16,18,38,793,1619331518.793000,0,0,0,0,0,1,1,1,1,
2021,4,25,16,18,38,911,1619331518.911000,0,0,0,0,0,1,1,1,1,
2021,4,25,16,18,39,30,1619331519.030000,0,0,0,0,0,1,1,1,1,
2021,4,25,16,18,39,152,1619331519.152000,0,0,0,0,0,1,1,1,1,
2021,4,25,16,18,39,273,1619331519.273000,0,0,0,0,0,1,1,1,1,
2021,4,25,16,18,39,392,1619331519.392000,0,0,0,0,0,1,1,1,1,
2021,4,25,16,18,39,509,1619331519.509000,0,0,0,0,0,1,1,1,1,
2021,4,25,16,18,39,627,1619331519.627000,0,0,0,0,0,1,1,1,1,
2021,4,25,16,18,39,754,1619331519.754000,0,0,0,0,0,1,1,1,1,
2021,4,25,16,18,39,873,1619331519.873000,0,0,0,0,0,1,1,1,1,
2021,4,25,16,18,40,0,1619331520.000000,0,0,0,0,0,1,1,1,1,
2021,4,25,16,18,40,118,1619331520.118000,0,0,0,0,0,1,1,1,1,
2021,4,25,16,18,40,241,1619331520.241000,0,0,0,0,0,1,1,1,1,
2021,4,25,16,18,40,361,1619331520.361000,0,0,0,0,0,1,1,1,1,
2021,4,25,16,18,40,484,1619331520.484000,0,0,0,0,0,1,1,1,1,
2021,4,25,16,18,40,604,1619331520.604000,0,0,0,0,0,1,1,1,1,
2021,4,25,16,18,40,735,1619331520.735000,0,0,0,0,0,1,1,1,1,
2021,4,25,16,18,40,857,1619331520.857000,0,0,0,0,0,1,1,1,1,
2021,4,25,16,18,40,978,1619331520.978000,0,0,0,0,0,1,1,1,1,
2021,4,25,16,18,41,98,1619331521.098000,0,0,0,0,0,1,1,1,1,
2021,4,25,16,18,41,213,1619331521.213000,0,0,0,0,0,1,1,1,1,
2021,4,25,16,18,41,339,1619331521.339000,0,0,0,0,0,1,1,1,1,
2021,4,25,16,18,41,458,1619331521.458000,0,0,0,0,0,1,1,1,1,
2021,4,25,16,18,41,578,1619331521.578000,0,0,0,0,0,1,1,1,1,
2021,4,25,16,18,41,695,1619331521.695000,0,0,0,0,0,1,1,1,1,
2021,4,25,16,18,41,818,1619331521.818000,0,0,0,0,0,1,1,1,1,
2021,4,25,16,18,41,937,1619331521.937000,0,0,0,0,0,1,1,1,1,
2021,4,25,16,18,42,62,1619331522.062000,0,0,0,0,0,1,1,1,1,
2021,4,25,16,18,42,178,1619331522.178000,0,0,0,0,0,1,1,1,1,
2021,4,25,16,18,42,297,1619331522.297000,0,0,0,0,0,1,1,1,1,
2021,4,25,16,18,42,413,1619331522.413000,0,0,0,0,0,1,1,1,1,
2021,4,25,16,18,42,530,1619331522.530000,0,0,0,0,0,1,1,1,1,
2021,4,25,16,18,42,655,1619331522.655000,0,0,0,0,0,1,1,1,1,
2021,4,25,16,18,42,776,1619331522.776000,0,0,0,0,0,1,1,1,1,
2021,4,25,16,18,42,894,1619331522.894000,0,0,0,0,0,1,1,1,1,
2021,4,25,16,18,43,18,1619331523.018000,0,0,0,0,0,1,1,1,1,
2021,4,25,16,18,43,140,1619331523.140000,0,0,0,0,0,1,1,1,1,
2021,4,25,16,18,43,258,1619331523.258000,0,0,0,0,0,1,1,1,1,
2021,4,25,16,18,43,379,1619331523.379000,0,0,0,0,0,1,1,1,1,
2021,4,25,16,18,43,499,1619331523.499000,0,0,0,0,0,1,1,1,1,
2021,4,25,16,18,43,615,1619331523.615000,0,0,0,0,0,1,1,1,1,
2021,4,25,16,18,43,749,1619331523.749000,0,0,0,0,0,1,1,1,1,
2021,4,25,16,18,43,879,1619331523.879000,0,0,0,0,0,1,1,1,1,
2021,4,25,16,18,44,4,1619331524.004000,0,0,0,0,0,1,1,1,1,
2021,4,25,16,18,44,127,1619331524.127000,0,0,0,0,0,1,1,1,1,
2021,4,25,16,18,44,250,1619331524.250000,0,0,0,0,0,1,1,1,1,
2021,4,25,16,18,44,378,1619331524.378000,0,0,0,0,0,1,1,1,1,
2021,4,25,16,18,44,509,1619331524.509000,0,0,0,0,0,1,1,1,1,
2021,4,25,16,18,44,630,1619331524.630000,0,0,0,0,0,1,1,1,1,
2021,4,25,16,18,44,784,1619331524.784000,0,0,0,0,0,1,1,1,1,
2021,4,25,16,18,44,905,1619331524.905000,0,0,0,0,0,1,1,1,1,
2021,4,25,16,18,45,25,1619331525.025000,0,0,0,0,0,1,1,1,1,
2021,4,25,16,18,45,149,1619331525.149000,0,0,0,0,0,1,1,1,1,
2021,4,25,16,18,45,278,1619331525.278000,0,0,0,0,0,1,1,1,1,
2021,4,25,16,18,45,398,1619331525.398000,0,0,0,0,0,1,1,1,1,
2021,4,25,16,18,45,536,1619331525.536000,0,0,0,0,0,1,1,1,1,
2021,4,25,16,18,45,660,1619331525.660000,0,0,0,0,0,1,1,1,1,
2021,4,25,16,18,45,786,1619331525.786000,0,0,0,0,0,1,1,1,1,
2021,4,25,16,18,45,909,1619331525.909000,0,0,0,0,0,1,1,1,1,
2021,4,25,16,18,46,31,1619331526.031000,0,0,0,0,0,1,1,1,1,
2021,4,25,16,18,46,157,1619331526.157000,0,0,0,0,0,1,1,1,1,
2021,4,25,16,18,46,284,1619331526.284000,0,0,0,0,0,1,1,1,1,
2021,4,25,16,18,46,407,1619331526.407000,0,0,0,0,0,1,1,1,1,
2021,4,25,16,18,46,527,1619331526.527000,0,0,0,0,0,1,1,1,1,
2021,4,25,16,18,46,653,1619331526.653000,0,0,0,0,0,1,1,1,1,
2021,4,25,16,18,46,786,1619331526.786000,0,0,0,0,0,1,1,1,1,
2021,4,25,16,18,46,907,1619331526.907000,0,0,0,0,0,1,1,1,1,
2021,4,25,16,18,47,27,1619331527.027000,0,0,0,0,0,1,1,1,1,
2021,4,25,16,18,47,147,1619331527.147000,0,0,0,0,0,1,1,1,1,
2021,4,25,16,18,47,275,1619331527.275000,0,0,0,0,0,1,1,1,1,
2021,4,25,16,18,47,395,1619331527.395000,0,0,0,0,0,1,1,1,1,
2021,4,25,16,18,47,515,1619331527.515000,0,0,0,0,0,1,1,1,1,
2021,4,25,16,18,47,638,1619331527.638000,0,0,0,0,0,1,1,1,1,
2021,4,25,16,18,47,769,1619331527.769000,0,0,0,0,0,1,1,1,1,
2021,4,25,16,18,47,893,1619331527.893000,0,0,0,0,0,1,1,1,1,
2021,4,25,16,18,48,18,1619331528.018000,0,0,0,0,0,1,1,1,1,
2021,4,25,16,18,48,136,1619331528.136000,0,0,0,0,0,1,1,1,1,
2021,4,25,16,18,48,257,1619331528.257000,0,0,0,0,0,1,1,1,1,
2021,4,25,16,18,48,381,1619331528.381000,0,0,0,0,0,1,1,1,1,
2021,4,25,16,18,48,499,1619331528.499000,0,0,0,0,0,1,1,1,1,
2021,4,25,16,18,48,619,1619331528.619000,0,0,0,0,0,1,1,1,1,
2021,4,25,16,18,48,740,1619331528.740000,0,0,0,0,0,1,1,1,1,
2021,4,25,16,18,48,855,1619331528.855000,0,0,0,0,0,1,1,1,1,
2021,4,25,16,18,48,981,1619331528.981000,0,0,0,0,0,1,1,1,1,
2021,4,25,16,18,49,104,1619331529.104000,0,0,0,0,0,1,1,1,1,
2021,4,25,16,18,49,228,1619331529.228000,0,0,0,0,0,1,1,1,1,
2021,4,25,16,18,49,345,1619331529.345000,0,0,0,0,0,1,1,1,1,
2021,4,25,16,18,49,475,1619331529.475000,0,0,0,0,0,1,1,1,1,
2021,4,25,16,18,49,603,1619331529.603000,0,0,0,0,0,1,1,1,1,
2021,4,25,16,18,49,724,1619331529.724000,0,0,0,0,0,1,1,1,1,
2021,4,25,16,18,49,846,1619331529.846000,0,0,0,0,0,1,1,1,1,
2021,4,25,16,18,49,970,1619331529.970000,0,0,0,0,0,1,1,1,1,
2021,4,25,16,18,50,99,1619331530.099000,0,0,0,0,0,1,1,1,1,
2021,4,25,16,18,50,224,1619331530.224000,0,0,0,0,0,1,1,1,1,
2021,4,25,16,18,50,343,1619331530.343000,0,0,0,0,0,1,1,1,1,
2021,4,25,16,18,50,462,1619331530.462000,0,0,0,0,0,1,1,1,1,
2021,4,25,16,18,50,601,1619331530.601000,0,0,0,0,0,1,1,1,1,
2021,4,25,16,18,50,722,1619331530.722000,0,0,0,0,0,1,1,1,1,
2021,4,25,16,18,50,846,1619331530.846000,0,0,0,0,0,1,1,1,1,
2021,4,25,16,18,50,969,1619331530.969000,0,0,0,0,0,1,1,1,1,
2021,4,25,16,18,51,97,1619331531.097000,0,0,0,0,0,1,1,1,1,
2021,4,25,16,18,51,222,1619331531.222000,0,0,0,0,0,1,1,1,1,
2021,4,25,16,18,51,351,1619331531.351000,0,0,0,0,0,1,1,1,1,
2021,4,25,16,18,51,468,1619331531.468000,0,0,0,0,0,1,1,1,1,
2021,4,25,16,18,51,594,1619331531.594000,0,0,0,0,0,1,1,1,1,
2021,4,25,16,18,51,725,1619331531.725000,0,0,0,0,0,1,1,1,1,
2021,4,25,16,18,51,843,1619331531.843000,0,0,0,0,0,1,1,1,1,
2021,4,25,16,18,51,970,1619331531.970000,0,0,0,0,0,1,1,1,1,
2021,4,25,16,18,52,95,1619331532.095000,0,0,0,0,0,1,1,1,1,
2021,4,25,16,18,52,217,1619331532.217000,0,0,0,0,0,1,1,1,1,
2021,4,25,16,18,52,358,1619331532.358000,0,0,0,0,0,1,1,1,1,
2021,4,25,16,18,52,478,1619331532.478000,0,0,0,0,0,1,1,1,1,
2021,4,25,16,18,52,601,1619331532.601000,0,0,0,0,0,1,1,1,1,
2021,4,25,16,18,52,732,1619331532.732000,0,0,0,0,0,1,1,1,1,
2021,4,25,16,18,52,881,1619331532.881000,0,0,0,0,0,1,1,1,1,
2021,4,25,16,18,53,10,1619331533.010000,0,0,0,0,0,1,1,1,1,
2021,4,25,16,18,53,128,1619331533.128000,0,0,0,0,0,1,1,1,1,
2021,4,25,16,18,53,252,1619331533.252000,0,0,0,0,0,1,1,1,1,
2021,4,25,16,18,53,375,1619331533.375000,0,0,0,0,0,1,1,1,1,
2021,4,25,16,18,53,494,1619331533.494000,0,0,0,0,0,1,1,1,1,
2021,4,25,16,18,53,616,1619331533.616000,0,0,0,0,0,1,1,1,1,
2021,4,25,16,18,53,745,1619331533.745000,0,0,0,0,0,1,1,1,1,
2021,4,25,16,18,53,867,1619331533.867000,0,0,0,0,0,1,1,1,1,
2021,4,25,16,18,53,985,1619331533.985000,0,0,0,0,0,1,1,1,1,
2021,4,25,16,18,54,106,1619331534.106000,0,0,0,0,0,1,1,1,1,
2021,4,25,16,18,54,226,1619331534.226000,0,0,0,0,0,1,1,1,1,
2021,4,25,16,18,54,341,1619331534.341000,0,0,0,0,0,1,1,1,1,
2021,4,25,16,18,54,460,1619331534.460000,0,0,0,0,0,1,1,1,1,
2021,4,25,16,18,54,578,1619331534.578000,0,0,0,0,0,1,1,1,1,
2021,4,25,16,18,54,697,1619331534.697000,0,0,0,0,0,1,1,1,1,
2021,4,25,16,18,54,825,1619331534.825000,0,0,0,0,0,1,1,1,1,
2021,4,25,16,18,54,951,1619331534.951000,0,0,0,0,0,1,1,1,1,
2021,4,25,16,18,55,80,1619331535.080000,0,0,0,0,0,1,1,1,1,
2021,4,25,16,18,55,203,1619331535.203000,0,0,0,0,0,1,1,1,1,
2021,4,25,16,18,55,332,1619331535.332000,0,0,0,0,0,1,1,1,1,
2021,4,25,16,18,55,465,1619331535.465000,0,0,0,0,0,1,1,1,1,
2021,4,25,16,18,55,580,1619331535.580000,0,0,0,0,0,1,1,1,1,
2021,4,25,16,18,55,702,1619331535.702000,0,0,0,0,0,1,1,1,1,
2021,4,25,16,18,55,829,1619331535.829000,0,0,0,0,0,1,1,1,1,
2021,4,25,16,18,55,952,1619331535.952000,0,0,0,0,0,1,1,1,1,
2021,4,25,16,18,56,68,1619331536.068000,0,0,0,0,0,1,1,1,1,
2021,4,25,16,18,56,186,1619331536.186000,0,0,0,0,0,1,1,1,1,
2021,4,25,16,18,56,311,1619331536.311000,0,0,0,0,0,1,1,1,1,
2021,4,25,16,18,56,434,1619331536.434000,0,0,0,0,0,1,1,1,1,
2021,4,25,16,18,56,558,1619331536.558000,0,0,0,0,0,1,1,1,1,
2021,4,25,16,18,56,677,1619331536.677000,0,0,0,0,0,1,1,1,1,
2021,4,25,16,18,56,806,1619331536.806000,0,0,0,0,0,1,1,1,1,
2021,4,25,16,18,56,925,1619331536.925000,0,0,0,0,0,1,1,1,1,
2021,4,25,16,18,57,50,1619331537.050000,0,0,0,0,0,1,1,1,1,
2021,4,25,16,18,57,170,1619331537.170000,0,0,0,0,0,1,1,1,1,
2021,4,25,16,18,57,291,1619331537.291000,0,0,0,0,0,1,1,1,1,
2021,4,25,16,18,57,420,1619331537.420000,0,0,0,0,0,1,1,1,1,
2021,4,25,16,18,57,540,1619331537.540000,0,0,0,0,0,1,1,1,1,
2021,4,25,16,18,57,662,1619331537.662000,0,0,0,0,0,1,1,1,1,
2021,4,25,16,18,57,792,1619331537.792000,0,0,0,0,0,1,1,1,1,
2021,4,25,16,18,57,910,1619331537.910000,0,0,0,0,0,1,1,1,1,
2021,4,25,16,18,58,28,1619331538.028000,0,0,0,0,0,1,1,1,1,
2021,4,25,16,18,58,153,1619331538.153000,0,0,0,0,0,1,1,1,1,
2021,4,25,16,18,58,275,1619331538.275000,0,0,0,0,0,1,1,1,1,
2021,4,25,16,18,58,397,1619331538.397000,0,0,0,0,0,1,1,1,1,
2021,4,25,16,18,58,522,1619331538.522000,0,0,0,0,0,1,1,1,1,
2021,4,25,16,18,58,641,1619331538.641000,0,0,0,0,0,1,1,1,1,
2021,4,25,16,18,58,770,1619331538.770000,0,0,0,0,0,1,1,1,1,
2021,4,25,16,18,58,892,1619331538.892000,0,0,0,0,0,1,1,1,1,
2021,4,25,16,18,59,29,1619331539.029000,0,0,0,0,0,1,1,1,1,
2021,4,25,16,18,59,156,1619331539.156000,0,0,0,0,0,1,1,1,1,
2021,4,25,16,18,59,280,1619331539.280000,0,0,0,0,0,1,1,1,1,
2021,4,25,16,18,59,397,1619331539.397000,0,0,0,0,0,1,1,1,1,
2021,4,25,16,18,59,515,1619331539.515000,0,0,0,0,0,1,1,1,1,
2021,4,25,16,18,59,645,1619331539.645000,0,0,0,0,0,1,1,1,1,
2021,4,25,16,18,59,779,1619331539.779000,0,0,0,0,0,1,1,1,1,
2021,4,25,16,18,59,898,1619331539.898000,0,0,0,0,0,1,1,1,1,
2021,4,25,16,19,0,27,1619331540.027000,0,0,0,0,0,1,1,1,1,
2021,4,25,16,19,0,153,1619331540.153000,0,0,0,0,0,1,1,1,1,
2021,4,25,16,19,0,277,1619331540.277000,0,0,0,0,0,1,1,1,1,
2021,4,25,16,19,0,402,1619331540.402000,0,0,0,0,0,1,1,1,1,
2021,4,25,16,19,0,525,1619331540.525000,0,0,0,0,0,1,1,1,1,
2021,4,25,16,19,0,657,1619331540.657000,0,0,0,0,0,1,1,1,1,
2021,4,25,16,19,0,790,1619331540.790000,0,0,0,0,0,1,1,1,1,
2021,4,25,16,19,0,909,1619331540.909000,0,0,0,0,0,1,1,1,1,
2021,4,25,16,19,1,38,1619331541.038000,0,0,0,0,0,1,1,1,1,
2021,4,25,16,19,1,167,1619331541.167000,0,0,0,0,0,1,1,1,1,
2021,4,25,16,19,1,289,1619331541.289000,0,0,0,0,0,1,1,1,1,
2021,4,25,16,19,1,409,1619331541.409000,0,0,0,0,0,1,1,1,1,
2021,4,25,16,19,1,537,1619331541.537000,0,0,0,0,0,1,1,1,1,
2021,4,25,16,19,1,668,1619331541.668000,0,0,0,0,0,1,1,1,1,
2021,4,25,16,19,1,800,1619331541.800000,0,0,0,0,0,1,1,1,1,
2021,4,25,16,19,1,923,1619331541.923000,0,0,0,0,0,1,1,1,1,
2021,4,25,16,19,2,59,1619331542.059000,0,0,0,0,0,1,1,1,1,
2021,4,25,16,19,2,185,1619331542.185000,0,0,0,0,0,1,1,1,1,
2021,4,25,16,19,2,306,1619331542.306000,0,0,0,0,0,1,1,1,1,
2021,4,25,16,19,2,432,1619331542.432000,0,0,0,0,0,1,1,1,1,
2021,4,25,16,19,2,553,1619331542.553000,0,0,0,0,0,1,1,1,1,
2021,4,25,16,19,2,672,1619331542.672000,0,0,0,0,0,1,1,1,1,
2021,4,25,16,19,2,796,1619331542.796000,0,0,0,0,0,1,1,1,1,
2021,4,25,16,19,2,914,1619331542.914000,0,0,0,0,0,1,1,1,1,
2021,4,25,16,19,3,40,1619331543.040000,0,0,0,0,0,1,1,1,1,
2021,4,25,16,19,3,160,1619331543.160000,0,0,0,0,0,1,1,1,1,
2021,4,25,16,19,3,289,1619331543.289000,0,0,0,0,0,1,1,1,1,
2021,4,25,16,19,3,411,1619331543.411000,0,0,0,0,0,1,1,1,1,
2021,4,25,16,19,3,545,1619331543.545000,0,0,0,0,0,1,1,1,1,
2021,4,25,16,19,3,675,1619331543.675000,0,0,0,0,0,1,1,1,1,
2021,4,25,16,19,3,809,1619331543.809000,0,0,0,0,0,1,1,1,1,
2021,4,25,16,19,3,929,1619331543.929000,0,0,0,0,0,1,1,1,1,
2021,4,25,16,19,4,58,1619331544.058000,0,0,0,0,0,1,1,1,1,
2021,4,25,16,19,4,180,1619331544.180000,0,0,0,0,0,1,1,1,1,
2021,4,25,16,19,4,312,1619331544.312000,0,0,0,0,0,1,1,1,1,
2021,4,25,16,19,4,432,1619331544.432000,0,0,0,0,0,1,1,1,1,
2021,4,25,16,19,4,567,1619331544.567000,0,0,0,0,0,1,1,1,1,
2021,4,25,16,19,4,692,1619331544.692000,0,0,0,0,0,1,1,1,1,
2021,4,25,16,19,4,824,1619331544.824000,0,0,0,0,0,1,1,1,1,
2021,4,25,16,19,4,950,1619331544.950000,0,0,0,0,0,1,1,1,1,
2021,4,25,16,19,5,86,1619331545.086000,0,0,0,0,0,1,1,1,1,
2021,4,25,16,19,5,208,1619331545.208000,0,0,0,0,0,1,1,1,1,
2021,4,25,16,19,5,331,1619331545.331000,0,0,0,0,0,1,1,1,1,
2021,4,25,16,19,5,461,1619331545.461000,0,0,0,0,0,1,1,1,1,
2021,4,25,16,19,5,600,1619331545.600000,0,0,0,0,0,1,1,1,1,
2021,4,25,16,19,5,731,1619331545.731000,0,0,0,0,0,1,1,1,1,
2021,4,25,16,19,5,858,1619331545.858000,0,0,0,0,0,1,1,1,1,
2021,4,25,16,19,5,984,1619331545.984000,0,0,0,0,0,1,1,1,1,
2021,4,25,16,19,6,101,1619331546.101000,0,0,0,0,0,1,1,1,1,
2021,4,25,16,19,6,219,1619331546.219000,0,0,0,0,0,1,1,1,1,
2021,4,25,16,19,6,346,1619331546.346000,0,0,0,0,0,1,1,1,1,
2021,4,25,16,19,6,467,1619331546.467000,0,0,0,0,0,1,1,1,1,
2021,4,25,16,19,6,598,1619331546.598000,0,0,0,0,0,1,1,1,1,
2021,4,25,16,19,6,724,1619331546.724000,0,0,0,0,0,1,1,1,1,
2021,4,25,16,19,6,848,1619331546.848000,0,0,0,0,0,1,1,1,1,
2021,4,25,16,19,6,970,1619331546.970000,0,0,0,0,0,1,1,1,1,
2021,4,25,16,19,7,84,1619331547.084000,0,0,0,0,0,1,1,1,1,
2021,4,25,16,19,7,204,1619331547.204000,0,0,0,0,0,1,1,1,1,
2021,4,25,16,19,7,321,1619331547.321000,0,0,0,0,0,1,1,1,1,
2021,4,25,16,19,7,436,1619331547.436000,0,0,0,0,0,1,1,1,1,
2021,4,25,16,19,7,559,1619331547.559000,0,0,0,0,0,1,1,1,1,
2021,4,25,16,19,7,676,1619331547.676000,0,0,0,0,0,1,1,1,1,
2021,4,25,16,19,7,802,1619331547.802000,0,0,0,0,0,1,1,1,1,
2021,4,25,16,19,7,918,1619331547.918000,0,0,0,0,0,1,1,1,1,
2021,4,25,16,19,8,34,1619331548.034000,0,0,0,0,0,1,1,1,1,
2021,4,25,16,19,8,159,1619331548.159000,0,0,0,0,0,1,1,1,1,
2021,4,25,16,19,8,293,1619331548.293000,0,0,0,0,0,1,1,1,1,
2021,4,25,16,19,8,417,1619331548.417000,0,0,0,0,0,1,1,1,1,
2021,4,25,16,19,8,540,1619331548.540000,0,0,0,0,0,1,1,1,1,
2021,4,25,16,19,8,659,1619331548.659000,0,0,0,0,0,1,1,1,1,
2021,4,25,16,19,8,791,1619331548.791000,0,0,0,0,0,1,1,1,1,
2021,4,25,16,19,8,909,1619331548.909000,0,0,0,0,0,1,1,1,1,
2021,4,25,16,19,9,30,1619331549.030000,0,0,0,0,0,1,1,1,1,
2021,4,25,16,19,9,160,1619331549.160000,0,0,0,0,0,1,1,1,1,
2021,4,25,16,19,9,283,1619331549.283000,0,0,0,0,0,1,1,1,1,
2021,4,25,16,19,9,408,1619331549.408000,0,0,0,0,0,1,1,1,1,
2021,4,25,16,19,9,527,1619331549.527000,0,0,0,0,0,1,1,1,1,
2021,4,25,16,19,9,653,1619331549.653000,0,0,0,0,0,1,1,1,1,
2021,4,25,16,19,9,783,1619331549.783000,0,0,0,0,0,1,1,1,1,
2021,4,25,16,19,9,900,1619331549.900000,0,0,0,0,0,1,1,1,1,
2021,4,25,16,19,10,24,1619331550.024000,0,0,0,0,0,1,1,1,1,
2021,4,25,16,19,10,146,1619331550.146000,0,0,0,0,0,1,1,1,1,
2021,4,25,16,19,10,269,1619331550.269000,0,0,0,0,0,1,1,1,1,
2021,4,25,16,19,10,395,1619331550.395000,0,0,0,0,0,1,1,1,1,
2021,4,25,16,19,10,514,1619331550.514000,0,0,0,0,0,1,1,1,1,
2021,4,25,16,19,10,631,1619331550.631000,0,0,0,0,0,1,1,1,1,
2021,4,25,16,19,10,752,1619331550.752000,0,0,0,0,0,1,1,1,1,
2021,4,25,16,19,10,881,1619331550.881000,0,0,0,0,0,1,1,1,1,
2021,4,25,16,19,11,4,1619331551.004000,0,0,0,0,0,1,1,1,1,
2021,4,25,16,19,11,138,1619331551.138000,0,0,0,0,0,1,1,1,1,
2021,4,25,16,19,11,265,1619331551.265000,0,0,0,0,0,1,1,1,1,
2021,4,25,16,19,11,397,1619331551.397000,0,0,0,0,0,1,1,1,1,
2021,4,25,16,19,11,523,1619331551.523000,0,0,0,0,0,1,1,1,1,
2021,4,25,16,19,11,649,1619331551.649000,0,0,0,0,0,1,1,1,1,
2021,4,25,16,19,11,784,1619331551.784000,0,0,0,0,0,1,1,1,1,
2021,4,25,16,19,11,925,1619331551.925000,0,0,0,0,0,1,1,1,1,
2021,4,25,16,19,12,60,1619331552.060000,0,0,0,0,0,1,1,1,1,
2021,4,25,16,19,12,187,1619331552.187000,0,0,0,0,0,1,1,1,1,
2021,4,25,16,19,12,311,1619331552.311000,0,0,0,0,0,1,1,1,1,
2021,4,25,16,19,12,435,1619331552.435000,0,0,0,0,0,1,1,1,1,
2021,4,25,16,19,12,560,1619331552.560000,0,0,0,0,0,1,1,1,1,
2021,4,25,16,19,12,692,1619331552.692000,0,0,0,0,0,1,1,1,1,
2021,4,25,16,19,12,827,1619331552.827000,0,0,0,0,0,1,1,1,1,
2021,4,25,16,19,12,948,1619331552.948000,0,0,0,0,0,1,1,1,1,
2021,4,25,16,19,13,71,1619331553.071000,0,0,0,0,0,1,1,1,1,
2021,4,25,16,19,13,198,1619331553.198000,0,0,0,0,0,1,1,1,1,
2021,4,25,16,19,13,319,1619331553.319000,0,0,0,0,0,1,1,1,1,
2021,4,25,16,19,13,436,1619331553.436000,0,0,0,0,0,1,1,1,1,
2021,4,25,16,19,13,557,1619331553.557000,0,0,0,0,0,1,1,1,1,
2021,4,25,16,19,13,685,1619331553.685000,0,0,0,0,0,1,1,1,1,
2021,4,25,16,19,13,825,1619331553.825000,0,0,0,0,0,1,1,1,1,
2021,4,25,16,19,13,948,1619331553.948000,0,0,0,0,0,1,1,1,1,
2021,4,25,16,19,14,72,1619331554.072000,0,0,0,0,0,1,1,1,1,
2021,4,25,16,19,14,198,1619331554.198000,0,0,0,0,0,1,1,1,1,
2021,4,25,16,19,14,316,1619331554.316000,0,0,0,0,0,1,1,1,1,
2021,4,25,16,19,14,450,1619331554.450000,0,0,0,0,0,1,1,1,1,
2021,4,25,16,19,14,573,1619331554.573000,0,0,0,0,0,1,1,1,1,
2021,4,25,16,19,14,704,1619331554.704000,0,0,0,0,0,1,1,1,1,
2021,4,25,16,19,14,835,1619331554.835000,0,0,0,0,0,1,1,1,1,
2021,4,25,16,19,14,954,1619331554.954000,0,0,0,0,0,1,1,1,1,
2021,4,25,16,19,15,87,1619331555.087000,0,0,0,0,0,1,1,1,1,
2021,4,25,16,19,15,217,1619331555.217000,0,0,0,0,0,1,1,1,1,
2021,4,25,16,19,15,341,1619331555.341000,0,0,0,0,0,1,1,1,1,
2021,4,25,16,19,15,464,1619331555.464000,0,0,0,0,0,1,1,1,1,
2021,4,25,16,19,15,591,1619331555.591000,0,0,0,0,0,1,1,1,1,
2021,4,25,16,19,15,718,1619331555.718000,0,0,0,0,0,1,1,1,1,
2021,4,25,16,19,15,854,1619331555.854000,0,0,0,0,0,1,1,1,1,
2021,4,25,16,19,15,976,1619331555.976000,0,0,0,0,0,1,1,1,1,
2021,4,25,16,19,16,105,1619331556.105000,0,0,0,0,0,1,1,1,1,
2021,4,25,16,19,16,234,1619331556.234000,0,0,0,0,0,1,1,1,1,
2021,4,25,16,19,16,356,1619331556.356000,0,0,0,0,0,1,1,1,1,
2021,4,25,16,19,16,482,1619331556.482000,0,0,0,0,0,1,1,1,1,
2021,4,25,16,19,16,609,1619331556.609000,0,0,0,0,0,1,1,1,1,
2021,4,25,16,19,16,741,1619331556.741000,0,0,0,0,0,1,1,1,1,
2021,4,25,16,19,16,872,1619331556.872000,0,0,0,0,0,1,1,1,1,
2021,4,25,16,19,16,995,1619331556.995000,0,0,0,0,0,1,1,1,1,
2021,4,25,16,19,17,121,1619331557.121000,0,0,0,0,0,1,1,1,1,
2021,4,25,16,19,17,243,1619331557.243000,0,0,0,0,0,1,1,1,1,
2021,4,25,16,19,17,363,1619331557.363000,0,0,0,0,0,1,1,1,1,
2021,4,25,16,19,17,486,1619331557.486000,0,0,0,0,0,1,1,1,1,
2021,4,25,16,19,17,604,1619331557.604000,0,0,0,0,0,1,1,1,1,
2021,4,25,16,19,17,727,1619331557.727000,0,0,0,0,0,1,1,1,1,
2021,4,25,16,19,17,848,1619331557.848000,0,0,0,0,0,1,1,1,1,
2021,4,25,16,19,17,976,1619331557.976000,0,0,0,0,0,1,1,1,1,
2021,4,25,16,19,18,98,1619331558.098000,0,0,0,0,0,1,1,1,1,
2021,4,25,16,19,18,226,1619331558.226000,0,0,0,0,0,1,1,1,1,
2021,4,25,16,19,18,342,1619331558.342000,0,0,0,0,0,1,1,1,1,
2021,4,25,16,19,18,460,1619331558.460000,0,0,0,0,0,1,1,1,1,
2021,4,25,16,19,18,582,1619331558.582000,0,0,0,0,0,1,1,1,1,
2021,4,25,16,19,18,703,1619331558.703000,0,0,0,0,0,1,1,1,1,
2021,4,25,16,19,18,825,1619331558.825000,0,0,0,0,0,1,1,1,1,
2021,4,25,16,19,18,942,1619331558.942000,0,0,0,0,0,1,1,1,1,
2021,4,25,16,19,19,68,1619331559.068000,0,0,0,0,0,1,1,1,1,
2021,4,25,16,19,19,187,1619331559.187000,0,0,0,0,0,1,1,1,1,
2021,4,25,16,19,19,306,1619331559.306000,0,0,0,0,0,1,1,1,1,
2021,4,25,16,19,19,424,1619331559.424000,0,0,0,0,0,1,1,1,1,
2021,4,25,16,19,19,543,1619331559.543000,0,0,0,0,0,1,1,1,1,
2021,4,25,16,19,19,660,1619331559.660000,0,0,0,0,0,1,1,1,1,
2021,4,25,16,19,19,787,1619331559.787000,0,0,0,0,0,1,1,1,1,
2021,4,25,16,19,19,918,1619331559.918000,0,0,0,0,0,1,1,1,1,
2021,4,25,16,19,20,42,1619331560.042000,0,0,0,0,0,1,1,1,1,
2021,4,25,16,19,20,165,1619331560.165000,0,0,0,0,0,1,1,1,1,
2021,4,25,16,19,20,285,1619331560.285000,0,0,0,0,0,1,1,1,1,
2021,4,25,16,19,20,416,1619331560.416000,0,0,0,0,0,1,1,1,1,
2021,4,25,16,19,20,536,1619331560.536000,0,0,0,0,0,1,1,1,1,
2021,4,25,16,19,20,655,1619331560.655000,0,0,0,0,0,1,1,1,1,
2021,4,25,16,19,20,774,1619331560.774000,0,0,0,0,0,1,1,1,1,
2021,4,25,16,19,20,897,1619331560.897000,0,0,0,0,0,1,1,1,1,
2021,4,25,16,19,21,19,1619331561.019000,0,0,0,0,0,1,1,1,1,
2021,4,25,16,19,21,141,1619331561.141000,0,0,0,0,0,1,1,1,1,
2021,4,25,16,19,21,261,1619331561.261000,0,0,0,0,0,1,1,1,1,
2021,4,25,16,19,21,382,1619331561.382000,0,0,0,0,0,1,1,1,1,
2021,4,25,16,19,21,508,1619331561.508000,0,0,0,0,0,1,1,1,1,
2021,4,25,16,19,21,634,1619331561.634000,0,0,0,0,0,1,1,1,1,
2021,4,25,16,19,21,761,1619331561.761000,0,0,0,0,0,1,1,1,1,
2021,4,25,16,19,21,882,1619331561.882000,0,0,0,0,0,1,1,1,1,
2021,4,25,16,19,22,4,1619331562.004000,0,0,0,0,0,1,1,1,1,
2021,4,25,16,19,22,127,1619331562.127000,0,0,0,0,0,1,1,1,1,
2021,4,25,16,19,22,250,1619331562.250000,0,0,0,0,0,1,1,1,1,
2021,4,25,16,19,22,373,1619331562.373000,0,0,0,0,0,1,1,1,1,
2021,4,25,16,19,22,500,1619331562.500000,0,0,0,0,0,1,1,1,1,
2021,4,25,16,19,22,622,1619331562.622000,0,0,0,0,0,1,1,1,1,
2021,4,25,16,19,22,751,1619331562.751000,0,0,0,0,0,1,1,1,1,
2021,4,25,16,19,22,874,1619331562.874000,0,0,0,0,0,1,1,1,1,
2021,4,25,16,19,22,993,1619331562.993000,0,0,0,0,0,1,1,1,1,
2021,4,25,16,19,23,121,1619331563.121000,0,0,0,0,0,1,1,1,1,
2021,4,25,16,19,23,242,1619331563.242000,0,0,0,0,0,1,1,1,1,
2021,4,25,16,19,23,366,1619331563.366000,0,0,0,0,0,1,1,1,1,
2021,4,25,16,19,23,512,1619331563.512000,0,0,0,0,0,1,1,1,1,
2021,4,25,16,19,23,654,1619331563.654000,0,0,0,0,0,1,1,1,1,
2021,4,25,16,19,23,783,1619331563.783000,0,0,0,0,0,1,1,1,1,
2021,4,25,16,19,23,913,1619331563.913000,0,0,0,0,0,1,1,1,1,
2021,4,25,16,19,24,41,1619331564.041000,0,0,0,0,0,1,1,1,1,
2021,4,25,16,19,24,176,1619331564.176000,0,0,0,0,0,1,1,1,1,
2021,4,25,16,19,24,304,1619331564.304000,0,0,0,0,0,1,1,1,1,
2021,4,25,16,19,24,425,1619331564.425000,0,0,0,0,0,1,1,1,1,
2021,4,25,16,19,24,543,1619331564.543000,0,0,0,0,0,1,1,1,1,
2021,4,25,16,19,24,663,1619331564.663000,0,0,0,0,0,1,1,1,1,
2021,4,25,16,19,24,783,1619331564.783000,0,0,0,0,0,1,1,1,1,
2021,4,25,16,19,24,900,1619331564.900000,0,0,0,0,0,1,1,1,1,
2021,4,25,16,19,25,22,1619331565.022000,0,0,0,0,0,1,1,1,1,
2021,4,25,16,19,25,147,1619331565.147000,0,0,0,0,0,1,1,1,1,
2021,4,25,16,19,25,268,1619331565.268000,0,0,0,0,0,1,1,1,1,
2021,4,25,16,19,25,388,1619331565.388000,0,0,0,0,0,1,1,1,1,
2021,4,25,16,19,25,510,1619331565.510000,0,0,0,0,0,1,1,1,1,
2021,4,25,16,19,25,639,1619331565.639000,0,0,0,0,0,1,1,1,1,
2021,4,25,16,19,25,764,1619331565.764000,0,0,0,0,0,1,1,1,1,
2021,4,25,16,19,25,886,1619331565.886000,0,0,0,0,0,1,1,1,1,
2021,4,25,16,19,26,7,1619331566.007000,0,0,0,0,0,1,1,1,1,
2021,4,25,16,19,26,130,1619331566.130000,0,0,0,0,0,1,1,1,1,
2021,4,25,16,19,26,258,1619331566.258000,0,0,0,0,0,1,1,1,1,
2021,4,25,16,19,26,383,1619331566.383000,0,0,0,0,0,1,1,1,1,
2021,4,25,16,19,26,502,1619331566.502000,0,0,0,0,0,1,1,1,1,
2021,4,25,16,19,26,625,1619331566.625000,0,0,0,0,0,1,1,1,1,
2021,4,25,16,19,26,748,1619331566.748000,0,0,0,0,0,1,1,1,1,
2021,4,25,16,19,26,865,1619331566.865000,0,0,0,0,0,1,1,1,1,
2021,4,25,16,19,26,998,1619331566.998000,0,0,0,0,0,1,1,1,1,
2021,4,25,16,19,27,117,1619331567.117000,0,0,0,0,0,1,1,1,1,
2021,4,25,16,19,27,248,1619331567.248000,0,0,0,0,0,1,1,1,1,
2021,4,25,16,19,27,369,1619331567.369000,0,0,0,0,0,1,1,1,1,
2021,4,25,16,19,27,491,1619331567.491000,0,0,0,0,0,1,1,1,1,
2021,4,25,16,19,27,609,1619331567.609000,0,0,0,0,0,1,1,1,1,
2021,4,25,16,19,27,734,1619331567.734000,0,0,0,0,0,1,1,1,1,
2021,4,25,16,19,27,855,1619331567.855000,0,0,0,0,0,1,1,1,1,
2021,4,25,16,19,27,980,1619331567.980000,0,0,0,0,0,1,1,1,1,
2021,4,25,16,19,28,95,1619331568.095000,0,0,0,0,0,1,1,1,1,
2021,4,25,16,19,28,224,1619331568.224000,0,0,0,0,0,1,1,1,1,
2021,4,25,16,19,28,353,1619331568.353000,0,0,0,0,0,1,1,1,1,
2021,4,25,16,19,28,476,1619331568.476000,0,0,0,0,0,1,1,1,1,
2021,4,25,16,19,28,596,1619331568.596000,0,0,0,0,0,1,1,1,1,
2021,4,25,16,19,28,723,1619331568.723000,0,0,0,0,0,1,1,1,1,
2021,4,25,16,19,28,850,1619331568.850000,0,0,0,0,0,1,1,1,1,
2021,4,25,16,19,28,970,1619331568.970000,0,0,0,0,0,1,1,1,1,
2021,4,25,16,19,29,90,1619331569.090000,0,0,0,0,0,1,1,1,1,
2021,4,25,16,19,29,222,1619331569.222000,0,0,0,0,0,1,1,1,1,
2021,4,25,16,19,29,353,1619331569.353000,0,0,0,0,0,1,1,1,1,
2021,4,25,16,19,29,478,1619331569.478000,0,0,0,0,0,1,1,1,1,
2021,4,25,16,19,29,602,1619331569.602000,0,0,0,0,0,1,1,1,1,
2021,4,25,16,19,29,729,1619331569.729000,0,0,0,0,0,1,1,1,1,
2021,4,25,16,19,29,851,1619331569.851000,0,0,0,0,0,1,1,1,1,
2021,4,25,16,19,29,972,1619331569.972000,0,0,0,0,0,1,1,1,1,
2021,4,25,16,19,30,95,1619331570.095000,0,0,0,0,0,1,1,1,1,
2021,4,25,16,19,30,221,1619331570.221000,0,0,0,0,0,1,1,1,1,
2021,4,25,16,19,30,345,1619331570.345000,0,0,0,0,0,1,1,1,1,
2021,4,25,16,19,30,472,1619331570.472000,0,0,0,0,0,1,1,1,1,
2021,4,25,16,19,30,599,1619331570.599000,0,0,0,0,0,1,1,1,1,
2021,4,25,16,19,30,722,1619331570.722000,0,0,0,0,0,1,1,1,1,
2021,4,25,16,19,30,850,1619331570.850000,0,0,0,0,0,1,1,1,1,
2021,4,25,16,19,30,967,1619331570.967000,0,0,0,0,0,1,1,1,1,
2021,4,25,16,19,31,84,1619331571.084000,0,0,0,0,0,1,1,1,1,
2021,4,25,16,19,31,202,1619331571.202000,0,0,0,0,0,1,1,1,1,
2021,4,25,16,19,31,328,1619331571.328000,0,0,0,0,0,1,1,1,1,
2021,4,25,16,19,31,447,1619331571.447000,0,0,0,0,0,1,1,1,1,
2021,4,25,16,19,31,570,1619331571.570000,0,0,0,0,0,1,1,1,1,
2021,4,25,16,19,31,690,1619331571.690000,0,0,0,0,0,1,1,1,1,
2021,4,25,16,19,31,819,1619331571.819000,0,0,0,0,0,1,1,1,1,
2021,4,25,16,19,31,940,1619331571.940000,0,0,0,0,0,1,1,1,1,
2021,4,25,16,19,32,57,1619331572.057000,0,0,0,0,0,1,1,1,1,
2021,4,25,16,19,32,179,1619331572.179000,0,0,0,0,0,1,1,1,1,
2021,4,25,16,19,32,295,1619331572.295000,0,0,0,0,0,1,1,1,1,
2021,4,25,16,19,32,418,1619331572.418000,0,0,0,0,0,1,1,1,1,
2021,4,25,16,19,32,538,1619331572.538000,0,0,0,0,0,1,1,1,1,
2021,4,25,16,19,32,667,1619331572.667000,0,0,0,0,0,1,1,1,1,
2021,4,25,16,19,32,786,1619331572.786000,0,0,0,0,0,1,1,1,1,
2021,4,25,16,19,32,910,1619331572.910000,0,0,0,0,0,1,1,1,1,
2021,4,25,16,19,33,36,1619331573.036000,0,0,0,0,0,1,1,1,1,
2021,4,25,16,19,33,157,1619331573.157000,0,0,0,0,0,1,1,1,1,
2021,4,25,16,19,33,277,1619331573.277000,0,0,0,0,0,1,1,1,1,
2021,4,25,16,19,33,395,1619331573.395000,0,0,0,0,0,1,1,1,1,
2021,4,25,16,19,33,517,1619331573.517000,0,0,0,0,0,1,1,1,1,
2021,4,25,16,19,33,640,1619331573.640000,0,0,0,0,0,1,1,1,1,
2021,4,25,16,19,33,759,1619331573.759000,0,0,0,0,0,1,1,1,1,
2021,4,25,16,19,33,888,1619331573.888000,0,0,0,0,0,1,1,1,1,
2021,4,25,16,19,34,17,1619331574.017000,0,0,0,0,0,1,1,1,1,
2021,4,25,16,19,34,143,1619331574.143000,0,0,0,0,0,1,1,1,1,
2021,4,25,16,19,34,263,1619331574.263000,0,0,0,0,0,1,1,1,1,
2021,4,25,16,19,34,384,1619331574.384000,0,0,0,0,0,1,1,1,1,
2021,4,25,16,19,34,501,1619331574.501000,0,0,0,0,0,1,1,1,1,
2021,4,25,16,19,34,620,1619331574.620000,0,0,0,0,0,1,1,1,1,
2021,4,25,16,19,34,744,1619331574.744000,0,0,0,0,0,1,1,1,1,
2021,4,25,16,19,34,867,1619331574.867000,0,0,0,0,0,1,1,1,1,
2021,4,25,16,19,34,990,1619331574.990000,0,0,0,0,0,1,1,1,1,
2021,4,25,16,19,35,108,1619331575.108000,0,0,0,0,0,1,1,1,1,
2021,4,25,16,19,35,223,1619331575.223000,0,0,0,0,0,1,1,1,1,
2021,4,25,16,19,35,343,1619331575.343000,0,0,0,0,0,1,1,1,1,
2021,4,25,16,19,35,469,1619331575.469000,0,0,0,0,0,1,1,1,1,
2021,4,25,16,19,35,584,1619331575.584000,0,0,0,0,0,1,1,1,1,
2021,4,25,16,19,35,706,1619331575.706000,0,0,0,0,0,1,1,1,1,
2021,4,25,16,19,35,830,1619331575.830000,0,0,0,0,0,1,1,1,1,
2021,4,25,16,19,35,962,1619331575.962000,0,0,0,0,0,1,1,1,1,
2021,4,25,16,19,36,82,1619331576.082000,0,0,0,0,0,1,1,1,1,
2021,4,25,16,19,36,197,1619331576.197000,0,0,0,0,0,1,1,1,1,
2021,4,25,16,19,36,312,1619331576.312000,0,0,0,0,0,1,1,1,1,
2021,4,25,16,19,36,431,1619331576.431000,0,0,0,0,0,1,1,1,1,
2021,4,25,16,19,36,554,1619331576.554000,0,0,0,0,0,1,1,1,1,
2021,4,25,16,19,36,679,1619331576.679000,0,0,0,0,0,1,1,1,1,
2021,4,25,16,19,36,795,1619331576.795000,0,0,0,0,0,1,1,1,1,
2021,4,25,16,19,36,914,1619331576.914000,0,0,0,0,0,1,1,1,1,
2021,4,25,16,19,37,37,1619331577.037000,0,0,0,0,0,1,1,1,1,
2021,4,25,16,19,37,158,1619331577.158000,0,0,0,0,0,1,1,1,1,
2021,4,25,16,19,37,276,1619331577.276000,0,0,0,0,0,1,1,1,1,
2021,4,25,16,19,37,396,1619331577.396000,0,0,0,0,0,1,1,1,1,
2021,4,25,16,19,37,521,1619331577.521000,0,0,0,0,0,1,1,1,1,
2021,4,25,16,19,37,653,1619331577.653000,0,0,0,0,0,1,1,1,1,
2021,4,25,16,19,37,780,1619331577.780000,0,0,0,0,0,1,1,1,1,
2021,4,25,16,19,37,902,1619331577.902000,0,0,0,0,0,1,1,1,1,
2021,4,25,16,19,38,26,1619331578.026000,0,0,0,0,0,1,1,1,1,
2021,4,25,16,19,38,147,1619331578.147000,0,0,0,0,0,1,1,1,1,
2021,4,25,16,19,38,267,1619331578.267000,0,0,0,0,0,1,1,1,1,
2021,4,25,16,19,38,389,1619331578.389000,0,0,0,0,0,1,1,1,1,
2021,4,25,16,19,38,506,1619331578.506000,0,0,0,0,0,1,1,1,1,
2021,4,25,16,19,38,624,1619331578.624000,0,0,0,0,0,1,1,1,1,
2021,4,25,16,19,38,747,1619331578.747000,0,0,0,0,0,1,1,1,1,
2021,4,25,16,19,38,865,1619331578.865000,0,0,0,0,0,1,1,1,1,
2021,4,25,16,19,38,985,1619331578.985000,0,0,0,0,0,1,1,1,1,
2021,4,25,16,19,39,105,1619331579.105000,0,0,0,0,0,1,1,1,1,
2021,4,25,16,19,39,223,1619331579.223000,0,0,0,0,0,1,1,1,1,
2021,4,25,16,19,39,343,1619331579.343000,0,0,0,0,0,1,1,1,1,
2021,4,25,16,19,39,461,1619331579.461000,0,0,0,0,0,1,1,1,1,
2021,4,25,16,19,39,584,1619331579.584000,0,0,0,0,0,1,1,1,1,
2021,4,25,16,19,39,702,1619331579.702000,0,0,0,0,0,1,1,1,1,
2021,4,25,16,19,39,821,1619331579.821000,0,0,0,0,0,1,1,1,1,
2021,4,25,16,19,39,940,1619331579.940000,0,0,0,0,0,1,1,1,1,
2021,4,25,16,19,40,56,1619331580.056000,0,0,0,0,0,1,1,1,1,
2021,4,25,16,19,40,182,1619331580.182000,0,0,0,0,0,1,1,1,1,
2021,4,25,16,19,40,298,1619331580.298000,0,0,0,0,0,1,1,1,1,
2021,4,25,16,19,40,412,1619331580.412000,0,0,0,0,0,1,1,1,1,
2021,4,25,16,19,40,529,1619331580.529000,0,0,0,0,0,1,1,1,1,
2021,4,25,16,19,40,648,1619331580.648000,0,0,0,0,0,1,1,1,1,
2021,4,25,16,19,40,769,1619331580.769000,0,0,0,0,0,1,1,1,1,
2021,4,25,16,19,40,890,1619331580.890000,0,0,0,0,0,1,1,1,1,
2021,4,25,16,19,41,22,1619331581.022000,0,0,0,0,0,1,1,1,1,
2021,4,25,16,19,41,137,1619331581.137000,0,0,0,0,0,1,1,1,1,
2021,4,25,16,19,41,270,1619331581.270000,0,0,0,0,0,1,1,1,1,
2021,4,25,16,19,41,389,1619331581.389000,0,0,0,0,0,1,1,1,1,
2021,4,25,16,19,41,510,1619331581.510000,0,0,0,0,0,1,1,1,1,
2021,4,25,16,19,41,627,1619331581.627000,0,0,0,0,0,1,1,1,1,
2021,4,25,16,19,41,749,1619331581.749000,0,0,0,0,0,1,1,1,1,
2021,4,25,16,19,41,875,1619331581.875000,0,0,0,0,0,1,1,1,1,
2021,4,25,16,19,42,3,1619331582.003000,0,0,0,0,0,1,1,1,1,
2021,4,25,16,19,42,121,1619331582.121000,0,0,0,0,0,1,1,1,1,
2021,4,25,16,19,42,244,1619331582.244000,0,0,0,0,0,1,1,1,1,
2021,4,25,16,19,42,358,1619331582.358000,0,0,0,0,0,1,1,1,1,
2021,4,25,16,19,42,479,1619331582.479000,0,0,0,0,0,1,1,1,1,
2021,4,25,16,19,42,599,1619331582.599000,0,0,0,0,0,1,1,1,1,
2021,4,25,16,19,42,718,1619331582.718000,0,0,0,0,0,1,1,1,1,
2021,4,25,16,19,42,844,1619331582.844000,0,0,0,0,0,1,1,1,1,
2021,4,25,16,19,42,962,1619331582.962000,0,0,0,0,0,1,1,1,1,
2021,4,25,16,19,43,87,1619331583.087000,0,0,0,0,0,1,1,1,1,
2021,4,25,16,19,43,202,1619331583.202000,0,0,0,0,0,1,1,1,1,
2021,4,25,16,19,43,320,1619331583.320000,0,0,0,0,0,1,1,1,1,
2021,4,25,16,19,43,440,1619331583.440000,0,0,0,0,0,1,1,1,1,
2021,4,25,16,19,43,564,1619331583.564000,0,0,0,0,0,1,1,1,1,
2021,4,25,16,19,43,684,1619331583.684000,0,0,0,0,0,1,1,1,1,
2021,4,25,16,19,43,811,1619331583.811000,0,0,0,0,0,1,1,1,1,
2021,4,25,16,19,43,932,1619331583.932000,0,0,0,0,0,1,1,1,1,
2021,4,25,16,19,44,46,1619331584.046000,0,0,0,0,0,1,1,1,1,
2021,4,25,16,19,44,170,1619331584.170000,0,0,0,0,0,1,1,1,1,
2021,4,25,16,19,44,290,1619331584.290000,0,0,0,0,0,1,1,1,1,
2021,4,25,16,19,44,417,1619331584.417000,0,0,0,0,0,1,1,1,1,
2021,4,25,16,19,44,536,1619331584.536000,0,0,0,0,0,1,1,1,1,
2021,4,25,16,19,44,656,1619331584.656000,0,0,0,0,0,1,1,1,1,
2021,4,25,16,19,44,780,1619331584.780000,0,0,0,0,0,1,1,1,1,
2021,4,25,16,19,44,911,1619331584.911000,0,0,0,0,0,1,1,1,1,
2021,4,25,16,19,45,25,1619331585.025000,0,0,0,0,0,1,1,1,1,
2021,4,25,16,19,45,142,1619331585.142000,0,0,0,0,0,1,1,1,1,
2021,4,25,16,19,45,268,1619331585.268000,0,0,0,0,0,1,1,1,1,
2021,4,25,16,19,45,387,1619331585.387000,0,0,0,0,0,1,1,1,1,
2021,4,25,16,19,45,515,1619331585.515000,0,0,0,0,0,1,1,1,1,
2021,4,25,16,19,45,631,1619331585.631000,0,0,0,0,0,1,1,1,1,
2021,4,25,16,19,45,753,1619331585.753000,0,0,0,0,0,1,1,1,1,
2021,4,25,16,19,45,874,1619331585.874000,0,0,0,0,0,1,1,1,1,
2021,4,25,16,19,45,995,1619331585.995000,0,0,0,0,0,1,1,1,1,
2021,4,25,16,19,46,111,1619331586.111000,0,0,0,0,0,1,1,1,1,
2021,4,25,16,19,46,230,1619331586.230000,0,0,0,0,0,1,1,1,1,
2021,4,25,16,19,46,350,1619331586.350000,0,0,0,0,0,1,1,1,1,
2021,4,25,16,19,46,465,1619331586.465000,0,0,0,0,0,1,1,1,1,
2021,4,25,16,19,46,584,1619331586.584000,0,0,0,0,0,1,1,1,1,
2021,4,25,16,19,46,707,1619331586.707000,0,0,0,0,0,1,1,1,1,
2021,4,25,16,19,46,826,1619331586.826000,0,0,0,0,0,1,1,1,1,
2021,4,25,16,19,46,947,1619331586.947000,0,0,0,0,0,1,1,1,1,
2021,4,25,16,19,47,65,1619331587.065000,0,0,0,0,0,1,1,1,1,
2021,4,25,16,19,47,183,1619331587.183000,0,0,0,0,0,1,1,1,1,
2021,4,25,16,19,47,310,1619331587.310000,0,0,0,0,0,1,1,1,1,
2021,4,25,16,19,47,433,1619331587.433000,0,0,0,0,0,1,1,1,1,
2021,4,25,16,19,47,553,1619331587.553000,0,0,0,0,0,1,1,1,1,
2021,4,25,16,19,47,673,1619331587.673000,0,0,0,0,0,1,1,1,1,
2021,4,25,16,19,47,798,1619331587.798000,0,0,0,0,0,1,1,1,1,
2021,4,25,16,19,47,919,1619331587.919000,0,0,0,0,0,1,1,1,1,
2021,4,25,16,19,48,46,1619331588.046000,0,0,0,0,0,1,1,1,1,
2021,4,25,16,19,48,168,1619331588.168000,0,0,0,0,0,1,1,1,1,
2021,4,25,16,19,48,285,1619331588.285000,0,0,0,0,0,1,1,1,1,
2021,4,25,16,19,48,408,1619331588.408000,0,0,0,0,0,1,1,1,1,
2021,4,25,16,19,48,530,1619331588.530000,0,0,0,0,0,1,1,1,1,
2021,4,25,16,19,48,649,1619331588.649000,0,0,0,0,0,1,1,1,1,
2021,4,25,16,19,48,768,1619331588.768000,0,0,0,0,0,1,1,1,1,
2021,4,25,16,19,48,891,1619331588.891000,0,0,0,0,0,1,1,1,1,
2021,4,25,16,19,49,14,1619331589.014000,0,0,0,0,0,1,1,1,1,
2021,4,25,16,19,49,134,1619331589.134000,0,0,0,0,0,1,1,1,1,
2021,4,25,16,19,49,256,1619331589.256000,0,0,0,0,0,1,1,1,1,
2021,4,25,16,19,49,371,1619331589.371000,0,0,0,0,0,1,1,1,1,
2021,4,25,16,19,49,497,1619331589.497000,0,0,0,0,0,1,1,1,1,
2021,4,25,16,19,49,632,1619331589.632000,0,0,0,0,0,1,1,1,1,
2021,4,25,16,19,49,754,1619331589.754000,0,0,0,0,0,1,1,1,1,
2021,4,25,16,19,49,880,1619331589.880000,0,0,0,0,0,1,1,1,1,
2021,4,25,16,19,50,1,1619331590.001000,0,0,0,0,0,1,1,1,1,
2021,4,25,16,19,50,130,1619331590.130000,0,0,0,0,0,1,1,1,1,
2021,4,25,16,19,50,266,1619331590.266000,0,0,0,0,0,1,1,1,1,
2021,4,25,16,19,50,388,1619331590.388000,0,0,0,0,0,1,1,1,1,
2021,4,25,16,19,50,512,1619331590.512000,0,0,0,0,0,1,1,1,1,
2021,4,25,16,19,50,640,1619331590.640000,0,0,0,0,0,1,1,1,1,
2021,4,25,16,19,50,767,1619331590.767000,0,0,0,0,0,1,1,1,1,
2021,4,25,16,19,50,886,1619331590.886000,0,0,0,0,0,1,1,1,1,
2021,4,25,16,19,51,4,1619331591.004000,0,0,0,0,0,1,1,1,1,
2021,4,25,16,19,51,134,1619331591.134000,0,0,0,0,0,1,1,1,1,
2021,4,25,16,19,51,261,1619331591.261000,0,0,0,0,0,1,1,1,1,
2021,4,25,16,19,51,393,1619331591.393000,0,0,0,0,0,1,1,1,1,
2021,4,25,16,19,51,513,1619331591.513000,0,0,0,0,0,1,1,1,1,
2021,4,25,16,19,51,643,1619331591.643000,0,0,0,0,0,1,1,1,1,
2021,4,25,16,19,51,767,1619331591.767000,0,0,0,0,0,1,1,1,1,
2021,4,25,16,19,51,902,1619331591.902000,0,0,0,0,0,1,1,1,1,
2021,4,25,16,19,52,27,1619331592.027000,0,0,0,0,0,1,1,1,1,
2021,4,25,16,19,52,147,1619331592.147000,0,0,0,0,0,1,1,1,1,
2021,4,25,16,19,52,269,1619331592.269000,0,0,0,0,0,1,1,1,1,
2021,4,25,16,19,52,391,1619331592.391000,0,0,0,0,0,1,1,1,1,
