year,month,day,hour,minute,second,millisecond,UTC,open_CB1-66KV,open_CB2-66KV,open_CB-TRSF1,open_CB2-22KV,I_CB1-66KV,I_CB2-66KV,I_TRSF1-W1,I_TRSF1-W2,I_CB-TRSF1,I_CB2-22KV
2021,4,25,16,17,14,513,1619331434.513000,0,0,0,0,0,0,0,0,0,0,
2021,4,25,16,17,14,641,1619331434.641000,0,1,0,1,17,0,17,30,52,0,
2021,4,25,16,17,14,760,1619331434.760000,0,1,0,1,17,0,17,30,52,0,
2021,4,25,16,17,14,877,1619331434.877000,0,1,0,1,17,0,17,30,52,0,
2021,4,25,16,17,14,998,1619331434.998000,0,1,0,1,17,0,17,30,52,0,
2021,4,25,16,17,15,114,1619331435.114000,0,1,0,1,17,0,17,30,52,0,
2021,4,25,16,17,15,238,1619331435.238000,0,1,0,1,17,0,17,30,52,0,
2021,4,25,16,17,15,360,1619331435.360000,0,1,0,1,17,0,17,30,52,0,
2021,4,25,16,17,15,483,1619331435.483000,0,1,0,1,17,0,17,30,52,0,
2021,4,25,16,17,15,599,1619331435.599000,0,1,0,1,17,0,17,30,52,0,
2021,4,25,16,17,15,718,1619331435.718000,0,1,0,1,17,0,17,30,52,0,
2021,4,25,16,17,15,832,1619331435.832000,0,1,0,1,17,0,17,30,52,0,
2021,4,25,16,17,15,949,1619331435.949000,0,1,0,1,17,0,17,30,52,0,
2021,4,25,16,17,16,64,1619331436.064000,0,1,0,1,17,0,17,30,52,0,
2021,4,25,16,17,16,183,1619331436.183000,0,1,0,1,17,0,17,30,52,0,
2021,4,25,16,17,16,303,1619331436.303000,0,1,0,1,17,0,17,30,52,0,
2021,4,25,16,17,16,426,1619331436.426000,0,1,0,1,17,0,17,30,52,0,
2021,4,25,16,17,16,542,1619331436.542000,0,1,0,1,17,0,17,30,52,0,
2021,4,25,16,17,16,661,1619331436.661000,0,1,0,1,17,0,17,30,52,0,
2021,4,25,16,17,16,774,1619331436.774000,0,1,0,1,17,0,17,30,52,0,
2021,4,25,16,17,16,889,1619331436.889000,0,1,0,1,17,0,17,30,52,0,
2021,4,25,16,17,17,11,1619331437.011000,0,1,0,1,17,0,17,30,52,0,
2021,4,25,16,17,17,135,1619331437.135000,0,1,0,1,17,0,17,30,52,0,
2021,4,25,16,17,17,260,1619331437.260000,0,1,0,1,17,0,17,30,52,0,
2021,4,25,16,17,17,374,1619331437.374000,0,1,0,1,17,0,17,30,52,0,
2021,4,25,16,17,17,489,1619331437.489000,0,1,0,1,17,0,17,30,52,0,
2021,4,25,16,17,17,615,1619331437.615000,0,1,0,1,17,0,17,30,52,0,
2021,4,25,16,17,17,738,1619331437.738000,0,1,0,1,17,0,17,30,52,0,
2021,4,25,16,17,17,858,1619331437.858000,0,1,0,1,17,0,17,30,52,0,
2021,4,25,16,17,17,974,1619331437.974000,0,1,0,1,17,0,17,30,52,0,
2021,4,25,16,17,18,88,1619331438.088000,0,1,0,1,17,0,17,30,52,0,
2021,4,25,16,17,18,209,1619331438.209000,0,1,0,1,17,0,17,30,52,0,
2021,4,25,16,17,18,331,1619331438.331000,0,1,0,1,17,0,17,30,52,0,
2021,4,25,16,17,18,450,1619331438.450000,0,1,0,1,17,0,17,30,52,0,
2021,4,25,16,17,18,566,1619331438.566000,0,1,0,1,17,0,17,30,52,0,
2021,4,25,16,17,18,685,1619331438.685000,0,1,0,1,17,0,17,30,52,0,
2021,4,25,16,17,18,802,1619331438.802000,0,1,0,1,17,0,17,30,52,0,
2021,4,25,16,17,18,922,1619331438.922000,0,1,0,1,17,0,17,30,52,0,
2021,4,25,16,17,19,37,1619331439.037000,0,1,0,1,17,0,17,30,52,0,
2021,4,25,16,17,19,151,1619331439.151000,0,1,0,1,17,0,17,30,52,0,
2021,4,25,16,17,19,268,1619331439.268000,0,1,0,1,17,0,17,30,52,0,
2021,4,25,16,17,19,382,1619331439.382000,0,1,0,1,17,0,17,30,52,0,
2021,4,25,16,17,19,503,1619331439.503000,0,1,0,1,17,0,17,30,52,0,
2021,4,25,16,17,19,627,1619331439.627000,0,1,0,1,17,0,17,30,52,0,
2021,4,25,16,17,19,743,1619331439.743000,0,1,0,1,17,0,17,30,52,0,
2021,4,25,16,17,19,858,1619331439.858000,0,1,0,1,17,0,17,30,52,0,
2021,4,25,16,17,19,986,1619331439.986000,0,1,0,1,17,0,17,30,52,0,
2021,4,25,16,17,20,103,1619331440.103000,0,1,0,1,17,0,17,30,52,0,
2021,4,25,16,17,20,222,1619331440.222000,0,1,0,1,17,0,17,30,52,0,
2021,4,25,16,17,20,335,1619331440.335000,0,1,0,1,17,0,17,30,52,0,
2021,4,25,16,17,20,452,1619331440.452000,0,1,0,1,17,0,17,30,52,0,
2021,4,25,16,17,20,572,1619331440.572000,0,1,0,1,17,0,17,30,52,0,
2021,4,25,16,17,20,687,1619331440.687000,0,1,0,1,17,0,17,30,52,0,
2021,4,25,16,17,20,811,1619331440.811000,0,1,0,1,17,0,17,30,52,0,
2021,4,25,16,17,20,932,1619331440.932000,0,1,0,1,17,0,17,30,52,0,
2021,4,25,16,17,21,56,1619331441.056000,0,1,0,1,17,0,17,30,52,0,
2021,4,25,16,17,21,175,1619331441.175000,0,1,0,1,17,0,17,30,52,0,
2021,4,25,16,17,21,291,1619331441.291000,0,1,0,1,17,0,17,30,52,0,
2021,4,25,16,17,21,415,1619331441.415000,0,1,0,1,17,0,17,30,52,0,
2021,4,25,16,17,21,535,1619331441.535000,0,1,0,1,17,0,17,30,52,0,
2021,4,25,16,17,21,654,1619331441.654000,0,1,0,1,17,0,17,30,52,0,
2021,4,25,16,17,21,780,1619331441.780000,0,1,0,1,17,0,17,30,52,0,
2021,4,25,16,17,21,903,1619331441.903000,0,1,0,1,17,0,17,30,52,0,
2021,4,25,16,17,22,24,1619331442.024000,0,1,0,1,17,0,17,30,52,0,
2021,4,25,16,17,22,141,1619331442.141000,0,1,0,1,17,0,17,30,52,0,
2021,4,25,16,17,22,258,1619331442.258000,0,1,0,1,17,0,17,30,52,0,
2021,4,25,16,17,22,386,1619331442.386000,0,1,0,1,17,0,17,30,52,0,
2021,4,25,16,17,22,508,1619331442.508000,0,1,0,1,17,0,17,30,52,0,
2021,4,25,16,17,22,632,1619331442.632000,0,1,0,1,17,0,17,30,52,0,
2021,4,25,16,17,22,761,1619331442.761000,0,1,0,1,17,0,17,30,52,0,
2021,4,25,16,17,22,878,1619331442.878000,0,1,0,1,17,0,17,30,52,0,
2021,4,25,16,17,23,6,1619331443.006000,0,1,0,1,17,0,17,30,52,0,
2021,4,25,16,17,23,130,1619331443.130000,0,1,0,1,17,0,17,30,52,0,
2021,4,25,16,17,23,255,1619331443.255000,0,1,0,1,17,0,17,30,52,0,
2021,4,25,16,17,23,376,1619331443.376000,0,1,0,1,17,0,17,30,52,0,
2021,4,25,16,17,23,496,1619331443.496000,0,1,0,1,17,0,17,30,52,0,
2021,4,25,16,17,23,618,1619331443.618000,0,1,0,1,17,0,17,30,52,0,
2021,4,25,16,17,23,746,1619331443.746000,0,1,0,1,17,0,17,30,52,0,
2021,4,25,16,17,23,863,1619331443.863000,0,1,0,1,17,0,17,30,52,0,
2021,4,25,16,17,23,981,1619331443.981000,0,1,0,1,17,0,17,30,52,0,
2021,4,25,16,17,24,97,1619331444.097000,0,1,0,1,17,0,17,30,52,0,
2021,4,25,16,17,24,224,1619331444.224000,0,1,0,1,17,0,17,30,52,0,
2021,4,25,16,17,24,341,1619331444.341000,0,1,0,1,17,0,17,30,52,0,
2021,4,25,16,17,24,460,1619331444.460000,0,1,0,1,17,0,17,30,52,0,
2021,4,25,16,17,24,577,1619331444.577000,0,1,0,1,17,0,17,30,52,0,
2021,4,25,16,17,24,696,1619331444.696000,0,1,0,1,17,0,17,30,52,0,
2021,4,25,16,17,24,827,1619331444.827000,0,1,0,1,17,0,17,30,52,0,
2021,4,25,16,17,24,955,1619331444.955000,0,1,0,1,17,0,17,30,52,0,
2021,4,25,16,17,25,72,1619331445.072000,0,1,0,1,17,0,17,30,52,0,
2021,4,25,16,17,25,190,1619331445.190000,0,1,0,1,17,0,17,30,52,0,
2021,4,25,16,17,25,311,1619331445.311000,0,1,0,1,17,0,17,30,52,0,
2021,4,25,16,17,25,441,1619331445.441000,0,1,0,1,17,0,17,30,52,0,
2021,4,25,16,17,25,563,1619331445.563000,0,1,0,1,17,0,17,30,52,0,
2021,4,25,16,17,25,681,1619331445.681000,0,1,0,1,17,0,17,30,52,0,
2021,4,25,16,17,25,807,1619331445.807000,0,1,0,1,17,0,17,30,52,0,
2021,4,25,16,17,25,934,1619331445.934000,0,1,0,1,17,0,17,30,52,0,
2021,4,25,16,17,26,60,1619331446.060000,0,1,0,1,17,0,17,30,52,0,
2021,4,25,16,17,26,181,1619331446.181000,0,1,0,1,17,0,17,30,52,0,
2021,4,25,16,17,26,299,1619331446.299000,0,1,0,1,17,0,17,30,52,0,
2021,4,25,16,17,26,425,1619331446.425000,0,1,0,1,17,0,17,30,52,0,
2021,4,25,16,17,26,551,1619331446.551000,0,1,0,1,17,0,17,30,52,0,
2021,4,25,16,17,26,674,1619331446.674000,0,1,0,1,17,0,17,30,52,0,
2021,4,25,16,17,26,802,1619331446.802000,0,1,0,1,17,0,17,30,52,0,
2021,4,25,16,17,26,929,1619331446.929000,0,1,0,1,17,0,17,30,52,0,
2021,4,25,16,17,27,54,1619331447.054000,0,1,0,1,17,0,17,30,52,0,
2021,4,25,16,17,27,184,1619331447.184000,0,1,0,1,17,0,17,30,52,0,
2021,4,25,16,17,27,310,1619331447.310000,0,1,0,1,17,0,17,30,52,0,
2021,4,25,16,17,27,438,1619331447.438000,0,1,0,1,17,0,17,30,52,0,
2021,4,25,16,17,27,564,1619331447.564000,0,1,0,1,17,0,17,30,52,0,
2021,4,25,16,17,27,691,1619331447.691000,0,1,0,1,17,0,17,30,52,0,
2021,4,25,16,17,27,819,1619331447.819000,0,1,0,1,17,0,17,30,52,0,
2021,4,25,16,17,27,944,1619331447.944000,0,1,0,1,17,0,17,30,52,0,
2021,4,25,16,17,28,64,1619331448.064000,0,1,0,1,17,0,17,30,52,0,
2021,4,25,16,17,28,191,1619331448.191000,0,1,0,1,17,0,17,30,52,0,
2021,4,25,16,17,28,313,1619331448.313000,0,1,0,1,17,0,17,30,52,0,
2021,4,25,16,17,28,439,1619331448.439000,0,1,0,1,17,0,17,30,52,0,
2021,4,25,16,17,28,559,1619331448.559000,0,1,0,1,17,0,17,30,52,0,
2021,4,25,16,17,28,683,1619331448.683000,0,1,0,1,17,0,17,30,52,0,
2021,4,25,16,17,28,814,1619331448.814000,0,1,0,1,17,0,17,30,52,0,
2021,4,25,16,17,28,945,1619331448.945000,0,1,0,1,17,0,17,30,52,0,
2021,4,25,16,17,29,77,1619331449.077000,0,1,0,1,17,0,17,30,52,0,
2021,4,25,16,17,29,205,1619331449.205000,0,1,0,1,17,0,17,30,52,0,
2021,4,25,16,17,29,336,1619331449.336000,0,1,0,1,17,0,17,30,52,0,
2021,4,25,16,17,29,461,1619331449.461000,0,1,0,1,17,0,17,30,52,0,
2021,4,25,16,17,29,581,1619331449.581000,0,1,0,1,17,0,17,30,52,0,
2021,4,25,16,17,29,712,1619331449.712000,0,1,0,1,17,0,17,30,52,0,
2021,4,25,16,17,29,835,1619331449.835000,0,1,0,1,17,0,17,30,52,0,
2021,4,25,16,17,29,965,1619331449.965000,0,1,0,1,17,0,17,30,52,0,
2021,4,25,16,17,30,87,1619331450.087000,0,1,0,1,17,0,17,30,52,0,
2021,4,25,16,17,30,216,1619331450.216000,0,1,0,1,17,0,17,30,52,0,
2021,4,25,16,17,30,338,1619331450.338000,0,1,0,1,17,0,17,30,52,0,
2021,4,25,16,17,30,465,1619331450.465000,0,1,0,1,17,0,17,30,52,0,
2021,4,25,16,17,30,583,1619331450.583000,0,1,0,1,17,0,17,30,52,0,
2021,4,25,16,17,30,704,1619331450.704000,0,1,0,1,17,0,17,30,52,0,
2021,4,25,16,17,30,833,1619331450.833000,0,1,0,1,17,0,17,30,52,0,
2021,4,25,16,17,30,968,1619331450.968000,0,1,0,1,17,0,17,30,52,0,
2021,4,25,16,17,31,97,1619331451.097000,0,1,0,1,17,0,17,30,52,0,
2021,4,25,16,17,31,222,1619331451.222000,0,1,0,1,17,0,17,30,52,0,
2021,4,25,16,17,31,339,1619331451.339000,0,1,0,1,17,0,17,30,52,0,
2021,4,25,16,17,31,464,1619331451.464000,0,1,0,1,17,0,17,30,52,0,
2021,4,25,16,17,31,579,1619331451.579000,0,1,0,1,17,0,17,30,52,0,
2021,4,25,16,17,31,703,1619331451.703000,0,1,0,1,17,0,17,30,52,0,
2021,4,25,16,17,31,824,1619331451.824000,0,1,0,1,17,0,17,30,52,0,
2021,4,25,16,17,31,942,1619331451.942000,0,1,0,1,17,0,17,30,52,0,
2021,4,25,16,17,32,63,1619331452.063000,0,1,0,1,17,0,17,30,52,0,
2021,4,25,16,17,32,200,1619331452.200000,0,1,0,1,17,0,17,30,52,0,
2021,4,25,16,17,32,317,1619331452.317000,0,1,0,1,17,0,17,30,52,0,
2021,4,25,16,17,32,436,1619331452.436000,0,1,0,1,17,0,17,30,52,0,
2021,4,25,16,17,32,561,1619331452.561000,0,1,0,1,17,0,17,30,52,0,
2021,4,25,16,17,32,690,1619331452.690000,0,1,0,1,17,0,17,30,52,0,
2021,4,25,16,17,32,813,1619331452.813000,0,1,0,1,17,0,17,30,52,0,
2021,4,25,16,17,32,932,1619331452.932000,0,1,0,1,17,0,17,30,52,0,
2021,4,25,16,17,33,66,1619331453.066000,0,1,0,1,17,0,17,30,52,0,
2021,4,25,16,17,33,187,1619331453.187000,0,1,0,1,17,0,17,30,52,0,
2021,4,25,16,17,33,311,1619331453.311000,0,1,0,1,17,0,17,30,52,0,
2021,4,25,16,17,33,439,1619331453.439000,0,1,0,1,17,0,17,30,52,0,
2021,4,25,16,17,33,569,1619331453.569000,0,1,0,1,17,0,17,30,52,0,
2021,4,25,16,17,33,700,1619331453.700000,0,1,0,1,17,0,17,30,52,0,
2021,4,25,16,17,33,824,1619331453.824000,0,1,0,1,17,0,17,30,52,0,
2021,4,25,16,17,33,947,1619331453.947000,0,1,0,1,17,0,17,30,52,0,
2021,4,25,16,17,34,79,1619331454.079000,0,1,0,1,17,0,17,30,52,0,
2021,4,25,16,17,34,195,1619331454.195000,0,1,0,1,17,0,17,30,52,0,
2021,4,25,16,17,34,312,1619331454.312000,0,1,0,1,17,0,17,30,52,0,
2021,4,25,16,17,34,431,1619331454.431000,0,1,0,1,17,0,17,30,52,0,
2021,4,25,16,17,34,555,1619331454.555000,0,1,0,1,17,0,17,30,52,0,
2021,4,25,16,17,34,682,1619331454.682000,0,1,0,1,17,0,17,30,52,0,
2021,4,25,16,17,34,806,1619331454.806000,0,1,0,1,17,0,17,30,52,0,
2021,4,25,16,17,34,934,1619331454.934000,0,1,0,1,17,0,17,30,52,0,
2021,4,25,16,17,35,52,1619331455.052000,0,1,0,1,17,0,17,30,52,0,
2021,4,25,16,17,35,174,1619331455.174000,0,1,0,1,17,0,17,30,52,0,
2021,4,25,16,17,35,293,1619331455.293000,0,1,0,1,17,0,17,30,52,0,
2021,4,25,16,17,35,411,1619331455.411000,0,1,0,1,17,0,17,30,52,0,
2021,4,25,16,17,35,526,1619331455.526000,0,1,0,1,17,0,17,30,52,0,
2021,4,25,16,17,35,651,1619331455.651000,0,1,0,1,17,0,17,30,52,0,
2021,4,25,16,17,35,780,1619331455.780000,0,1,0,1,17,0,17,30,52,0,
2021,4,25,16,17,35,903,1619331455.903000,0,1,0,1,17,0,17,30,52,0,
2021,4,25,16,17,36,19,1619331456.019000,0,1,0,1,17,0,17,30,52,0,
2021,4,25,16,17,36,137,1619331456.137000,0,1,0,1,17,0,17,30,52,0,
2021,4,25,16,17,36,266,1619331456.266000,0,1,0,1,17,0,17,30,52,0,
2021,4,25,16,17,36,404,1619331456.404000,0,1,0,1,17,0,17,30,52,0,
2021,4,25,16,17,36,524,1619331456.524000,0,1,0,1,17,0,17,30,52,0,
2021,4,25,16,17,36,643,1619331456.643000,0,1,0,1,17,0,17,30,52,0,
2021,4,25,16,17,36,768,1619331456.768000,0,1,0,1,17,0,17,30,52,0,
2021,4,25,16,17,36,889,1619331456.889000,0,1,0,1,17,0,17,30,52,0,
2021,4,25,16,17,37,6,1619331457.006000,0,1,0,1,17,0,17,30,52,0,
2021,4,25,16,17,37,133,1619331457.133000,0,1,0,1,17,0,17,30,52,0,
2021,4,25,16,17,37,252,1619331457.252000,0,1,0,1,17,0,17,30,52,0,
2021,4,25,16,17,37,378,1619331457.378000,0,1,0,1,17,0,17,30,52,0,
2021,4,25,16,17,37,496,1619331457.496000,0,1,0,1,17,0,17,30,52,0,
2021,4,25,16,17,37,616,1619331457.616000,0,1,0,1,17,0,17,30,52,0,
2021,4,25,16,17,37,738,1619331457.738000,0,1,0,1,17,0,17,30,52,0,
2021,4,25,16,17,37,854,1619331457.854000,0,1,0,1,17,0,17,30,52,0,
2021,4,25,16,17,37,970,1619331457.970000,0,1,0,1,17,0,17,30,52,0,
2021,4,25,16,17,38,89,1619331458.089000,0,1,0,1,17,0,17,30,52,0,
2021,4,25,16,17,38,206,1619331458.206000,0,1,0,1,17,0,17,30,52,0,
2021,4,25,16,17,38,326,1619331458.326000,0,1,0,1,17,0,17,30,52,0,
2021,4,25,16,17,38,442,1619331458.442000,0,1,0,1,17,0,17,30,52,0,
2021,4,25,16,17,38,564,1619331458.564000,0,1,0,1,17,0,17,30,52,0,
2021,4,25,16,17,38,694,1619331458.694000,0,1,0,1,17,0,17,30,52,0,
2021,4,25,16,17,38,817,1619331458.817000,0,1,0,1,17,0,17,30,52,0,
2021,4,25,16,17,38,935,1619331458.935000,0,1,0,1,17,0,17,30,52,0,
2021,4,25,16,17,39,51,1619331459.051000,0,1,0,1,17,0,17,30,52,0,
2021,4,25,16,17,39,171,1619331459.171000,0,1,0,1,17,0,17,30,52,0,
2021,4,25,16,17,39,293,1619331459.293000,0,1,0,1,17,0,17,30,52,0,
2021,4,25,16,17,39,413,1619331459.413000,0,1,0,1,17,0,17,30,52,0,
2021,4,25,16,17,39,530,1619331459.530000,0,1,0,1,17,0,17,30,52,0,
2021,4,25,16,17,39,652,1619331459.652000,0,1,0,1,17,0,17,30,52,0,
2021,4,25,16,17,39,785,1619331459.785000,0,1,0,1,17,0,17,30,52,0,
2021,4,25,16,17,39,912,1619331459.912000,0,1,0,1,17,0,17,30,52,0,
2021,4,25,16,17,40,34,1619331460.034000,0,1,0,1,17,0,17,30,52,0,
2021,4,25,16,17,40,161,1619331460.161000,0,1,0,1,17,0,17,30,52,0,
2021,4,25,16,17,40,280,1619331460.280000,0,1,0,1,17,0,17,30,52,0,
2021,4,25,16,17,40,404,1619331460.404000,0,1,0,1,17,0,17,30,52,0,
2021,4,25,16,17,40,525,1619331460.525000,0,1,0,1,17,0,17,30,52,0,
2021,4,25,16,17,40,648,1619331460.648000,0,1,0,1,17,0,17,30,52,0,
2021,4,25,16,17,40,774,1619331460.774000,0,1,0,1,17,0,17,30,52,0,
2021,4,25,16,17,40,905,1619331460.905000,0,1,0,1,17,0,17,30,52,0,
2021,4,25,16,17,41,29,1619331461.029000,0,1,0,1,17,0,17,30,52,0,
2021,4,25,16,17,41,160,1619331461.160000,0,1,0,1,17,0,17,30,52,0,
2021,4,25,16,17,41,291,1619331461.291000,0,1,0,1,17,0,17,30,52,0,
2021,4,25,16,17,41,419,1619331461.419000,0,1,0,1,17,0,17,30,52,0,
2021,4,25,16,17,41,539,1619331461.539000,0,1,0,1,17,0,17,30,52,0,
2021,4,25,16,17,41,664,1619331461.664000,0,1,0,1,17,0,17,30,52,0,
2021,4,25,16,17,41,788,1619331461.788000,0,1,0,1,17,0,17,30,52,0,
2021,4,25,16,17,41,915,1619331461.915000,0,1,0,1,17,0,17,30,52,0,
2021,4,25,16,17,42,37,1619331462.037000,0,1,0,1,17,0,17,30,52,0,
2021,4,25,16,17,42,158,1619331462.158000,0,1,0,1,17,0,17,30,52,0,
2021,4,25,16,17,42,280,1619331462.280000,0,1,0,1,17,0,17,30,52,0,
2021,4,25,16,17,42,402,1619331462.402000,0,1,0,1,17,0,17,30,52,0,
2021,4,25,16,17,42,530,1619331462.530000,0,1,0,1,17,0,17,30,52,0,
2021,4,25,16,17,42,646,1619331462.646000,0,1,0,1,17,0,17,30,52,0,
2021,4,25,16,17,42,777,1619331462.777000,0,1,0,1,17,0,17,30,52,0,
2021,4,25,16,17,42,895,1619331462.895000,0,1,0,1,17,0,17,30,52,0,
2021,4,25,16,17,43,17,1619331463.017000,0,1,0,1,17,0,17,30,52,0,
2021,4,25,16,17,43,139,1619331463.139000,0,1,0,1,17,0,17,30,52,0,
2021,4,25,16,17,43,256,1619331463.256000,0,1,0,1,17,0,17,30,52,0,
2021,4,25,16,17,43,387,1619331463.387000,0,1,0,1,17,0,17,30,52,0,
2021,4,25,16,17,43,523,1619331463.523000,0,1,0,1,17,0,17,30,52,0,
2021,4,25,16,17,43,645,1619331463.645000,0,1,0,1,17,0,17,30,52,0,
2021,4,25,16,17,43,764,1619331463.764000,0,1,0,1,17,0,17,30,52,0,
2021,4,25,16,17,43,892,1619331463.892000,0,1,0,1,17,0,17,30,52,0,
2021,4,25,16,17,44,16,1619331464.016000,0,1,0,1,17,0,17,30,52,0,
2021,4,25,16,17,44,134,1619331464.134000,0,1,0,1,17,0,17,30,52,0,
2021,4,25,16,17,44,254,1619331464.254000,0,1,0,1,17,0,17,30,52,0,
2021,4,25,16,17,44,370,1619331464.370000,0,1,0,1,17,0,17,30,52,0,
2021,4,25,16,17,44,494,1619331464.494000,0,1,0,1,17,0,17,30,52,0,
2021,4,25,16,17,44,619,1619331464.619000,0,1,0,1,17,0,17,30,52,0,
2021,4,25,16,17,44,739,1619331464.739000,0,1,0,1,17,0,17,30,52,0,
2021,4,25,16,17,44,861,1619331464.861000,0,1,0,1,17,0,17,30,52,0,
2021,4,25,16,17,44,977,1619331464.977000,0,1,0,1,17,0,17,30,52,0,
2021,4,25,16,17,45,99,1619331465.099000,0,1,0,1,17,0,17,30,52,0,
2021,4,25,16,17,45,217,1619331465.217000,0,1,0,1,17,0,17,30,52,0,
2021,4,25,16,17,45,333,1619331465.333000,0,1,0,1,17,0,17,30,52,0,
2021,4,25,16,17,45,451,1619331465.451000,0,1,0,1,17,0,17,30,52,0,
2021,4,25,16,17,45,569,1619331465.569000,0,1,0,1,17,0,17,30,52,0,
2021,4,25,16,17,45,694,1619331465.694000,0,1,0,1,17,0,17,30,52,0,
2021,4,25,16,17,45,815,1619331465.815000,0,1,0,1,17,0,17,30,52,0,
2021,4,25,16,17,45,940,1619331465.940000,0,1,0,1,17,0,17,30,52,0,
2021,4,25,16,17,46,61,1619331466.061000,0,1,0,1,17,0,17,30,52,0,
2021,4,25,16,17,46,179,1619331466.179000,0,1,0,1,17,0,17,30,52,0,
2021,4,25,16,17,46,311,1619331466.311000,0,1,0,1,17,0,17,30,52,0,
2021,4,25,16,17,46,439,1619331466.439000,0,1,0,1,17,0,17,30,52,0,
2021,4,25,16,17,46,558,1619331466.558000,0,1,0,1,17,0,17,30,52,0,
2021,4,25,16,17,46,681,1619331466.681000,0,1,0,1,17,0,17,30,52,0,
2021,4,25,16,17,46,811,1619331466.811000,0,1,0,1,17,0,17,30,52,0,
2021,4,25,16,17,46,935,1619331466.935000,0,1,0,1,17,0,17,30,52,0,
2021,4,25,16,17,47,62,1619331467.062000,0,1,0,1,17,0,17,30,52,0,
2021,4,25,16,17,47,186,1619331467.186000,0,1,0,1,17,0,17,30,52,0,
2021,4,25,16,17,47,311,1619331467.311000,0,1,0,1,17,0,17,30,52,0,
2021,4,25,16,17,47,427,1619331467.427000,0,1,0,1,17,0,17,30,52,0,
2021,4,25,16,17,47,544,1619331467.544000,0,1,0,1,17,0,17,30,52,0,
2021,4,25,16,17,47,668,1619331467.668000,0,1,0,1,17,0,17,30,52,0,
2021,4,25,16,17,47,789,1619331467.789000,0,1,0,1,17,0,17,30,52,0,
2021,4,25,16,17,47,920,1619331467.920000,0,1,0,1,17,0,17,30,52,0,
2021,4,25,16,17,48,42,1619331468.042000,0,1,0,1,17,0,17,30,52,0,
2021,4,25,16,17,48,167,1619331468.167000,0,1,0,1,17,0,17,30,52,0,
2021,4,25,16,17,48,284,1619331468.284000,0,1,0,1,17,0,17,30,52,0,
2021,4,25,16,17,48,405,1619331468.405000,0,1,0,1,17,0,17,30,52,0,
2021,4,25,16,17,48,526,1619331468.526000,0,1,0,1,17,0,17,30,52,0,
2021,4,25,16,17,48,649,1619331468.649000,0,1,0,1,17,0,17,30,52,0,
2021,4,25,16,17,48,777,1619331468.777000,0,1,0,1,17,0,17,30,52,0,
2021,4,25,16,17,48,894,1619331468.894000,0,1,0,1,17,0,17,30,52,0,
2021,4,25,16,17,49,13,1619331469.013000,0,1,0,1,17,0,17,30,52,0,
2021,4,25,16,17,49,139,1619331469.139000,0,1,0,1,17,0,17,30,52,0,
2021,4,25,16,17,49,260,1619331469.260000,0,1,0,1,17,0,17,30,52,0,
2021,4,25,16,17,49,389,1619331469.389000,0,1,0,1,17,0,17,30,52,0,
2021,4,25,16,17,49,505,1619331469.505000,0,1,0,1,17,0,17,30,52,0,
2021,4,25,16,17,49,638,1619331469.638000,0,1,0,1,17,0,17,30,52,0,
2021,4,25,16,17,49,766,1619331469.766000,0,1,0,1,17,0,17,30,52,0,
2021,4,25,16,17,49,897,1619331469.897000,0,1,0,1,17,0,17,30,52,0,
2021,4,25,16,17,50,24,1619331470.024000,0,1,0,1,17,0,17,30,52,0,
2021,4,25,16,17,50,155,1619331470.155000,0,1,0,1,17,0,17,30,52,0,
2021,4,25,16,17,50,282,1619331470.282000,0,1,0,1,17,0,17,30,52,0,
2021,4,25,16,17,50,402,1619331470.402000,0,1,0,1,17,0,17,30,52,0,
2021,4,25,16,17,50,533,1619331470.533000,0,1,0,1,17,0,17,30,52,0,
2021,4,25,16,17,50,664,1619331470.664000,0,1,0,1,17,0,17,30,52,0,
2021,4,25,16,17,50,785,1619331470.785000,0,1,0,1,17,0,17,30,52,0,
2021,4,25,16,17,50,911,1619331470.911000,0,1,0,1,17,0,17,30,52,0,
2021,4,25,16,17,51,28,1619331471.028000,0,1,0,1,17,0,17,30,52,0,
2021,4,25,16,17,51,149,1619331471.149000,0,1,0,1,17,0,17,30,52,0,
2021,4,25,16,17,51,279,1619331471.279000,0,1,0,1,17,0,17,30,52,0,
2021,4,25,16,17,51,399,1619331471.399000,0,1,0,1,17,0,17,30,52,0,
2021,4,25,16,17,51,521,1619331471.521000,0,1,0,1,17,0,17,30,52,0,
2021,4,25,16,17,51,646,1619331471.646000,0,1,0,1,17,0,17,30,52,0,
2021,4,25,16,17,51,772,1619331471.772000,0,1,0,1,17,0,17,30,52,0,
2021,4,25,16,17,51,895,1619331471.895000,0,1,0,1,17,0,17,30,52,0,
2021,4,25,16,17,52,17,1619331472.017000,0,1,0,1,17,0,17,30,52,0,
2021,4,25,16,17,52,140,1619331472.140000,0,1,0,1,17,0,17,30,52,0,
2021,4,25,16,17,52,265,1619331472.265000,0,1,0,1,17,0,17,30,52,0,
2021,4,25,16,17,52,383,1619331472.383000,0,1,0,1,17,0,17,30,52,0,
2021,4,25,16,17,52,501,1619331472.501000,0,1,0,1,17,0,17,30,52,0,
2021,4,25,16,17,52,624,1619331472.624000,0,1,0,1,17,0,17,30,52,0,
2021,4,25,16,17,52,746,1619331472.746000,0,1,0,1,17,0,17,30,52,0,
2021,4,25,16,17,52,870,1619331472.870000,0,1,0,1,17,0,17,30,52,0,
2021,4,25,16,17,52,989,1619331472.989000,0,1,0,1,17,0,17,30,52,0,
2021,4,25,16,17,53,114,1619331473.114000,0,1,0,1,17,0,17,30,52,0,
2021,4,25,16,17,53,240,1619331473.240000,0,1,0,1,17,0,17,30,52,0,
2021,4,25,16,17,53,357,1619331473.357000,0,1,0,1,17,0,17,30,52,0,
2021,4,25,16,17,53,475,1619331473.475000,0,1,0,1,17,0,17,30,52,0,
2021,4,25,16,17,53,594,1619331473.594000,0,1,0,1,17,0,17,30,52,0,
2021,4,25,16,17,53,712,1619331473.712000,0,1,0,1,17,0,17,30,52,0,
2021,4,25,16,17,53,850,1619331473.850000,0,1,0,1,17,0,17,30,52,0,
2021,4,25,16,17,54,4,1619331474.004000,0,1,0,1,17,0,17,30,52,0,
2021,4,25,16,17,54,173,1619331474.173000,0,1,0,1,17,0,17,30,52,0,
2021,4,25,16,17,54,353,1619331474.353000,0,1,0,1,17,0,17,30,52,0,
2021,4,25,16,17,54,506,1619331474.506000,0,1,0,1,17,0,17,30,52,0,
2021,4,25,16,17,54,666,1619331474.666000,0,1,0,1,17,0,17,30,52,0,
2021,4,25,16,17,54,847,1619331474.847000,0,1,0,1,17,0,17,30,52,0,
2021,4,25,16,17,55,40,1619331475.040000,0,1,0,1,17,0,17,30,52,0,
2021,4,25,16,17,55,197,1619331475.197000,0,1,0,1,17,0,17,30,52,0,
2021,4,25,16,17,55,377,1619331475.377000,0,1,0,1,17,0,17,30,52,0,
2021,4,25,16,17,55,530,1619331475.530000,0,1,0,1,17,0,17,30,52,0,
2021,4,25,16,17,55,698,1619331475.698000,0,1,0,1,17,0,17,30,52,0,
2021,4,25,16,17,55,848,1619331475.848000,0,1,0,1,17,0,17,30,52,0,
2021,4,25,16,17,56,17,1619331476.017000,0,1,0,1,17,0,17,30,52,0,
2021,4,25,16,17,56,185,1619331476.185000,0,1,0,1,17,0,17,30,52,0,
2021,4,25,16,17,56,325,1619331476.325000,0,1,0,1,17,0,17,30,52,0,
2021,4,25,16,17,56,472,1619331476.472000,0,1,0,1,17,0,17,30,52,0,
2021,4,25,16,17,56,588,1619331476.588000,0,1,0,1,17,0,17,30,52,0,
2021,4,25,16,17,56,703,1619331476.703000,0,1,0,1,17,0,17,30,52,0,
2021,4,25,16,17,56,821,1619331476.821000,0,1,0,1,17,0,17,30,52,0,
2021,4,25,16,17,56,947,1619331476.947000,0,1,0,1,17,0,17,30,52,0,
2021,4,25,16,17,57,77,1619331477.077000,0,1,0,1,17,0,17,30,52,0,
2021,4,25,16,17,57,199,1619331477.199000,0,1,0,1,17,0,17,30,52,0,
2021,4,25,16,17,57,319,1619331477.319000,0,1,0,1,17,0,17,30,52,0,
2021,4,25,16,17,57,436,1619331477.436000,0,1,0,1,17,0,17,30,52,0,
2021,4,25,16,17,57,555,1619331477.555000,0,1,0,1,17,0,17,30,52,0,
2021,4,25,16,17,57,675,1619331477.675000,0,1,0,1,17,0,17,30,52,0,
2021,4,25,16,17,57,803,1619331477.803000,0,1,0,1,17,0,17,30,52,0,
2021,4,25,16,17,57,927,1619331477.927000,0,1,0,1,17,0,17,30,52,0,
2021,4,25,16,17,58,47,1619331478.047000,0,1,0,1,17,0,17,30,52,0,
2021,4,25,16,17,58,177,1619331478.177000,0,1,0,1,17,0,17,30,52,0,
2021,4,25,16,17,58,299,1619331478.299000,0,1,0,1,17,0,17,30,52,0,
2021,4,25,16,17,58,420,1619331478.420000,0,1,0,1,17,0,17,30,52,0,
2021,4,25,16,17,58,535,1619331478.535000,0,1,0,1,17,0,17,30,52,0,
2021,4,25,16,17,58,660,1619331478.660000,0,1,0,1,17,0,17,30,52,0,
2021,4,25,16,17,58,789,1619331478.789000,0,1,0,1,17,0,17,30,52,0,
2021,4,25,16,17,58,918,1619331478.918000,0,1,0,1,17,0,17,30,52,0,
2021,4,25,16,17,59,46,1619331479.046000,0,1,0,1,17,0,17,30,52,0,
2021,4,25,16,17,59,180,1619331479.180000,0,1,0,1,17,0,17,30,52,0,
2021,4,25,16,17,59,303,1619331479.303000,0,1,0,1,17,0,17,30,52,0,
2021,4,25,16,17,59,433,1619331479.433000,0,1,0,1,17,0,17,30,52,0,
2021,4,25,16,17,59,556,1619331479.556000,0,1,0,1,17,0,17,30,52,0,
2021,4,25,16,17,59,688,1619331479.688000,0,1,0,1,17,0,17,30,52,0,
2021,4,25,16,17,59,818,1619331479.818000,0,1,0,1,17,0,17,30,52,0,
2021,4,25,16,17,59,943,1619331479.943000,0,1,0,1,17,0,17,30,52,0,
2021,4,25,16,18,0,67,1619331480.067000,0,1,0,1,17,0,17,30,52,0,
2021,4,25,16,18,0,198,1619331480.198000,0,1,0,1,17,0,17,30,52,0,
2021,4,25,16,18,0,322,1619331480.322000,0,1,0,1,17,0,17,30,52,0,
2021,4,25,16,18,0,450,1619331480.450000,0,1,0,1,17,0,17,30,52,0,
2021,4,25,16,18,0,575,1619331480.575000,0,1,0,1,17,0,17,30,52,0,
2021,4,25,16,18,0,703,1619331480.703000,0,1,0,1,17,0,17,30,52,0,
2021,4,25,16,18,0,832,1619331480.832000,0,1,0,1,17,0,17,30,52,0,
2021,4,25,16,18,0,961,1619331480.961000,0,1,0,1,17,0,17,30,52,0,
2021,4,25,16,18,1,92,1619331481.092000,0,1,0,1,17,0,17,30,52,0,
2021,4,25,16,18,1,216,1619331481.216000,0,1,0,1,17,0,17,30,52,0,
2021,4,25,16,18,1,347,1619331481.347000,0,1,0,1,17,0,17,30,52,0,
2021,4,25,16,18,1,481,1619331481.481000,0,1,0,1,17,0,17,30,52,0,
2021,4,25,16,18,1,602,1619331481.602000,0,1,0,1,17,0,17,30,52,0,
2021,4,25,16,18,1,726,1619331481.726000,0,1,0,1,17,0,17,30,52,0,
2021,4,25,16,18,1,846,1619331481.846000,0,1,0,1,17,0,17,30,52,0,
2021,4,25,16,18,1,983,1619331481.983000,0,1,0,1,17,0,17,30,52,0,
2021,4,25,16,18,2,111,1619331482.111000,0,1,0,1,17,0,17,30,52,0,
2021,4,25,16,18,2,227,1619331482.227000,0,1,0,1,17,0,17,30,52,0,
2021,4,25,16,18,2,351,1619331482.351000,0,1,0,1,17,0,17,30,52,0,
2021,4,25,16,18,2,472,1619331482.472000,0,1,0,1,17,0,17,30,52,0,
2021,4,25,16,18,2,594,1619331482.594000,0,1,0,1,17,0,17,30,52,0,
2021,4,25,16,18,2,721,1619331482.721000,0,1,0,1,17,0,17,30,52,0,
2021,4,25,16,18,2,845,1619331482.845000,0,1,0,1,17,0,17,30,52,0,
2021,4,25,16,18,2,977,1619331482.977000,0,1,0,1,17,0,17,30,52,0,
2021,4,25,16,18,3,102,1619331483.102000,0,1,0,1,17,0,17,30,52,0,
2021,4,25,16,18,3,228,1619331483.228000,0,1,0,1,17,0,17,30,52,0,
2021,4,25,16,18,3,347,1619331483.347000,0,1,0,1,17,0,17,30,52,0,
2021,4,25,16,18,3,481,1619331483.481000,0,1,0,1,17,0,17,30,52,0,
2021,4,25,16,18,3,613,1619331483.613000,0,1,0,1,17,0,17,30,52,0,
2021,4,25,16,18,3,740,1619331483.740000,0,1,0,1,17,0,17,30,52,0,
2021,4,25,16,18,3,868,1619331483.868000,0,1,0,1,17,0,17,30,52,0,
2021,4,25,16,18,3,999,1619331483.999000,0,1,0,1,17,0,17,30,52,0,
2021,4,25,16,18,4,125,1619331484.125000,0,1,0,1,17,0,17,30,52,0,
2021,4,25,16,18,4,244,1619331484.244000,0,1,0,1,17,0,17,30,52,0,
2021,4,25,16,18,4,366,1619331484.366000,0,1,0,1,17,0,17,30,52,0,
2021,4,25,16,18,4,485,1619331484.485000,0,1,0,1,17,0,17,30,52,0,
2021,4,25,16,18,4,608,1619331484.608000,0,1,0,1,17,0,17,30,52,0,
2021,4,25,16,18,4,741,1619331484.741000,0,1,0,1,17,0,17,30,52,0,
2021,4,25,16,18,4,864,1619331484.864000,0,1,0,1,17,0,17,30,52,0,
2021,4,25,16,18,4,991,1619331484.991000,0,1,0,1,17,0,17,30,52,0,
2021,4,25,16,18,5,110,1619331485.110000,0,1,0,1,17,0,17,30,52,0,
2021,4,25,16,18,5,232,1619331485.232000,0,1,0,1,17,0,17,30,52,0,
2021,4,25,16,18,5,355,1619331485.355000,0,1,0,1,17,0,17,30,52,0,
2021,4,25,16,18,5,481,1619331485.481000,0,1,0,1,17,0,17,30,52,0,
2021,4,25,16,18,5,606,1619331485.606000,0,1,0,1,17,0,17,30,52,0,
2021,4,25,16,18,5,733,1619331485.733000,0,1,0,1,17,0,17,30,52,0,
2021,4,25,16,18,5,852,1619331485.852000,0,1,0,1,17,0,17,30,52,0,
2021,4,25,16,18,5,977,1619331485.977000,0,1,0,1,17,0,17,30,52,0,
2021,4,25,16,18,6,104,1619331486.104000,0,1,0,1,17,0,17,30,52,0,
2021,4,25,16,18,6,222,1619331486.222000,0,1,0,1,17,0,17,30,52,0,
2021,4,25,16,18,6,337,1619331486.337000,0,1,0,1,17,0,17,30,52,0,
2021,4,25,16,18,6,452,1619331486.452000,0,1,0,1,17,0,17,30,52,0,
2021,4,25,16,18,6,570,1619331486.570000,0,1,0,1,17,0,17,30,52,0,
2021,4,25,16,18,6,692,1619331486.692000,0,1,0,1,17,0,17,30,52,0,
2021,4,25,16,18,6,811,1619331486.811000,0,1,0,1,17,0,17,30,52,0,
2021,4,25,16,18,6,932,1619331486.932000,0,1,0,1,17,0,17,30,52,0,
2021,4,25,16,18,7,50,1619331487.050000,0,1,0,1,17,0,17,30,52,0,
2021,4,25,16,18,7,174,1619331487.174000,0,1,0,1,17,0,17,30,52,0,
2021,4,25,16,18,7,298,1619331487.298000,0,1,0,1,17,0,17,30,52,0,
2021,4,25,16,18,7,418,1619331487.418000,0,1,0,1,17,0,17,30,52,0,
2021,4,25,16,18,7,540,1619331487.540000,0,1,0,1,17,0,17,30,52,0,
2021,4,25,16,18,7,670,1619331487.670000,0,1,0,1,17,0,17,30,52,0,
2021,4,25,16,18,7,794,1619331487.794000,0,1,0,1,17,0,17,30,52,0,
2021,4,25,16,18,7,919,1619331487.919000,0,1,0,1,17,0,17,30,52,0,
2021,4,25,16,18,8,37,1619331488.037000,0,1,0,1,17,0,17,30,52,0,
2021,4,25,16,18,8,154,1619331488.154000,0,1,0,1,17,0,17,30,52,0,
2021,4,25,16,18,8,273,1619331488.273000,0,1,0,1,17,0,17,30,52,0,
2021,4,25,16,18,8,403,1619331488.403000,0,1,0,1,17,0,17,30,52,0,
2021,4,25,16,18,8,526,1619331488.526000,0,1,0,1,17,0,17,30,52,0,
2021,4,25,16,18,8,651,1619331488.651000,0,1,0,1,17,0,17,30,52,0,
2021,4,25,16,18,8,775,1619331488.775000,0,1,0,1,17,0,17,30,52,0,
2021,4,25,16,18,8,903,1619331488.903000,0,1,0,1,17,0,17,30,52,0,
2021,4,25,16,18,9,32,1619331489.032000,0,1,0,1,17,0,17,30,52,0,
2021,4,25,16,18,9,154,1619331489.154000,0,1,0,1,17,0,17,30,52,0,
2021,4,25,16,18,9,270,1619331489.270000,0,1,0,1,17,0,17,30,52,0,
2021,4,25,16,18,9,400,1619331489.400000,0,1,0,1,17,0,17,30,52,0,
2021,4,25,16,18,9,522,1619331489.522000,0,1,0,1,17,0,17,30,52,0,
2021,4,25,16,18,9,641,1619331489.641000,0,1,0,1,17,0,17,30,52,0,
2021,4,25,16,18,9,764,1619331489.764000,0,1,0,1,17,0,17,30,52,0,
2021,4,25,16,18,9,883,1619331489.883000,0,1,0,1,17,0,17,30,52,0,
2021,4,25,16,18,10,11,1619331490.011000,0,1,0,1,17,0,17,30,52,0,
2021,4,25,16,18,10,131,1619331490.131000,0,1,0,1,17,0,17,30,52,0,
2021,4,25,16,18,10,249,1619331490.249000,0,1,0,1,17,0,17,30,52,0,
2021,4,25,16,18,10,366,1619331490.366000,0,1,0,1,17,0,17,30,52,0,
2021,4,25,16,18,10,486,1619331490.486000,0,1,0,1,17,0,17,30,52,0,
2021,4,25,16,18,10,607,1619331490.607000,0,1,0,1,17,0,17,30,52,0,
2021,4,25,16,18,10,735,1619331490.735000,0,1,0,1,17,0,17,30,52,0,
2021,4,25,16,18,10,857,1619331490.857000,0,1,0,1,17,0,17,30,52,0,
2021,4,25,16,18,10,982,1619331490.982000,0,1,0,1,17,0,17,30,52,0,
2021,4,25,16,18,11,99,1619331491.099000,0,1,0,1,17,0,17,30,52,0,
2021,4,25,16,18,11,216,1619331491.216000,0,1,0,1,17,0,17,30,52,0,
2021,4,25,16,18,11,331,1619331491.331000,0,1,0,1,17,0,17,30,52,0,
2021,4,25,16,18,11,448,1619331491.448000,0,1,0,1,17,0,17,30,52,0,
2021,4,25,16,18,11,568,1619331491.568000,0,1,0,1,17,0,17,30,52,0,
2021,4,25,16,18,11,683,1619331491.683000,0,1,0,1,17,0,17,30,52,0,
2021,4,25,16,18,11,804,1619331491.804000,0,1,0,1,17,0,17,30,52,0,
2021,4,25,16,18,11,924,1619331491.924000,0,1,0,1,17,0,17,30,52,0,
2021,4,25,16,18,12,46,1619331492.046000,0,1,0,1,17,0,17,30,52,0,
2021,4,25,16,18,12,165,1619331492.165000,0,1,0,1,17,0,17,30,52,0,
2021,4,25,16,18,12,282,1619331492.282000,0,1,0,1,17,0,17,30,52,0,
2021,4,25,16,18,12,401,1619331492.401000,0,1,0,1,17,0,17,30,52,0,
2021,4,25,16,18,12,525,1619331492.525000,0,1,0,1,17,0,17,30,52,0,
2021,4,25,16,18,12,640,1619331492.640000,0,1,0,1,17,0,17,30,52,0,
2021,4,25,16,18,12,764,1619331492.764000,0,1,0,1,17,0,17,30,52,0,
2021,4,25,16,18,12,892,1619331492.892000,0,1,0,1,17,0,17,30,52,0,
2021,4,25,16,18,13,10,1619331493.010000,0,1,0,1,17,0,17,30,52,0,
2021,4,25,16,18,13,138,1619331493.138000,0,1,0,1,17,0,17,30,52,0,
2021,4,25,16,18,13,257,1619331493.257000,0,1,0,1,17,0,17,30,52,0,
2021,4,25,16,18,13,374,1619331493.374000,0,1,0,1,17,0,17,30,52,0,
2021,4,25,16,18,13,492,1619331493.492000,0,1,0,1,17,0,17,30,52,0,
2021,4,25,16,18,13,612,1619331493.612000,0,1,0,1,17,0,17,30,52,0,
2021,4,25,16,18,13,731,1619331493.731000,0,1,0,1,17,0,17,30,52,0,
2021,4,25,16,18,13,853,1619331493.853000,0,1,0,1,17,0,17,30,52,0,
2021,4,25,16,18,13,972,1619331493.972000,0,1,0,1,17,0,17,30,52,0,
2021,4,25,16,18,14,92,1619331494.092000,0,1,0,1,17,0,17,30,52,0,
2021,4,25,16,18,14,211,1619331494.211000,0,1,0,1,17,0,17,30,52,0,
2021,4,25,16,18,14,330,1619331494.330000,0,1,0,1,17,0,17,30,52,0,
2021,4,25,16,18,14,452,1619331494.452000,0,1,0,1,17,0,17,30,52,0,
2021,4,25,16,18,14,578,1619331494.578000,0,1,0,1,17,0,17,30,52,0,
2021,4,25,16,18,14,701,1619331494.701000,0,1,0,1,17,0,17,30,52,0,
2021,4,25,16,18,14,831,1619331494.831000,0,1,0,1,17,0,17,30,52,0,
2021,4,25,16,18,14,954,1619331494.954000,0,1,0,1,17,0,17,30,52,0,
2021,4,25,16,18,15,70,1619331495.070000,0,1,0,1,17,0,17,30,52,0,
2021,4,25,16,18,15,187,1619331495.187000,0,1,0,1,17,0,17,30,52,0,
2021,4,25,16,18,15,312,1619331495.312000,0,1,0,1,17,0,17,30,52,0,
2021,4,25,16,18,15,435,1619331495.435000,0,1,0,1,17,0,17,30,52,0,
2021,4,25,16,18,15,555,1619331495.555000,0,1,0,1,17,0,17,30,52,0,
2021,4,25,16,18,15,687,1619331495.687000,0,1,0,1,17,0,17,30,52,0,
2021,4,25,16,18,15,811,1619331495.811000,0,1,0,1,17,0,17,30,52,0,
2021,4,25,16,18,15,928,1619331495.928000,0,1,0,1,17,0,17,30,52,0,
2021,4,25,16,18,16,46,1619331496.046000,0,1,0,1,17,0,17,30,52,0,
2021,4,25,16,18,16,163,1619331496.163000,0,1,0,1,17,0,17,30,52,0,
2021,4,25,16,18,16,279,1619331496.279000,0,1,0,1,17,0,17,30,52,0,
2021,4,25,16,18,16,393,1619331496.393000,0,1,0,1,17,0,17,30,52,0,
2021,4,25,16,18,16,511,1619331496.511000,0,1,0,1,17,0,17,30,52,0,
2021,4,25,16,18,16,639,1619331496.639000,0,1,0,1,17,0,17,30,52,0,
2021,4,25,16,18,16,761,1619331496.761000,0,1,0,1,17,0,17,30,52,0,
2021,4,25,16,18,16,877,1619331496.877000,0,1,0,1,17,0,17,30,52,0,
2021,4,25,16,18,16,999,1619331496.999000,0,1,0,1,17,0,17,30,52,0,
2021,4,25,16,18,17,118,1619331497.118000,0,1,0,1,17,0,17,30,52,0,
2021,4,25,16,18,17,236,1619331497.236000,0,1,0,1,17,0,17,30,52,0,
2021,4,25,16,18,17,361,1619331497.361000,0,1,0,1,17,0,17,30,52,0,
2021,4,25,16,18,17,484,1619331497.484000,0,1,0,1,17,0,17,30,52,0,
2021,4,25,16,18,17,602,1619331497.602000,0,1,0,1,17,0,17,30,52,0,
2021,4,25,16,18,17,718,1619331497.718000,0,1,0,1,17,0,17,30,52,0,
2021,4,25,16,18,17,835,1619331497.835000,0,1,0,1,17,0,17,30,52,0,
2021,4,25,16,18,17,957,1619331497.957000,0,1,0,1,17,0,17,30,52,0,
2021,4,25,16,18,18,74,1619331498.074000,0,1,0,1,17,0,17,30,52,0,
2021,4,25,16,18,18,191,1619331498.191000,0,1,0,1,17,0,17,30,52,0,
2021,4,25,16,18,18,314,1619331498.314000,0,1,0,1,17,0,17,30,52,0,
2021,4,25,16,18,18,430,1619331498.430000,0,1,0,1,17,0,17,30,52,0,
2021,4,25,16,18,18,550,1619331498.550000,0,1,0,1,17,0,17,30,52,0,
2021,4,25,16,18,18,670,1619331498.670000,0,1,0,1,17,0,17,30,52,0,
2021,4,25,16,18,18,797,1619331498.797000,0,1,0,1,17,0,17,30,52,0,
2021,4,25,16,18,18,919,1619331498.919000,0,1,0,1,17,0,17,30,52,0,
2021,4,25,16,18,19,36,1619331499.036000,0,1,0,1,17,0,17,30,52,0,
2021,4,25,16,18,19,162,1619331499.162000,0,1,0,1,17,0,17,30,52,0,
2021,4,25,16,18,19,282,1619331499.282000,0,1,0,1,17,0,17,30,52,0,
2021,4,25,16,18,19,405,1619331499.405000,0,1,0,1,17,0,17,30,52,0,
2021,4,25,16,18,19,522,1619331499.522000,0,1,0,1,17,0,17,30,52,0,
2021,4,25,16,18,19,642,1619331499.642000,0,1,0,1,17,0,17,30,52,0,
2021,4,25,16,18,19,769,1619331499.769000,0,1,0,1,17,0,17,30,52,0,
2021,4,25,16,18,19,885,1619331499.885000,0,1,0,1,17,0,17,30,52,0,
2021,4,25,16,18,19,999,1619331499.999000,0,1,0,1,17,0,17,30,52,0,
2021,4,25,16,18,20,118,1619331500.118000,0,1,0,1,17,0,17,30,52,0,
2021,4,25,16,18,20,235,1619331500.235000,0,1,0,1,17,0,17,30,52,0,
2021,4,25,16,18,20,361,1619331500.361000,0,1,0,1,17,0,17,30,52,0,
2021,4,25,16,18,20,483,1619331500.483000,0,1,0,1,17,0,17,30,52,0,
2021,4,25,16,18,20,608,1619331500.608000,0,1,0,1,17,0,17,30,52,0,
2021,4,25,16,18,20,728,1619331500.728000,0,1,0,1,17,0,17,30,52,0,
2021,4,25,16,18,20,854,1619331500.854000,0,1,0,1,17,0,17,30,52,0,
2021,4,25,16,18,20,980,1619331500.980000,0,1,0,1,17,0,17,30,52,0,
2021,4,25,16,18,21,101,1619331501.101000,0,1,0,1,17,0,17,30,52,0,
2021,4,25,16,18,21,218,1619331501.218000,0,1,0,1,17,0,17,30,52,0,
2021,4,25,16,18,21,339,1619331501.339000,0,1,0,1,17,0,17,30,52,0,
2021,4,25,16,18,21,461,1619331501.461000,0,1,0,1,17,0,17,30,52,0,
2021,4,25,16,18,21,583,1619331501.583000,0,1,0,1,17,0,17,30,52,0,
2021,4,25,16,18,21,705,1619331501.705000,0,1,0,1,17,0,17,30,52,0,
2021,4,25,16,18,21,822,1619331501.822000,0,1,0,1,17,0,17,30,52,0,
2021,4,25,16,18,21,946,1619331501.946000,0,1,0,1,17,0,17,30,52,0,
2021,4,25,16,18,22,66,1619331502.066000,0,1,0,1,17,0,17,30,52,0,
2021,4,25,16,18,22,194,1619331502.194000,0,1,0,1,17,0,17,30,52,0,
2021,4,25,16,18,22,311,1619331502.311000,0,1,0,1,17,0,17,30,52,0,
2021,4,25,16,18,22,430,1619331502.430000,0,1,0,1,17,0,17,30,52,0,
2021,4,25,16,18,22,546,1619331502.546000,0,1,0,1,17,0,17,30,52,0,
2021,4,25,16,18,22,671,1619331502.671000,0,1,0,1,17,0,17,30,52,0,
2021,4,25,16,18,22,797,1619331502.797000,0,1,0,1,17,0,17,30,52,0,
2021,4,25,16,18,22,927,1619331502.927000,0,1,0,1,17,0,17,30,52,0,
2021,4,25,16,18,23,51,1619331503.051000,0,1,0,1,17,0,17,30,52,0,
2021,4,25,16,18,23,171,1619331503.171000,0,1,0,1,17,0,17,30,52,0,
2021,4,25,16,18,23,294,1619331503.294000,0,1,0,1,17,0,17,30,52,0,
2021,4,25,16,18,23,411,1619331503.411000,0,1,0,1,17,0,17,30,52,0,
2021,4,25,16,18,23,527,1619331503.527000,0,1,0,1,17,0,17,30,52,0,
2021,4,25,16,18,23,641,1619331503.641000,0,1,0,1,17,0,17,30,52,0,
2021,4,25,16,18,23,765,1619331503.765000,0,1,0,1,17,0,17,30,52,0,
2021,4,25,16,18,23,884,1619331503.884000,0,1,0,1,17,0,17,30,52,0,
2021,4,25,16,18,24,12,1619331504.012000,0,1,0,1,17,0,17,30,52,0,
2021,4,25,16,18,24,129,1619331504.129000,0,1,0,1,17,0,17,30,52,0,
2021,4,25,16,18,24,255,1619331504.255000,0,1,0,1,17,0,17,30,52,0,
2021,4,25,16,18,24,370,1619331504.370000,0,1,0,1,17,0,17,30,52,0,
2021,4,25,16,18,24,487,1619331504.487000,0,1,0,1,17,0,17,30,52,0,
2021,4,25,16,18,24,603,1619331504.603000,0,1,0,1,17,0,17,30,52,0,
2021,4,25,16,18,24,726,1619331504.726000,0,1,0,1,17,0,17,30,52,0,
2021,4,25,16,18,24,849,1619331504.849000,0,1,0,1,17,0,17,30,52,0,
2021,4,25,16,18,24,967,1619331504.967000,0,1,0,1,17,0,17,30,52,0,
2021,4,25,16,18,25,101,1619331505.101000,0,1,0,1,17,0,17,30,52,0,
2021,4,25,16,18,25,224,1619331505.224000,0,1,0,1,17,0,17,30,52,0,
2021,4,25,16,18,25,339,1619331505.339000,0,1,0,1,17,0,17,30,52,0,
2021,4,25,16,18,25,454,1619331505.454000,0,1,0,1,17,0,17,30,52,0,
2021,4,25,16,18,25,581,1619331505.581000,0,1,0,1,17,0,17,30,52,0,
2021,4,25,16,18,25,707,1619331505.707000,0,1,0,1,17,0,17,30,52,0,
2021,4,25,16,18,25,835,1619331505.835000,0,1,0,1,17,0,17,30,52,0,
2021,4,25,16,18,25,958,1619331505.958000,0,1,0,1,17,0,17,30,52,0,
2021,4,25,16,18,26,87,1619331506.087000,0,1,0,1,17,0,17,30,52,0,
2021,4,25,16,18,26,210,1619331506.210000,0,1,0,1,17,0,17,30,52,0,
2021,4,25,16,18,26,340,1619331506.340000,0,1,0,1,17,0,17,30,52,0,
2021,4,25,16,18,26,461,1619331506.461000,0,1,0,1,17,0,17,30,52,0,
2021,4,25,16,18,26,577,1619331506.577000,0,1,0,1,17,0,17,30,52,0,
2021,4,25,16,18,26,702,1619331506.702000,0,1,0,1,17,0,17,30,52,0,
2021,4,25,16,18,26,831,1619331506.831000,0,1,0,1,17,0,17,30,52,0,
2021,4,25,16,18,26,948,1619331506.948000,0,1,0,1,17,0,17,30,52,0,
2021,4,25,16,18,27,67,1619331507.067000,0,1,0,1,17,0,17,30,52,0,
2021,4,25,16,18,27,183,1619331507.183000,0,1,0,1,17,0,17,30,52,0,
2021,4,25,16,18,27,306,1619331507.306000,0,1,0,1,17,0,17,30,52,0,
2021,4,25,16,18,27,421,1619331507.421000,0,1,0,1,17,0,17,30,52,0,
2021,4,25,16,18,27,537,1619331507.537000,0,1,0,1,17,0,17,30,52,0,
2021,4,25,16,18,27,655,1619331507.655000,0,1,0,1,17,0,17,30,52,0,
2021,4,25,16,18,27,779,1619331507.779000,0,1,0,1,17,0,17,30,52,0,
2021,4,25,16,18,27,902,1619331507.902000,0,1,0,1,17,0,17,30,52,0,
2021,4,25,16,18,28,22,1619331508.022000,0,1,0,1,17,0,17,30,52,0,
2021,4,25,16,18,28,147,1619331508.147000,0,1,0,1,17,0,17,30,52,0,
2021,4,25,16,18,28,262,1619331508.262000,0,1,0,1,17,0,17,30,52,0,
2021,4,25,16,18,28,384,1619331508.384000,0,1,0,1,17,0,17,30,52,0,
2021,4,25,16,18,28,509,1619331508.509000,0,1,0,1,17,0,17,30,52,0,
2021,4,25,16,18,28,635,1619331508.635000,0,1,0,1,17,0,17,30,52,0,
2021,4,25,16,18,28,762,1619331508.762000,0,1,0,1,17,0,17,30,52,0,
2021,4,25,16,18,28,886,1619331508.886000,0,1,0,1,17,0,17,30,52,0,
2021,4,25,16,18,29,15,1619331509.015000,0,1,0,1,17,0,17,30,52,0,
2021,4,25,16,18,29,132,1619331509.132000,0,1,0,1,17,0,17,30,52,0,
2021,4,25,16,18,29,260,1619331509.260000,0,1,0,1,17,0,17,30,52,0,
2021,4,25,16,18,29,381,1619331509.381000,0,1,0,1,17,0,17,30,52,0,
2021,4,25,16,18,29,506,1619331509.506000,0,1,0,1,17,0,17,30,52,0,
2021,4,25,16,18,29,624,1619331509.624000,0,1,0,1,17,0,17,30,52,0,
2021,4,25,16,18,29,751,1619331509.751000,0,1,0,1,17,0,17,30,52,0,
2021,4,25,16,18,29,873,1619331509.873000,0,1,0,1,17,0,17,30,52,0,
2021,4,25,16,18,30,2,1619331510.002000,0,1,0,1,17,0,17,30,52,0,
2021,4,25,16,18,30,126,1619331510.126000,0,1,0,1,17,0,17,30,52,0,
2021,4,25,16,18,30,242,1619331510.242000,0,1,0,1,17,0,17,30,52,0,
2021,4,25,16,18,30,361,1619331510.361000,0,1,0,1,17,0,17,30,52,0,
2021,4,25,16,18,30,477,1619331510.477000,0,1,0,1,17,0,17,30,52,0,
2021,4,25,16,18,30,607,1619331510.607000,0,1,0,1,17,0,17,30,52,0,
2021,4,25,16,18,30,727,1619331510.727000,0,1,0,1,17,0,17,30,52,0,
2021,4,25,16,18,30,847,1619331510.847000,0,1,0,1,17,0,17,30,52,0,
2021,4,25,16,18,30,972,1619331510.972000,0,1,0,1,17,0,17,30,52,0,
2021,4,25,16,18,31,98,1619331511.098000,0,1,0,1,17,0,17,30,52,0,
2021,4,25,16,18,31,224,1619331511.224000,0,1,0,1,17,0,17,30,52,0,
2021,4,25,16,18,31,341,1619331511.341000,0,1,0,1,17,0,17,30,52,0,
2021,4,25,16,18,31,466,1619331511.466000,0,1,0,1,17,0,17,30,52,0,
2021,4,25,16,18,31,583,1619331511.583000,0,1,0,1,17,0,17,30,52,0,
2021,4,25,16,18,31,706,1619331511.706000,0,1,0,1,17,0,17,30,52,0,
2021,4,25,16,18,31,830,1619331511.830000,0,1,0,1,17,0,17,30,52,0,
2021,4,25,16,18,31,946,1619331511.946000,0,1,0,1,17,0,17,30,52,0,
2021,4,25,16,18,32,61,1619331512.061000,0,1,0,1,17,0,17,30,52,0,
2021,4,25,16,18,32,181,1619331512.181000,0,1,0,1,17,0,17,30,52,0,
2021,4,25,16,18,32,308,1619331512.308000,0,1,0,1,17,0,17,30,52,0,
2021,4,25,16,18,32,429,1619331512.429000,0,1,0,1,17,0,17,30,52,0,
2021,4,25,16,18,32,547,1619331512.547000,0,1,0,1,17,0,17,30,52,0,
2021,4,25,16,18,32,666,1619331512.666000,0,1,0,1,17,0,17,30,52,0,
2021,4,25,16,18,32,789,1619331512.789000,0,1,0,1,17,0,17,30,52,0,
2021,4,25,16,18,32,906,1619331512.906000,0,1,0,1,17,0,17,30,52,0,
2021,4,25,16,18,33,25,1619331513.025000,0,1,0,1,17,0,17,30,52,0,
2021,4,25,16,18,33,145,1619331513.145000,0,1,0,1,17,0,17,30,52,0,
2021,4,25,16,18,33,262,1619331513.262000,0,1,0,1,17,0,17,30,52,0,
2021,4,25,16,18,33,379,1619331513.379000,0,1,0,1,17,0,17,30,52,0,
2021,4,25,16,18,33,499,1619331513.499000,0,1,0,1,17,0,17,30,52,0,
2021,4,25,16,18,33,627,1619331513.627000,0,1,0,1,17,0,17,30,52,0,
2021,4,25,16,18,33,749,1619331513.749000,0,1,0,1,17,0,17,30,52,0,
2021,4,25,16,18,33,870,1619331513.870000,0,1,0,1,17,0,17,30,52,0,
2021,4,25,16,18,33,995,1619331513.995000,0,1,0,1,17,0,17,30,52,0,
2021,4,25,16,18,34,119,1619331514.119000,0,1,0,1,17,0,17,30,52,0,
2021,4,25,16,18,34,238,1619331514.238000,0,1,0,1,17,0,17,30,52,0,
2021,4,25,16,18,34,354,1619331514.354000,0,1,0,1,17,0,17,30,52,0,
2021,4,25,16,18,34,474,1619331514.474000,0,1,0,1,17,0,17,30,52,0,
2021,4,25,16,18,34,591,1619331514.591000,0,1,0,1,17,0,17,30,52,0,
2021,4,25,16,18,34,716,1619331514.716000,0,1,0,1,17,0,17,30,52,0,
2021,4,25,16,18,34,842,1619331514.842000,0,1,0,1,17,0,17,30,52,0,
2021,4,25,16,18,34,957,1619331514.957000,0,1,0,1,17,0,17,30,52,0,
2021,4,25,16,18,35,72,1619331515.072000,0,1,0,1,17,0,17,30,52,0,
2021,4,25,16,18,35,192,1619331515.192000,0,1,0,1,17,0,17,30,52,0,
2021,4,25,16,18,35,311,1619331515.311000,0,1,0,1,17,0,17,30,52,0,
2021,4,25,16,18,35,433,1619331515.433000,0,1,0,1,17,0,17,30,52,0,
2021,4,25,16,18,35,551,1619331515.551000,0,1,0,1,17,0,17,30,52,0,
2021,4,25,16,18,35,673,1619331515.673000,0,1,0,1,17,0,17,30,52,0,
2021,4,25,16,18,35,797,1619331515.797000,0,1,0,1,17,0,17,30,52,0,
2021,4,25,16,18,35,925,1619331515.925000,0,1,0,1,17,0,17,30,52,0,
2021,4,25,16,18,36,43,1619331516.043000,0,1,0,1,17,0,17,30,52,0,
2021,4,25,16,18,36,171,1619331516.171000,0,1,0,1,17,0,17,30,52,0,
2021,4,25,16,18,36,288,1619331516.288000,0,1,0,1,17,0,17,30,52,0,
2021,4,25,16,18,36,406,1619331516.406000,0,1,0,1,17,0,17,30,52,0,
2021,4,25,16,18,36,531,1619331516.531000,0,1,0,1,17,0,17,30,52,0,
2021,4,25,16,18,36,653,1619331516.653000,0,1,0,1,17,0,17,30,52,0,
2021,4,25,16,18,36,781,1619331516.781000,0,1,0,1,17,0,17,30,52,0,
2021,4,25,16,18,36,900,1619331516.900000,0,1,0,1,17,0,17,30,52,0,
2021,4,25,16,18,37,29,1619331517.029000,0,1,0,1,17,0,17,30,52,0,
2021,4,25,16,18,37,154,1619331517.154000,0,1,0,1,17,0,17,30,52,0,
2021,4,25,16,18,37,270,1619331517.270000,0,1,0,1,17,0,17,30,52,0,
2021,4,25,16,18,37,385,1619331517.385000,0,1,0,1,17,0,17,30,52,0,
2021,4,25,16,18,37,506,1619331517.506000,0,1,0,1,17,0,17,30,52,0,
2021,4,25,16,18,37,624,1619331517.624000,0,1,0,1,17,0,17,30,52,0,
2021,4,25,16,18,37,757,1619331517.757000,0,1,0,1,17,0,17,30,52,0,
2021,4,25,16,18,37,876,1619331517.876000,0,1,0,1,17,0,17,30,52,0,
2021,4,25,16,18,37,992,1619331517.992000,0,1,0,1,17,0,17,30,52,0,
2021,4,25,16,18,38,108,1619331518.108000,0,1,0,1,17,0,17,30,52,0,
2021,4,25,16,18,38,229,1619331518.229000,0,1,0,1,17,0,17,30,52,0,
2021,4,25,16,18,38,345,1619331518.345000,0,1,0,1,17,0,17,30,52,0,
2021,4,25,16,18,38,470,1619331518.470000,0,1,0,1,17,0,17,30,52,0,
2021,4,25,16,18,38,585,1619331518.585000,0,1,0,1,17,0,17,30,52,0,
2021,4,25,16,18,38,710,1619331518.710000,0,1,0,1,17,0,17,30,52,0,
2021,4,25,16,18,38,827,1619331518.827000,0,1,0,1,17,0,17,30,52,0,
2021,4,25,16,18,38,952,1619331518.952000,0,1,0,1,17,0,17,30,52,0,
2021,4,25,16,18,39,68,1619331519.068000,0,1,0,1,17,0,17,30,52,0,
2021,4,25,16,18,39,187,1619331519.187000,0,1,0,1,17,0,17,30,52,0,
2021,4,25,16,18,39,306,1619331519.306000,0,1,0,1,17,0,17,30,52,0,
2021,4,25,16,18,39,429,1619331519.429000,0,1,0,1,17,0,17,30,52,0,
2021,4,25,16,18,39,552,1619331519.552000,0,1,0,1,17,0,17,30,52,0,
2021,4,25,16,18,39,670,1619331519.670000,0,1,0,1,17,0,17,30,52,0,
2021,4,25,16,18,39,791,1619331519.791000,0,1,0,1,17,0,17,30,52,0,
2021,4,25,16,18,39,906,1619331519.906000,0,1,0,1,17,0,17,30,52,0,
2021,4,25,16,18,40,24,1619331520.024000,0,1,0,1,17,0,17,30,52,0,
2021,4,25,16,18,40,145,1619331520.145000,0,1,0,1,17,0,17,30,52,0,
2021,4,25,16,18,40,274,1619331520.274000,0,1,0,1,17,0,17,30,52,0,
2021,4,25,16,18,40,392,1619331520.392000,0,1,0,1,17,0,17,30,52,0,
2021,4,25,16,18,40,512,1619331520.512000,0,1,0,1,17,0,17,30,52,0,
2021,4,25,16,18,40,636,1619331520.636000,0,1,0,1,17,0,17,30,52,0,
2021,4,25,16,18,40,760,1619331520.760000,0,1,0,1,17,0,17,30,52,0,
2021,4,25,16,18,40,879,1619331520.879000,0,1,0,1,17,0,17,30,52,0,
2021,4,25,16,18,41,5,1619331521.005000,0,1,0,1,17,0,17,30,52,0,
2021,4,25,16,18,41,123,1619331521.123000,0,1,0,1,17,0,17,30,52,0,
2021,4,25,16,18,41,250,1619331521.250000,0,1,0,1,17,0,17,30,52,0,
2021,4,25,16,18,41,371,1619331521.371000,0,1,0,1,17,0,17,30,52,0,
2021,4,25,16,18,41,490,1619331521.490000,0,1,0,1,17,0,17,30,52,0,
2021,4,25,16,18,41,605,1619331521.605000,0,1,0,1,17,0,17,30,52,0,
2021,4,25,16,18,41,724,1619331521.724000,0,1,0,1,17,0,17,30,52,0,
2021,4,25,16,18,41,848,1619331521.848000,0,1,0,1,17,0,17,30,52,0,
2021,4,25,16,18,41,970,1619331521.970000,0,1,0,1,17,0,17,30,52,0,
2021,4,25,16,18,42,87,1619331522.087000,0,1,0,1,17,0,17,30,52,0,
2021,4,25,16,18,42,205,1619331522.205000,0,1,0,1,17,0,17,30,52,0,
2021,4,25,16,18,42,319,1619331522.319000,0,1,0,1,17,0,17,30,52,0,
2021,4,25,16,18,42,439,1619331522.439000,0,1,0,1,17,0,17,30,52,0,
2021,4,25,16,18,42,557,1619331522.557000,0,1,0,1,17,0,17,30,52,0,
2021,4,25,16,18,42,678,1619331522.678000,0,1,0,1,17,0,17,30,52,0,
2021,4,25,16,18,42,800,1619331522.800000,0,1,0,1,17,0,17,30,52,0,
2021,4,25,16,18,42,923,1619331522.923000,0,1,0,1,17,0,17,30,52,0,
2021,4,25,16,18,43,41,1619331523.041000,0,1,0,1,17,0,17,30,52,0,
2021,4,25,16,18,43,158,1619331523.158000,0,1,0,1,17,0,17,30,52,0,
2021,4,25,16,18,43,280,1619331523.280000,0,1,0,1,17,0,17,30,52,0,
2021,4,25,16,18,43,394,1619331523.394000,0,1,0,1,17,0,17,30,52,0,
2021,4,25,16,18,43,511,1619331523.511000,0,1,0,1,17,0,17,30,52,0,
2021,4,25,16,18,43,630,1619331523.630000,0,1,0,1,17,0,17,30,52,0,
2021,4,25,16,18,43,748,1619331523.748000,0,1,0,1,17,0,17,30,52,0,
2021,4,25,16,18,43,875,1619331523.875000,0,1,0,1,17,0,17,30,52,0,
2021,4,25,16,18,44,3,1619331524.003000,0,1,0,1,17,0,17,30,52,0,
2021,4,25,16,18,44,125,1619331524.125000,0,1,0,1,17,0,17,30,52,0,
2021,4,25,16,18,44,241,1619331524.241000,0,1,0,1,17,0,17,30,52,0,
2021,4,25,16,18,44,369,1619331524.369000,0,1,0,1,17,0,17,30,52,0,
2021,4,25,16,18,44,491,1619331524.491000,0,1,0,1,17,0,17,30,52,0,
2021,4,25,16,18,44,606,1619331524.606000,0,1,0,1,17,0,17,30,52,0,
2021,4,25,16,18,44,723,1619331524.723000,0,1,0,1,17,0,17,30,52,0,
2021,4,25,16,18,44,845,1619331524.845000,0,1,0,1,17,0,17,30,52,0,
2021,4,25,16,18,44,965,1619331524.965000,0,1,0,1,17,0,17,30,52,0,
2021,4,25,16,18,45,87,1619331525.087000,0,1,0,1,17,0,17,30,52,0,
2021,4,25,16,18,45,202,1619331525.202000,0,1,0,1,17,0,17,30,52,0,
2021,4,25,16,18,45,316,1619331525.316000,0,1,0,1,17,0,17,30,52,0,
2021,4,25,16,18,45,431,1619331525.431000,0,1,0,1,17,0,17,30,52,0,
2021,4,25,16,18,45,552,1619331525.552000,0,1,0,1,17,0,17,30,52,0,
2021,4,25,16,18,45,676,1619331525.676000,0,1,0,1,17,0,17,30,52,0,
2021,4,25,16,18,45,797,1619331525.797000,0,1,0,1,17,0,17,30,52,0,
2021,4,25,16,18,45,918,1619331525.918000,0,1,0,1,17,0,17,30,52,0,
2021,4,25,16,18,46,36,1619331526.036000,0,1,0,1,17,0,17,30,52,0,
2021,4,25,16,18,46,162,1619331526.162000,0,1,0,1,17,0,17,30,52,0,
2021,4,25,16,18,46,292,1619331526.292000,0,1,0,1,17,0,17,30,52,0,
2021,4,25,16,18,46,413,1619331526.413000,0,1,0,1,17,0,17,30,52,0,
2021,4,25,16,18,46,532,1619331526.532000,0,1,0,1,17,0,17,30,52,0,
2021,4,25,16,18,46,656,1619331526.656000,0,1,0,1,17,0,17,30,52,0,
2021,4,25,16,18,46,787,1619331526.787000,0,1,0,1,17,0,17,30,52,0,
2021,4,25,16,18,46,906,1619331526.906000,0,1,0,1,17,0,17,30,52,0,
2021,4,25,16,18,47,28,1619331527.028000,0,1,0,1,17,0,17,30,52,0,
2021,4,25,16,18,47,147,1619331527.147000,0,1,0,1,17,0,17,30,52,0,
2021,4,25,16,18,47,272,1619331527.272000,0,1,0,1,17,0,17,30,52,0,
2021,4,25,16,18,47,393,1619331527.393000,0,1,0,1,17,0,17,30,52,0,
2021,4,25,16,18,47,510,1619331527.510000,0,1,0,1,17,0,17,30,52,0,
2021,4,25,16,18,47,631,1619331527.631000,0,1,0,1,17,0,17,30,52,0,
2021,4,25,16,18,47,758,1619331527.758000,0,1,0,1,17,0,17,30,52,0,
2021,4,25,16,18,47,882,1619331527.882000,0,1,0,1,17,0,17,30,52,0,
2021,4,25,16,18,48,11,1619331528.011000,0,1,0,1,17,0,17,30,52,0,
2021,4,25,16,18,48,126,1619331528.126000,0,1,0,1,17,0,17,30,52,0,
2021,4,25,16,18,48,244,1619331528.244000,0,1,0,1,17,0,17,30,52,0,
2021,4,25,16,18,48,363,1619331528.363000,0,1,0,1,17,0,17,30,52,0,
2021,4,25,16,18,48,485,1619331528.485000,0,1,0,1,17,0,17,30,52,0,
2021,4,25,16,18,48,601,1619331528.601000,0,1,0,1,17,0,17,30,52,0,
2021,4,25,16,18,48,725,1619331528.725000,0,1,0,1,17,0,17,30,52,0,
2021,4,25,16,18,48,842,1619331528.842000,0,1,0,1,17,0,17,30,52,0,
2021,4,25,16,18,48,962,1619331528.962000,0,1,0,1,17,0,17,30,52,0,
2021,4,25,16,18,49,83,1619331529.083000,0,1,0,1,17,0,17,30,52,0,
2021,4,25,16,18,49,211,1619331529.211000,0,1,0,1,17,0,17,30,52,0,
2021,4,25,16,18,49,329,1619331529.329000,0,1,0,1,17,0,17,30,52,0,
2021,4,25,16,18,49,452,1619331529.452000,0,1,0,1,17,0,17,30,52,0,
2021,4,25,16,18,49,572,1619331529.572000,0,1,0,1,17,0,17,30,52,0,
2021,4,25,16,18,49,691,1619331529.691000,0,1,0,1,17,0,17,30,52,0,
2021,4,25,16,18,49,817,1619331529.817000,0,1,0,1,17,0,17,30,52,0,
2021,4,25,16,18,49,932,1619331529.932000,0,1,0,1,17,0,17,30,52,0,
2021,4,25,16,18,50,56,1619331530.056000,0,1,0,1,17,0,17,30,52,0,
2021,4,25,16,18,50,171,1619331530.171000,0,1,0,1,17,0,17,30,52,0,
2021,4,25,16,18,50,290,1619331530.290000,0,1,0,1,17,0,17,30,52,0,
2021,4,25,16,18,50,410,1619331530.410000,0,1,0,1,17,0,17,30,52,0,
2021,4,25,16,18,50,526,1619331530.526000,0,1,0,1,17,0,17,30,52,0,
2021,4,25,16,18,50,642,1619331530.642000,0,1,0,1,17,0,17,30,52,0,
2021,4,25,16,18,50,768,1619331530.768000,0,1,0,1,17,0,17,30,52,0,
2021,4,25,16,18,50,894,1619331530.894000,0,1,0,1,17,0,17,30,52,0,
2021,4,25,16,18,51,20,1619331531.020000,0,1,0,1,17,0,17,30,52,0,
2021,4,25,16,18,51,140,1619331531.140000,0,1,0,1,17,0,17,30,52,0,
2021,4,25,16,18,51,261,1619331531.261000,0,1,0,1,17,0,17,30,52,0,
2021,4,25,16,18,51,379,1619331531.379000,0,1,0,1,17,0,17,30,52,0,
2021,4,25,16,18,51,506,1619331531.506000,0,1,0,1,17,0,17,30,52,0,
2021,4,25,16,18,51,623,1619331531.623000,0,1,0,1,17,0,17,30,52,0,
2021,4,25,16,18,51,751,1619331531.751000,0,1,0,1,17,0,17,30,52,0,
2021,4,25,16,18,51,867,1619331531.867000,0,1,0,1,17,0,17,30,52,0,
2021,4,25,16,18,51,989,1619331531.989000,0,1,0,1,17,0,17,30,52,0,
2021,4,25,16,18,52,114,1619331532.114000,0,1,0,1,17,0,17,30,52,0,
2021,4,25,16,18,52,231,1619331532.231000,0,1,0,1,17,0,17,30,52,0,
2021,4,25,16,18,52,353,1619331532.353000,0,1,0,1,17,0,17,30,52,0,
2021,4,25,16,18,52,470,1619331532.470000,0,1,0,1,17,0,17,30,52,0,
2021,4,25,16,18,52,590,1619331532.590000,0,1,0,1,17,0,17,30,52,0,
2021,4,25,16,18,52,723,1619331532.723000,0,1,0,1,17,0,17,30,52,0,
2021,4,25,16,18,52,838,1619331532.838000,0,1,0,1,17,0,17,30,52,0,
2021,4,25,16,18,52,961,1619331532.961000,0,1,0,1,17,0,17,30,52,0,
2021,4,25,16,18,53,77,1619331533.077000,0,1,0,1,17,0,17,30,52,0,
2021,4,25,16,18,53,193,1619331533.193000,0,1,0,1,17,0,17,30,52,0,
2021,4,25,16,18,53,311,1619331533.311000,0,1,0,1,17,0,17,30,52,0,
2021,4,25,16,18,53,431,1619331533.431000,0,1,0,1,17,0,17,30,52,0,
2021,4,25,16,18,53,553,1619331533.553000,0,1,0,1,17,0,17,30,52,0,
2021,4,25,16,18,53,673,1619331533.673000,0,1,0,1,17,0,17,30,52,0,
2021,4,25,16,18,53,798,1619331533.798000,0,1,0,1,17,0,17,30,52,0,
2021,4,25,16,18,53,917,1619331533.917000,0,1,0,1,17,0,17,30,52,0,
2021,4,25,16,18,54,46,1619331534.046000,0,1,0,1,17,0,17,30,52,0,
2021,4,25,16,18,54,171,1619331534.171000,0,1,0,1,17,0,17,30,52,0,
2021,4,25,16,18,54,295,1619331534.295000,0,1,0,1,17,0,17,30,52,0,
2021,4,25,16,18,54,423,1619331534.423000,0,1,0,1,17,0,17,30,52,0,
2021,4,25,16,18,54,545,1619331534.545000,0,1,0,1,17,0,17,30,52,0,
2021,4,25,16,18,54,662,1619331534.662000,0,1,0,1,17,0,17,30,52,0,
2021,4,25,16,18,54,794,1619331534.794000,0,1,0,1,17,0,17,30,52,0,
2021,4,25,16,18,54,924,1619331534.924000,0,1,0,1,17,0,17,30,52,0,
2021,4,25,16,18,55,41,1619331535.041000,0,1,0,1,17,0,17,30,52,0,
2021,4,25,16,18,55,158,1619331535.158000,0,1,0,1,17,0,17,30,52,0,
2021,4,25,16,18,55,276,1619331535.276000,0,1,0,1,17,0,17,30,52,0,
2021,4,25,16,18,55,397,1619331535.397000,0,1,0,1,17,0,17,30,52,0,
2021,4,25,16,18,55,520,1619331535.520000,0,1,0,1,17,0,17,30,52,0,
2021,4,25,16,18,55,640,1619331535.640000,0,1,0,1,17,0,17,30,52,0,
2021,4,25,16,18,55,766,1619331535.766000,0,1,0,1,17,0,17,30,52,0,
2021,4,25,16,18,55,883,1619331535.883000,0,1,0,1,17,0,17,30,52,0,
2021,4,25,16,18,56,3,1619331536.003000,0,1,0,1,17,0,17,30,52,0,
2021,4,25,16,18,56,122,1619331536.122000,0,1,0,1,17,0,17,30,52,0,
2021,4,25,16,18,56,240,1619331536.240000,0,1,0,1,17,0,17,30,52,0,
2021,4,25,16,18,56,362,1619331536.362000,0,1,0,1,17,0,17,30,52,0,
2021,4,25,16,18,56,478,1619331536.478000,0,1,0,1,17,0,17,30,52,0,
2021,4,25,16,18,56,602,1619331536.602000,0,1,0,1,17,0,17,30,52,0,
2021,4,25,16,18,56,721,1619331536.721000,0,1,0,1,17,0,17,30,52,0,
2021,4,25,16,18,56,843,1619331536.843000,0,1,0,1,17,0,17,30,52,0,
2021,4,25,16,18,56,960,1619331536.960000,0,1,0,1,17,0,17,30,52,0,
2021,4,25,16,18,57,76,1619331537.076000,0,1,0,1,17,0,17,30,52,0,
2021,4,25,16,18,57,195,1619331537.195000,0,1,0,1,17,0,17,30,52,0,
2021,4,25,16,18,57,314,1619331537.314000,0,1,0,1,17,0,17,30,52,0,
2021,4,25,16,18,57,437,1619331537.437000,0,1,0,1,17,0,17,30,52,0,
2021,4,25,16,18,57,555,1619331537.555000,0,1,0,1,17,0,17,30,52,0,
2021,4,25,16,18,57,675,1619331537.675000,0,1,0,1,17,0,17,30,52,0,
2021,4,25,16,18,57,801,1619331537.801000,0,1,0,1,17,0,17,30,52,0,
2021,4,25,16,18,57,920,1619331537.920000,0,1,0,1,17,0,17,30,52,0,
2021,4,25,16,18,58,39,1619331538.039000,0,1,0,1,17,0,17,30,52,0,
2021,4,25,16,18,58,159,1619331538.159000,0,1,0,1,17,0,17,30,52,0,
2021,4,25,16,18,58,278,1619331538.278000,0,1,0,1,17,0,17,30,52,0,
2021,4,25,16,18,58,398,1619331538.398000,0,1,0,1,17,0,17,30,52,0,
2021,4,25,16,18,58,523,1619331538.523000,0,1,0,1,17,0,17,30,52,0,
2021,4,25,16,18,58,642,1619331538.642000,0,1,0,1,17,0,17,30,52,0,
2021,4,25,16,18,58,767,1619331538.767000,0,1,0,1,17,0,17,30,52,0,
2021,4,25,16,18,58,887,1619331538.887000,0,1,0,1,17,0,17,30,52,0,
2021,4,25,16,18,59,12,1619331539.012000,0,1,0,1,17,0,17,30,52,0,
2021,4,25,16,18,59,138,1619331539.138000,0,1,0,1,17,0,17,30,52,0,
2021,4,25,16,18,59,260,1619331539.260000,0,1,0,1,17,0,17,30,52,0,
2021,4,25,16,18,59,376,1619331539.376000,0,1,0,1,17,0,17,30,52,0,
2021,4,25,16,18,59,492,1619331539.492000,0,1,0,1,17,0,17,30,52,0,
2021,4,25,16,18,59,611,1619331539.611000,0,1,0,1,17,0,17,30,52,0,
2021,4,25,16,18,59,727,1619331539.727000,0,1,0,1,17,0,17,30,52,0,
2021,4,25,16,18,59,845,1619331539.845000,0,1,0,1,17,0,17,30,52,0,
2021,4,25,16,18,59,961,1619331539.961000,0,1,0,1,17,0,17,30,52,0,
2021,4,25,16,19,0,78,1619331540.078000,0,1,0,1,17,0,17,30,52,0,
2021,4,25,16,19,0,196,1619331540.196000,0,1,0,1,17,0,17,30,52,0,
2021,4,25,16,19,0,314,1619331540.314000,0,1,0,1,17,0,17,30,52,0,
2021,4,25,16,19,0,439,1619331540.439000,0,1,0,1,17,0,17,30,52,0,
2021,4,25,16,19,0,556,1619331540.556000,0,1,0,1,17,0,17,30,52,0,
2021,4,25,16,19,0,680,1619331540.680000,0,1,0,1,17,0,17,30,52,0,
2021,4,25,16,19,0,809,1619331540.809000,0,1,0,1,17,0,17,30,52,0,
2021,4,25,16,19,0,932,1619331540.932000,0,1,0,1,17,0,17,30,52,0,
2021,4,25,16,19,1,58,1619331541.058000,0,1,0,1,17,0,17,30,52,0,
2021,4,25,16,19,1,180,1619331541.180000,0,1,0,1,17,0,17,30,52,0,
2021,4,25,16,19,1,300,1619331541.300000,0,1,0,1,17,0,17,30,52,0,
2021,4,25,16,19,1,422,1619331541.422000,0,1,0,1,17,0,17,30,52,0,
2021,4,25,16,19,1,548,1619331541.548000,0,1,0,1,17,0,17,30,52,0,
2021,4,25,16,19,1,668,1619331541.668000,0,1,0,1,17,0,17,30,52,0,
2021,4,25,16,19,1,795,1619331541.795000,0,1,0,1,17,0,17,30,52,0,
2021,4,25,16,19,1,913,1619331541.913000,0,1,0,1,17,0,17,30,52,0,
2021,4,25,16,19,2,40,1619331542.040000,0,1,0,1,17,0,17,30,52,0,
2021,4,25,16,19,2,162,1619331542.162000,0,1,0,1,17,0,17,30,52,0,
2021,4,25,16,19,2,277,1619331542.277000,0,1,0,1,17,0,17,30,52,0,
2021,4,25,16,19,2,395,1619331542.395000,0,1,0,1,17,0,17,30,52,0,
2021,4,25,16,19,2,517,1619331542.517000,0,1,0,1,17,0,17,30,52,0,
2021,4,25,16,19,2,639,1619331542.639000,0,1,0,1,17,0,17,30,52,0,
2021,4,25,16,19,2,763,1619331542.763000,0,1,0,1,17,0,17,30,52,0,
2021,4,25,16,19,2,882,1619331542.882000,0,1,0,1,17,0,17,30,52,0,
2021,4,25,16,19,3,1,1619331543.001000,0,1,0,1,17,0,17,30,52,0,
2021,4,25,16,19,3,125,1619331543.125000,0,1,0,1,17,0,17,30,52,0,
2021,4,25,16,19,3,252,1619331543.252000,0,1,0,1,17,0,17,30,52,0,
2021,4,25,16,19,3,369,1619331543.369000,0,1,0,1,17,0,17,30,52,0,
2021,4,25,16,19,3,494,1619331543.494000,0,1,0,1,17,0,17,30,52,0,
2021,4,25,16,19,3,613,1619331543.613000,0,1,0,1,17,0,17,30,52,0,
2021,4,25,16,19,3,747,1619331543.747000,0,1,0,1,17,0,17,30,52,0,
2021,4,25,16,19,3,868,1619331543.868000,0,1,0,1,17,0,17,30,52,0,
2021,4,25,16,19,3,990,1619331543.990000,0,1,0,1,17,0,17,30,52,0,
2021,4,25,16,19,4,106,1619331544.106000,0,1,0,1,17,0,17,30,52,0,
2021,4,25,16,19,4,229,1619331544.229000,0,1,0,1,17,0,17,30,52,0,
2021,4,25,16,19,4,349,1619331544.349000,0,1,0,1,17,0,17,30,52,0,
2021,4,25,16,19,4,469,1619331544.469000,0,1,0,1,17,0,17,30,52,0,
2021,4,25,16,19,4,585,1619331544.585000,0,1,0,1,17,0,17,30,52,0,
2021,4,25,16,19,4,701,1619331544.701000,0,1,0,1,17,0,17,30,52,0,
2021,4,25,16,19,4,826,1619331544.826000,0,1,0,1,17,0,17,30,52,0,
2021,4,25,16,19,4,947,1619331544.947000,0,1,0,1,17,0,17,30,52,0,
2021,4,25,16,19,5,79,1619331545.079000,0,1,0,1,17,0,17,30,52,0,
2021,4,25,16,19,5,200,1619331545.200000,0,1,0,1,17,0,17,30,52,0,
2021,4,25,16,19,5,316,1619331545.316000,0,1,0,1,17,0,17,30,52,0,
2021,4,25,16,19,5,433,1619331545.433000,0,1,0,1,17,0,17,30,52,0,
2021,4,25,16,19,5,563,1619331545.563000,0,1,0,1,17,0,17,30,52,0,
2021,4,25,16,19,5,685,1619331545.685000,0,1,0,1,17,0,17,30,52,0,
2021,4,25,16,19,5,812,1619331545.812000,0,1,0,1,17,0,17,30,52,0,
2021,4,25,16,19,5,935,1619331545.935000,0,1,0,1,17,0,17,30,52,0,
2021,4,25,16,19,6,57,1619331546.057000,0,1,0,1,17,0,17,30,52,0,
2021,4,25,16,19,6,178,1619331546.178000,0,1,0,1,17,0,17,30,52,0,
2021,4,25,16,19,6,297,1619331546.297000,0,1,0,1,17,0,17,30,52,0,
2021,4,25,16,19,6,414,1619331546.414000,0,1,0,1,17,0,17,30,52,0,
2021,4,25,16,19,6,535,1619331546.535000,0,1,0,1,17,0,17,30,52,0,
2021,4,25,16,19,6,658,1619331546.658000,0,1,0,1,17,0,17,30,52,0,
2021,4,25,16,19,6,787,1619331546.787000,0,1,0,1,17,0,17,30,52,0,
2021,4,25,16,19,6,911,1619331546.911000,0,1,0,1,17,0,17,30,52,0,
2021,4,25,16,19,7,29,1619331547.029000,0,1,0,1,17,0,17,30,52,0,
2021,4,25,16,19,7,158,1619331547.158000,0,1,0,1,17,0,17,30,52,0,
2021,4,25,16,19,7,277,1619331547.277000,0,1,0,1,17,0,17,30,52,0,
2021,4,25,16,19,7,399,1619331547.399000,0,1,0,1,17,0,17,30,52,0,
2021,4,25,16,19,7,524,1619331547.524000,0,1,0,1,17,0,17,30,52,0,
2021,4,25,16,19,7,643,1619331547.643000,0,1,0,1,17,0,17,30,52,0,
2021,4,25,16,19,7,768,1619331547.768000,0,1,0,1,17,0,17,30,52,0,
2021,4,25,16,19,7,885,1619331547.885000,0,1,0,1,17,0,17,30,52,0,
2021,4,25,16,19,8,6,1619331548.006000,0,1,0,1,17,0,17,30,52,0,
2021,4,25,16,19,8,131,1619331548.131000,0,1,0,1,17,0,17,30,52,0,
2021,4,25,16,19,8,250,1619331548.250000,0,1,0,1,17,0,17,30,52,0,
2021,4,25,16,19,8,375,1619331548.375000,0,1,0,1,17,0,17,30,52,0,
2021,4,25,16,19,8,497,1619331548.497000,0,1,0,1,17,0,17,30,52,0,
2021,4,25,16,19,8,616,1619331548.616000,0,1,0,1,17,0,17,30,52,0,
2021,4,25,16,19,8,739,1619331548.739000,0,1,0,1,17,0,17,30,52,0,
2021,4,25,16,19,8,861,1619331548.861000,0,1,0,1,17,0,17,30,52,0,
2021,4,25,16,19,8,984,1619331548.984000,0,1,0,1,17,0,17,30,52,0,
2021,4,25,16,19,9,110,1619331549.110000,0,1,0,1,17,0,17,30,52,0,
2021,4,25,16,19,9,233,1619331549.233000,0,1,0,1,17,0,17,30,52,0,
2021,4,25,16,19,9,361,1619331549.361000,0,1,0,1,17,0,17,30,52,0,
2021,4,25,16,19,9,482,1619331549.482000,0,1,0,1,17,0,17,30,52,0,
2021,4,25,16,19,9,604,1619331549.604000,0,1,0,1,17,0,17,30,52,0,
2021,4,25,16,19,9,726,1619331549.726000,0,1,0,1,17,0,17,30,52,0,
2021,4,25,16,19,9,850,1619331549.850000,0,1,0,1,17,0,17,30,52,0,
2021,4,25,16,19,9,980,1619331549.980000,0,1,0,1,17,0,17,30,52,0,
2021,4,25,16,19,10,104,1619331550.104000,0,1,0,1,17,0,17,30,52,0,
2021,4,25,16,19,10,227,1619331550.227000,0,1,0,1,17,0,17,30,52,0,
2021,4,25,16,19,10,344,1619331550.344000,0,1,0,1,17,0,17,30,52,0,
2021,4,25,16,19,10,465,1619331550.465000,0,1,0,1,17,0,17,30,52,0,
2021,4,25,16,19,10,585,1619331550.585000,0,1,0,1,17,0,17,30,52,0,
2021,4,25,16,19,10,703,1619331550.703000,0,1,0,1,17,0,17,30,52,0,
2021,4,25,16,19,10,827,1619331550.827000,0,1,0,1,17,0,17,30,52,0,
2021,4,25,16,19,10,947,1619331550.947000,0,1,0,1,17,0,17,30,52,0,
2021,4,25,16,19,11,64,1619331551.064000,0,1,0,1,17,0,17,30,52,0,
2021,4,25,16,19,11,189,1619331551.189000,0,1,0,1,17,0,17,30,52,0,
2021,4,25,16,19,11,304,1619331551.304000,0,1,0,1,17,0,17,30,52,0,
2021,4,25,16,19,11,428,1619331551.428000,0,1,0,1,17,0,17,30,52,0,
2021,4,25,16,19,11,545,1619331551.545000,0,1,0,1,17,0,17,30,52,0,
2021,4,25,16,19,11,664,1619331551.664000,0,1,0,1,17,0,17,30,52,0,
2021,4,25,16,19,11,791,1619331551.791000,0,1,0,1,17,0,17,30,52,0,
2021,4,25,16,19,11,921,1619331551.921000,0,1,0,1,17,0,17,30,52,0,
2021,4,25,16,19,12,40,1619331552.040000,0,1,0,1,17,0,17,30,52,0,
2021,4,25,16,19,12,161,1619331552.161000,0,1,0,1,17,0,17,30,52,0,
2021,4,25,16,19,12,284,1619331552.284000,0,1,0,1,17,0,17,30,52,0,
2021,4,25,16,19,12,410,1619331552.410000,0,1,0,1,17,0,17,30,52,0,
2021,4,25,16,19,12,532,1619331552.532000,0,1,0,1,17,0,17,30,52,0,
2021,4,25,16,19,12,654,1619331552.654000,0,1,0,1,17,0,17,30,52,0,
2021,4,25,16,19,12,784,1619331552.784000,0,1,0,1,17,0,17,30,52,0,
2021,4,25,16,19,12,902,1619331552.902000,0,1,0,1,17,0,17,30,52,0,
2021,4,25,16,19,13,25,1619331553.025000,0,1,0,1,17,0,17,30,52,0,
2021,4,25,16,19,13,148,1619331553.148000,0,1,0,1,17,0,17,30,52,0,
2021,4,25,16,19,13,270,1619331553.270000,0,1,0,1,17,0,17,30,52,0,
2021,4,25,16,19,13,400,1619331553.400000,0,1,0,1,17,0,17,30,52,0,
2021,4,25,16,19,13,518,1619331553.518000,0,1,0,1,17,0,17,30,52,0,
2021,4,25,16,19,13,642,1619331553.642000,0,1,0,1,17,0,17,30,52,0,
2021,4,25,16,19,13,762,1619331553.762000,0,1,0,1,17,0,17,30,52,0,
2021,4,25,16,19,13,886,1619331553.886000,0,1,0,1,17,0,17,30,52,0,
2021,4,25,16,19,14,8,1619331554.008000,0,1,0,1,17,0,17,30,52,0,
2021,4,25,16,19,14,132,1619331554.132000,0,1,0,1,17,0,17,30,52,0,
2021,4,25,16,19,14,247,1619331554.247000,0,1,0,1,17,0,17,30,52,0,
2021,4,25,16,19,14,373,1619331554.373000,0,1,0,1,17,0,17,30,52,0,
2021,4,25,16,19,14,494,1619331554.494000,0,1,0,1,17,0,17,30,52,0,
2021,4,25,16,19,14,616,1619331554.616000,0,1,0,1,17,0,17,30,52,0,
2021,4,25,16,19,14,736,1619331554.736000,0,1,0,1,17,0,17,30,52,0,
2021,4,25,16,19,14,856,1619331554.856000,0,1,0,1,17,0,17,30,52,0,
2021,4,25,16,19,14,979,1619331554.979000,0,1,0,1,17,0,17,30,52,0,
2021,4,25,16,19,15,103,1619331555.103000,0,1,0,1,17,0,17,30,52,0,
2021,4,25,16,19,15,228,1619331555.228000,0,1,0,1,17,0,17,30,52,0,
2021,4,25,16,19,15,346,1619331555.346000,0,1,0,1,17,0,17,30,52,0,
2021,4,25,16,19,15,472,1619331555.472000,0,1,0,1,17,0,17,30,52,0,
2021,4,25,16,19,15,596,1619331555.596000,0,1,0,1,17,0,17,30,52,0,
2021,4,25,16,19,15,717,1619331555.717000,0,1,0,1,17,0,17,30,52,0,
2021,4,25,16,19,15,849,1619331555.849000,0,1,0,1,17,0,17,30,52,0,
2021,4,25,16,19,15,968,1619331555.968000,0,1,0,1,17,0,17,30,52,0,
2021,4,25,16,19,16,88,1619331556.088000,0,1,0,1,17,0,17,30,52,0,
2021,4,25,16,19,16,214,1619331556.214000,0,1,0,1,17,0,17,30,52,0,
2021,4,25,16,19,16,340,1619331556.340000,0,1,0,1,17,0,17,30,52,0,
2021,4,25,16,19,16,457,1619331556.457000,0,1,0,1,17,0,17,30,52,0,
2021,4,25,16,19,16,573,1619331556.573000,0,1,0,1,17,0,17,30,52,0,
2021,4,25,16,19,16,705,1619331556.705000,0,1,0,1,17,0,17,30,52,0,
2021,4,25,16,19,16,832,1619331556.832000,0,1,0,1,17,0,17,30,52,0,
2021,4,25,16,19,16,956,1619331556.956000,0,1,0,1,17,0,17,30,52,0,
2021,4,25,16,19,17,75,1619331557.075000,0,1,0,1,17,0,17,30,52,0,
2021,4,25,16,19,17,194,1619331557.194000,0,1,0,1,17,0,17,30,52,0,
2021,4,25,16,19,17,314,1619331557.314000,0,1,0,1,17,0,17,30,52,0,
2021,4,25,16,19,17,441,1619331557.441000,0,1,0,1,17,0,17,30,52,0,
2021,4,25,16,19,17,557,1619331557.557000,0,1,0,1,17,0,17,30,52,0,
2021,4,25,16,19,17,689,1619331557.689000,0,1,0,1,17,0,17,30,52,0,
2021,4,25,16,19,17,811,1619331557.811000,0,1,0,1,17,0,17,30,52,0,
2021,4,25,16,19,17,929,1619331557.929000,0,1,0,1,17,0,17,30,52,0,
2021,4,25,16,19,18,50,1619331558.050000,0,1,0,1,17,0,17,30,52,0,
2021,4,25,16,19,18,169,1619331558.169000,0,1,0,1,17,0,17,30,52,0,
2021,4,25,16,19,18,289,1619331558.289000,0,1,0,1,17,0,17,30,52,0,
2021,4,25,16,19,18,412,1619331558.412000,0,1,0,1,17,0,17,30,52,0,
2021,4,25,16,19,18,533,1619331558.533000,0,1,0,1,17,0,17,30,52,0,
2021,4,25,16,19,18,649,1619331558.649000,0,1,0,1,17,0,17,30,52,0,
2021,4,25,16,19,18,777,1619331558.777000,0,1,0,1,17,0,17,30,52,0,
2021,4,25,16,19,18,898,1619331558.898000,0,1,0,1,17,0,17,30,52,0,
2021,4,25,16,19,19,27,1619331559.027000,0,1,0,1,17,0,17,30,52,0,
2021,4,25,16,19,19,148,1619331559.148000,0,1,0,1,17,0,17,30,52,0,
2021,4,25,16,19,19,271,1619331559.271000,0,1,0,1,17,0,17,30,52,0,
2021,4,25,16,19,19,393,1619331559.393000,0,1,0,1,17,0,17,30,52,0,
2021,4,25,16,19,19,527,1619331559.527000,0,1,0,1,17,0,17,30,52,0,
2021,4,25,16,19,19,646,1619331559.646000,0,1,0,1,17,0,17,30,52,0,
2021,4,25,16,19,19,768,1619331559.768000,0,1,0,1,17,0,17,30,52,0,
2021,4,25,16,19,19,903,1619331559.903000,0,1,0,1,17,0,17,30,52,0,
2021,4,25,16,19,20,26,1619331560.026000,0,1,0,1,17,0,17,30,52,0,
2021,4,25,16,19,20,150,1619331560.150000,0,1,0,1,17,0,17,30,52,0,
2021,4,25,16,19,20,274,1619331560.274000,0,1,0,1,17,0,17,30,52,0,
2021,4,25,16,19,20,395,1619331560.395000,0,1,0,1,17,0,17,30,52,0,
2021,4,25,16,19,20,520,1619331560.520000,0,1,0,1,17,0,17,30,52,0,
2021,4,25,16,19,20,637,1619331560.637000,0,1,0,1,17,0,17,30,52,0,
2021,4,25,16,19,20,754,1619331560.754000,0,1,0,1,17,0,17,30,52,0,
2021,4,25,16,19,20,879,1619331560.879000,0,1,0,1,17,0,17,30,52,0,
2021,4,25,16,19,20,996,1619331560.996000,0,1,0,1,17,0,17,30,52,0,
2021,4,25,16,19,21,127,1619331561.127000,0,1,0,1,17,0,17,30,52,0,
2021,4,25,16,19,21,246,1619331561.246000,0,1,0,1,17,0,17,30,52,0,
2021,4,25,16,19,21,372,1619331561.372000,0,1,0,1,17,0,17,30,52,0,
2021,4,25,16,19,21,494,1619331561.494000,0,1,0,1,17,0,17,30,52,0,
2021,4,25,16,19,21,615,1619331561.615000,0,1,0,1,17,0,17,30,52,0,
2021,4,25,16,19,21,740,1619331561.740000,0,1,0,1,17,0,17,30,52,0,
2021,4,25,16,19,21,865,1619331561.865000,0,1,0,1,17,0,17,30,52,0,
2021,4,25,16,19,21,989,1619331561.989000,0,1,0,1,17,0,17,30,52,0,
2021,4,25,16,19,22,112,1619331562.112000,0,1,0,1,17,0,17,30,52,0,
2021,4,25,16,19,22,235,1619331562.235000,0,1,0,1,17,0,17,30,52,0,
2021,4,25,16,19,22,360,1619331562.360000,0,1,0,1,17,0,17,30,52,0,
2021,4,25,16,19,22,475,1619331562.475000,0,1,0,1,17,0,17,30,52,0,
2021,4,25,16,19,22,598,1619331562.598000,0,1,0,1,17,0,17,30,52,0,
2021,4,25,16,19,22,720,1619331562.720000,0,1,0,1,17,0,17,30,52,0,
2021,4,25,16,19,22,845,1619331562.845000,0,1,0,1,17,0,17,30,52,0,
2021,4,25,16,19,22,961,1619331562.961000,0,1,0,1,17,0,17,30,52,0,
2021,4,25,16,19,23,86,1619331563.086000,0,1,0,1,17,0,17,30,52,0,
2021,4,25,16,19,23,207,1619331563.207000,0,1,0,1,17,0,17,30,52,0,
2021,4,25,16,19,23,331,1619331563.331000,0,1,0,1,17,0,17,30,52,0,
2021,4,25,16,19,23,461,1619331563.461000,0,1,0,1,17,0,17,30,52,0,
2021,4,25,16,19,23,580,1619331563.580000,0,1,0,1,17,0,17,30,52,0,
2021,4,25,16,19,23,705,1619331563.705000,0,1,0,1,17,0,17,30,52,0,
2021,4,25,16,19,23,823,1619331563.823000,0,1,0,1,17,0,17,30,52,0,
2021,4,25,16,19,23,944,1619331563.944000,0,1,0,1,17,0,17,30,52,0,
2021,4,25,16,19,24,67,1619331564.067000,0,1,0,1,17,0,17,30,52,0,
2021,4,25,16,19,24,187,1619331564.187000,0,1,0,1,17,0,17,30,52,0,
2021,4,25,16,19,24,304,1619331564.304000,0,1,0,1,17,0,17,30,52,0,
2021,4,25,16,19,24,427,1619331564.427000,0,1,0,1,17,0,17,30,52,0,
2021,4,25,16,19,24,544,1619331564.544000,0,1,0,1,17,0,17,30,52,0,
2021,4,25,16,19,24,664,1619331564.664000,0,1,0,1,17,0,17,30,52,0,
2021,4,25,16,19,24,786,1619331564.786000,0,1,0,1,17,0,17,30,52,0,
2021,4,25,16,19,24,904,1619331564.904000,0,1,0,1,17,0,17,30,52,0,
2021,4,25,16,19,25,23,1619331565.023000,0,1,0,1,17,0,17,30,52,0,
2021,4,25,16,19,25,148,1619331565.148000,0,1,0,1,17,0,17,30,52,0,
2021,4,25,16,19,25,269,1619331565.269000,0,1,0,1,17,0,17,30,52,0,
2021,4,25,16,19,25,388,1619331565.388000,0,1,0,1,17,0,17,30,52,0,
2021,4,25,16,19,25,511,1619331565.511000,0,1,0,1,17,0,17,30,52,0,
2021,4,25,16,19,25,635,1619331565.635000,0,1,0,1,17,0,17,30,52,0,
2021,4,25,16,19,25,760,1619331565.760000,0,1,0,1,17,0,17,30,52,0,
2021,4,25,16,19,25,879,1619331565.879000,0,1,0,1,17,0,17,30,52,0,
2021,4,25,16,19,25,997,1619331565.997000,0,1,0,1,17,0,17,30,52,0,
2021,4,25,16,19,26,117,1619331566.117000,0,1,0,1,17,0,17,30,52,0,
2021,4,25,16,19,26,242,1619331566.242000,0,1,0,1,17,0,17,30,52,0,
2021,4,25,16,19,26,365,1619331566.365000,0,1,0,1,17,0,17,30,52,0,
2021,4,25,16,19,26,483,1619331566.483000,0,1,0,1,17,0,17,30,52,0,
2021,4,25,16,19,26,610,1619331566.610000,0,1,0,1,17,0,17,30,52,0,
2021,4,25,16,19,26,735,1619331566.735000,0,1,0,1,17,0,17,30,52,0,
2021,4,25,16,19,26,854,1619331566.854000,0,1,0,1,17,0,17,30,52,0,
2021,4,25,16,19,26,981,1619331566.981000,0,1,0,1,17,0,17,30,52,0,
2021,4,25,16,19,27,96,1619331567.096000,0,1,0,1,17,0,17,30,52,0,
2021,4,25,16,19,27,224,1619331567.224000,0,1,0,1,17,0,17,30,52,0,
2021,4,25,16,19,27,348,1619331567.348000,0,1,0,1,17,0,17,30,52,0,
2021,4,25,16,19,27,470,1619331567.470000,0,1,0,1,17,0,17,30,52,0,
2021,4,25,16,19,27,586,1619331567.586000,0,1,0,1,17,0,17,30,52,0,
2021,4,25,16,19,27,707,1619331567.707000,0,1,0,1,17,0,17,30,52,0,
2021,4,25,16,19,27,838,1619331567.838000,0,1,0,1,17,0,17,30,52,0,
2021,4,25,16,19,27,961,1619331567.961000,0,1,0,1,17,0,17,30,52,0,
2021,4,25,16,19,28,81,1619331568.081000,0,1,0,1,17,0,17,30,52,0,
2021,4,25,16,19,28,211,1619331568.211000,0,1,0,1,17,0,17,30,52,0,
2021,4,25,16,19,28,337,1619331568.337000,0,1,0,1,17,0,17,30,52,0,
2021,4,25,16,19,28,461,1619331568.461000,0,1,0,1,17,0,17,30,52,0,
2021,4,25,16,19,28,585,1619331568.585000,0,1,0,1,17,0,17,30,52,0,
2021,4,25,16,19,28,704,1619331568.704000,0,1,0,1,17,0,17,30,52,0,
2021,4,25,16,19,28,839,1619331568.839000,0,1,0,1,17,0,17,30,52,0,
2021,4,25,16,19,28,960,1619331568.960000,0,1,0,1,17,0,17,30,52,0,
2021,4,25,16,19,29,83,1619331569.083000,0,1,0,1,17,0,17,30,52,0,
2021,4,25,16,19,29,211,1619331569.211000,0,1,0,1,17,0,17,30,52,0,
2021,4,25,16,19,29,331,1619331569.331000,0,1,0,1,17,0,17,30,52,0,
2021,4,25,16,19,29,448,1619331569.448000,0,1,0,1,17,0,17,30,52,0,
2021,4,25,16,19,29,577,1619331569.577000,0,1,0,1,17,0,17,30,52,0,
2021,4,25,16,19,29,703,1619331569.703000,0,1,0,1,17,0,17,30,52,0,
2021,4,25,16,19,29,824,1619331569.824000,0,1,0,1,17,0,17,30,52,0,
2021,4,25,16,19,29,946,1619331569.946000,0,1,0,1,17,0,17,30,52,0,
2021,4,25,16,19,30,69,1619331570.069000,0,1,0,1,17,0,17,30,52,0,
2021,4,25,16,19,30,189,1619331570.189000,0,1,0,1,17,0,17,30,52,0,
2021,4,25,16,19,30,306,1619331570.306000,0,1,0,1,17,0,17,30,52,0,
2021,4,25,16,19,30,425,1619331570.425000,0,1,0,1,17,0,17,30,52,0,
2021,4,25,16,19,30,552,1619331570.552000,0,1,0,1,17,0,17,30,52,0,
2021,4,25,16,19,30,676,1619331570.676000,0,1,0,1,17,0,17,30,52,0,
2021,4,25,16,19,30,807,1619331570.807000,0,1,0,1,17,0,17,30,52,0,
2021,4,25,16,19,30,927,1619331570.927000,0,1,0,1,17,0,17,30,52,0,
2021,4,25,16,19,31,51,1619331571.051000,0,1,0,1,17,0,17,30,52,0,
2021,4,25,16,19,31,176,1619331571.176000,0,1,0,1,17,0,17,30,52,0,
2021,4,25,16,19,31,295,1619331571.295000,0,1,0,1,17,0,17,30,52,0,
2021,4,25,16,19,31,413,1619331571.413000,0,1,0,1,17,0,17,30,52,0,
2021,4,25,16,19,31,536,1619331571.536000,0,1,0,1,17,0,17,30,52,0,
2021,4,25,16,19,31,657,1619331571.657000,0,1,0,1,17,0,17,30,52,0,
2021,4,25,16,19,31,785,1619331571.785000,0,1,0,1,17,0,17,30,52,0,
2021,4,25,16,19,31,905,1619331571.905000,0,1,0,1,17,0,17,30,52,0,
2021,4,25,16,19,32,25,1619331572.025000,0,1,0,1,17,0,17,30,52,0,
2021,4,25,16,19,32,150,1619331572.150000,0,1,0,1,17,0,17,30,52,0,
2021,4,25,16,19,32,269,1619331572.269000,0,1,0,1,17,0,17,30,52,0,
2021,4,25,16,19,32,398,1619331572.398000,0,1,0,1,17,0,17,30,52,0,
2021,4,25,16,19,32,515,1619331572.515000,0,1,0,1,17,0,17,30,52,0,
2021,4,25,16,19,32,637,1619331572.637000,0,1,0,1,17,0,17,30,52,0,
2021,4,25,16,19,32,761,1619331572.761000,0,1,0,1,17,0,17,30,52,0,
2021,4,25,16,19,32,885,1619331572.885000,0,1,0,1,17,0,17,30,52,0,
2021,4,25,16,19,33,9,1619331573.009000,0,1,0,1,17,0,17,30,52,0,
2021,4,25,16,19,33,125,1619331573.125000,0,1,0,1,17,0,17,30,52,0,
2021,4,25,16,19,33,244,1619331573.244000,0,1,0,1,17,0,17,30,52,0,
2021,4,25,16,19,33,372,1619331573.372000,0,1,0,1,17,0,17,30,52,0,
2021,4,25,16,19,33,495,1619331573.495000,0,1,0,1,17,0,17,30,52,0,
2021,4,25,16,19,33,611,1619331573.611000,0,1,0,1,17,0,17,30,52,0,
2021,4,25,16,19,33,731,1619331573.731000,0,1,0,1,17,0,17,30,52,0,
2021,4,25,16,19,33,857,1619331573.857000,0,1,0,1,17,0,17,30,52,0,
2021,4,25,16,19,33,976,1619331573.976000,0,1,0,1,17,0,17,30,52,0,
2021,4,25,16,19,34,101,1619331574.101000,0,1,0,1,17,0,17,30,52,0,
2021,4,25,16,19,34,222,1619331574.222000,0,1,0,1,17,0,17,30,52,0,
2021,4,25,16,19,34,340,1619331574.340000,0,1,0,1,17,0,17,30,52,0,
2021,4,25,16,19,34,472,1619331574.472000,0,1,0,1,17,0,17,30,52,0,
2021,4,25,16,19,34,594,1619331574.594000,0,1,0,1,17,0,17,30,52,0,
2021,4,25,16,19,34,714,1619331574.714000,0,1,0,1,17,0,17,30,52,0,
2021,4,25,16,19,34,838,1619331574.838000,0,1,0,1,17,0,17,30,52,0,
2021,4,25,16,19,34,966,1619331574.966000,0,1,0,1,17,0,17,30,52,0,
2021,4,25,16,19,35,85,1619331575.085000,0,1,0,1,17,0,17,30,52,0,
2021,4,25,16,19,35,206,1619331575.206000,0,1,0,1,17,0,17,30,52,0,
2021,4,25,16,19,35,321,1619331575.321000,0,1,0,1,17,0,17,30,52,0,
2021,4,25,16,19,35,445,1619331575.445000,0,1,0,1,17,0,17,30,52,0,
2021,4,25,16,19,35,571,1619331575.571000,0,1,0,1,17,0,17,30,52,0,
2021,4,25,16,19,35,690,1619331575.690000,0,1,0,1,17,0,17,30,52,0,
2021,4,25,16,19,35,811,1619331575.811000,0,1,0,1,17,0,17,30,52,0,
2021,4,25,16,19,35,938,1619331575.938000,0,1,0,1,17,0,17,30,52,0,
2021,4,25,16,19,36,61,1619331576.061000,0,1,0,1,17,0,17,30,52,0,
2021,4,25,16,19,36,181,1619331576.181000,0,1,0,1,17,0,17,30,52,0,
2021,4,25,16,19,36,303,1619331576.303000,0,1,0,1,17,0,17,30,52,0,
2021,4,25,16,19,36,422,1619331576.422000,0,1,0,1,17,0,17,30,52,0,
2021,4,25,16,19,36,543,1619331576.543000,0,1,0,1,17,0,17,30,52,0,
2021,4,25,16,19,36,672,1619331576.672000,0,1,0,1,17,0,17,30,52,0,
2021,4,25,16,19,36,791,1619331576.791000,0,1,0,1,17,0,17,30,52,0,
2021,4,25,16,19,36,911,1619331576.911000,0,1,0,1,17,0,17,30,52,0,
2021,4,25,16,19,37,30,1619331577.030000,0,1,0,1,17,0,17,30,52,0,
2021,4,25,16,19,37,147,1619331577.147000,0,1,0,1,17,0,17,30,52,0,
2021,4,25,16,19,37,271,1619331577.271000,0,1,0,1,17,0,17,30,52,0,
2021,4,25,16,19,37,393,1619331577.393000,0,1,0,1,17,0,17,30,52,0,
2021,4,25,16,19,37,517,1619331577.517000,0,1,0,1,17,0,17,30,52,0,
2021,4,25,16,19,37,641,1619331577.641000,0,1,0,1,17,0,17,30,52,0,
2021,4,25,16,19,37,770,1619331577.770000,0,1,0,1,17,0,17,30,52,0,
2021,4,25,16,19,37,896,1619331577.896000,0,1,0,1,17,0,17,30,52,0,
2021,4,25,16,19,38,23,1619331578.023000,0,1,0,1,17,0,17,30,52,0,
2021,4,25,16,19,38,146,1619331578.146000,0,1,0,1,17,0,17,30,52,0,
2021,4,25,16,19,38,265,1619331578.265000,0,1,0,1,17,0,17,30,52,0,
2021,4,25,16,19,38,390,1619331578.390000,0,1,0,1,17,0,17,30,52,0,
2021,4,25,16,19,38,507,1619331578.507000,0,1,0,1,17,0,17,30,52,0,
2021,4,25,16,19,38,629,1619331578.629000,0,1,0,1,17,0,17,30,52,0,
2021,4,25,16,19,38,755,1619331578.755000,0,1,0,1,17,0,17,30,52,0,
2021,4,25,16,19,38,878,1619331578.878000,0,1,0,1,17,0,17,30,52,0,
2021,4,25,16,19,38,994,1619331578.994000,0,1,0,1,17,0,17,30,52,0,
2021,4,25,16,19,39,118,1619331579.118000,0,1,0,1,17,0,17,30,52,0,
2021,4,25,16,19,39,236,1619331579.236000,0,1,0,1,17,0,17,30,52,0,
2021,4,25,16,19,39,360,1619331579.360000,0,1,0,1,17,0,17,30,52,0,
2021,4,25,16,19,39,478,1619331579.478000,0,1,0,1,17,0,17,30,52,0,
2021,4,25,16,19,39,597,1619331579.597000,0,1,0,1,17,0,17,30,52,0,
2021,4,25,16,19,39,730,1619331579.730000,0,1,0,1,17,0,17,30,52,0,
2021,4,25,16,19,39,854,1619331579.854000,0,1,0,1,17,0,17,30,52,0,
2021,4,25,16,19,39,980,1619331579.980000,0,1,0,1,17,0,17,30,52,0,
2021,4,25,16,19,40,95,1619331580.095000,0,1,0,1,17,0,17,30,52,0,
2021,4,25,16,19,40,210,1619331580.210000,0,1,0,1,17,0,17,30,52,0,
2021,4,25,16,19,40,325,1619331580.325000,0,1,0,1,17,0,17,30,52,0,
2021,4,25,16,19,40,446,1619331580.446000,0,1,0,1,17,0,17,30,52,0,
2021,4,25,16,19,40,573,1619331580.573000,0,1,0,1,17,0,17,30,52,0,
2021,4,25,16,19,40,694,1619331580.694000,0,1,0,1,17,0,17,30,52,0,
2021,4,25,16,19,40,824,1619331580.824000,0,1,0,1,17,0,17,30,52,0,
2021,4,25,16,19,40,941,1619331580.941000,0,1,0,1,17,0,17,30,52,0,
2021,4,25,16,19,41,57,1619331581.057000,0,1,0,1,17,0,17,30,52,0,
2021,4,25,16,19,41,183,1619331581.183000,0,1,0,1,17,0,17,30,52,0,
2021,4,25,16,19,41,310,1619331581.310000,0,1,0,1,17,0,17,30,52,0,
2021,4,25,16,19,41,430,1619331581.430000,0,1,0,1,17,0,17,30,52,0,
2021,4,25,16,19,41,545,1619331581.545000,0,1,0,1,17,0,17,30,52,0,
2021,4,25,16,19,41,664,1619331581.664000,0,1,0,1,17,0,17,30,52,0,
2021,4,25,16,19,41,789,1619331581.789000,0,1,0,1,17,0,17,30,52,0,
2021,4,25,16,19,41,911,1619331581.911000,0,1,0,1,17,0,17,30,52,0,
2021,4,25,16,19,42,37,1619331582.037000,0,1,0,1,17,0,17,30,52,0,
2021,4,25,16,19,42,160,1619331582.160000,0,1,0,1,17,0,17,30,52,0,
2021,4,25,16,19,42,283,1619331582.283000,0,1,0,1,17,0,17,30,52,0,
2021,4,25,16,19,42,404,1619331582.404000,0,1,0,1,17,0,17,30,52,0,
2021,4,25,16,19,42,520,1619331582.520000,0,1,0,1,17,0,17,30,52,0,
2021,4,25,16,19,42,636,1619331582.636000,0,1,0,1,17,0,17,30,52,0,
2021,4,25,16,19,42,761,1619331582.761000,0,1,0,1,17,0,17,30,52,0,
2021,4,25,16,19,42,884,1619331582.884000,0,1,0,1,17,0,17,30,52,0,
2021,4,25,16,19,43,1,1619331583.001000,0,1,0,1,17,0,17,30,52,0,
2021,4,25,16,19,43,128,1619331583.128000,0,1,0,1,17,0,17,30,52,0,
2021,4,25,16,19,43,251,1619331583.251000,0,1,0,1,17,0,17,30,52,0,
2021,4,25,16,19,43,375,1619331583.375000,0,1,0,1,17,0,17,30,52,0,
2021,4,25,16,19,43,492,1619331583.492000,0,1,0,1,17,0,17,30,52,0,
2021,4,25,16,19,43,620,1619331583.620000,0,1,0,1,17,0,17,30,52,0,
2021,4,25,16,19,43,745,1619331583.745000,0,1,0,1,17,0,17,30,52,0,
2021,4,25,16,19,43,879,1619331583.879000,0,1,0,1,17,0,17,30,52,0,
2021,4,25,16,19,44,0,1619331584.000000,0,1,0,1,17,0,17,30,52,0,
2021,4,25,16,19,44,124,1619331584.124000,0,1,0,1,17,0,17,30,52,0,
2021,4,25,16,19,44,243,1619331584.243000,0,1,0,1,17,0,17,30,52,0,
2021,4,25,16,19,44,361,1619331584.361000,0,1,0,1,17,0,17,30,52,0,
2021,4,25,16,19,44,481,1619331584.481000,0,1,0,1,17,0,17,30,52,0,
2021,4,25,16,19,44,607,1619331584.607000,0,1,0,1,17,0,17,30,52,0,
2021,4,25,16,19,44,734,1619331584.734000,0,1,0,1,17,0,17,30,52,0,
2021,4,25,16,19,44,868,1619331584.868000,0,1,0,1,17,0,17,30,52,0,
2021,4,25,16,19,44,989,1619331584.989000,0,1,0,1,17,0,17,30,52,0,
2021,4,25,16,19,45,111,1619331585.111000,0,1,0,1,17,0,17,30,52,0,
2021,4,25,16,19,45,245,1619331585.245000,0,1,0,1,17,0,17,30,52,0,
2021,4,25,16,19,45,360,1619331585.360000,0,1,0,1,17,0,17,30,52,0,
2021,4,25,16,19,45,486,1619331585.486000,0,1,0,1,17,0,17,30,52,0,
2021,4,25,16,19,45,611,1619331585.611000,0,1,0,1,17,0,17,30,52,0,
2021,4,25,16,19,45,728,1619331585.728000,0,1,0,1,17,0,17,30,52,0,
2021,4,25,16,19,45,855,1619331585.855000,0,1,0,1,17,0,17,30,52,0,
2021,4,25,16,19,45,973,1619331585.973000,0,1,0,1,17,0,17,30,52,0,
2021,4,25,16,19,46,90,1619331586.090000,0,1,0,1,17,0,17,30,52,0,
2021,4,25,16,19,46,210,1619331586.210000,0,1,0,1,17,0,17,30,52,0,
2021,4,25,16,19,46,331,1619331586.331000,0,1,0,1,17,0,17,30,52,0,
2021,4,25,16,19,46,448,1619331586.448000,0,1,0,1,17,0,17,30,52,0,
2021,4,25,16,19,46,565,1619331586.565000,0,1,0,1,17,0,17,30,52,0,
2021,4,25,16,19,46,683,1619331586.683000,0,1,0,1,17,0,17,30,52,0,
2021,4,25,16,19,46,804,1619331586.804000,0,1,0,1,17,0,17,30,52,0,
2021,4,25,16,19,46,929,1619331586.929000,0,1,0,1,17,0,17,30,52,0,
2021,4,25,16,19,47,62,1619331587.062000,0,1,0,1,17,0,17,30,52,0,
2021,4,25,16,19,47,177,1619331587.177000,0,1,0,1,17,0,17,30,52,0,
2021,4,25,16,19,47,301,1619331587.301000,0,1,0,1,17,0,17,30,52,0,
2021,4,25,16,19,47,424,1619331587.424000,0,1,0,1,17,0,17,30,52,0,
2021,4,25,16,19,47,547,1619331587.547000,0,1,0,1,17,0,17,30,52,0,
2021,4,25,16,19,47,671,1619331587.671000,0,1,0,1,17,0,17,30,52,0,
2021,4,25,16,19,47,792,1619331587.792000,0,1,0,1,17,0,17,30,52,0,
2021,4,25,16,19,47,911,1619331587.911000,0,1,0,1,17,0,17,30,52,0,
2021,4,25,16,19,48,41,1619331588.041000,0,1,0,1,17,0,17,30,52,0,
2021,4,25,16,19,48,169,1619331588.169000,0,1,0,1,17,0,17,30,52,0,
2021,4,25,16,19,48,287,1619331588.287000,0,1,0,1,17,0,17,30,52,0,
2021,4,25,16,19,48,411,1619331588.411000,0,1,0,1,17,0,17,30,52,0,
2021,4,25,16,19,48,534,1619331588.534000,0,1,0,1,17,0,17,30,52,0,
2021,4,25,16,19,48,654,1619331588.654000,0,1,0,1,17,0,17,30,52,0,
2021,4,25,16,19,48,772,1619331588.772000,0,1,0,1,17,0,17,30,52,0,
2021,4,25,16,19,48,898,1619331588.898000,0,1,0,1,17,0,17,30,52,0,
2021,4,25,16,19,49,22,1619331589.022000,0,1,0,1,17,0,17,30,52,0,
2021,4,25,16,19,49,146,1619331589.146000,0,1,0,1,17,0,17,30,52,0,
2021,4,25,16,19,49,265,1619331589.265000,0,1,0,1,17,0,17,30,52,0,
2021,4,25,16,19,49,380,1619331589.380000,0,1,0,1,17,0,17,30,52,0,
2021,4,25,16,19,49,504,1619331589.504000,0,1,0,1,17,0,17,30,52,0,
2021,4,25,16,19,49,639,1619331589.639000,0,1,0,1,17,0,17,30,52,0,
2021,4,25,16,19,49,762,1619331589.762000,0,1,0,1,17,0,17,30,52,0,
2021,4,25,16,19,49,891,1619331589.891000,0,1,0,1,17,0,17,30,52,0,
2021,4,25,16,19,50,17,1619331590.017000,0,1,0,1,17,0,17,30,52,0,
2021,4,25,16,19,50,145,1619331590.145000,0,1,0,1,17,0,17,30,52,0,
2021,4,25,16,19,50,282,1619331590.282000,0,1,0,1,17,0,17,30,52,0,
2021,4,25,16,19,50,408,1619331590.408000,0,1,0,1,17,0,17,30,52,0,
2021,4,25,16,19,50,534,1619331590.534000,0,1,0,1,17,0,17,30,52,0,
2021,4,25,16,19,50,657,1619331590.657000,0,1,0,1,17,0,17,30,52,0,
2021,4,25,16,19,50,780,1619331590.780000,0,1,0,1,17,0,17,30,52,0,
2021,4,25,16,19,50,899,1619331590.899000,0,1,0,1,17,0,17,30,52,0,
2021,4,25,16,19,51,23,1619331591.023000,0,1,0,1,17,0,17,30,52,0,
2021,4,25,16,19,51,155,1619331591.155000,0,1,0,1,17,0,17,30,52,0,
2021,4,25,16,19,51,278,1619331591.278000,0,1,0,1,17,0,17,30,52,0,
2021,4,25,16,19,51,414,1619331591.414000,0,1,0,1,17,0,17,30,52,0,
2021,4,25,16,19,51,531,1619331591.531000,0,1,0,1,17,0,17,30,52,0,
2021,4,25,16,19,51,657,1619331591.657000,0,1,0,1,17,0,17,30,52,0,
2021,4,25,16,19,51,787,1619331591.787000,0,1,0,1,17,0,17,30,52,0,
2021,4,25,16,19,51,914,1619331591.914000,0,1,0,1,17,0,17,30,52,0,
2021,4,25,16,19,52,40,1619331592.040000,0,1,0,1,17,0,17,30,52,0,
2021,4,25,16,19,52,158,1619331592.158000,0,1,0,1,17,0,17,30,52,0,
2021,4,25,16,19,52,284,1619331592.284000,0,1,0,1,17,0,17,30,52,0,
2021,4,25,16,19,52,408,1619331592.408000,0,1,0,1,17,0,17,30,52,0,
2021,4,25,16,19,52,540,1619331592.540000,0,1,0,1,17,0,17,30,52,0,
2021,4,25,16,19,52,665,1619331592.665000,0,1,0,1,17,0,17,30,52,0,
2021,4,25,16,19,52,796,1619331592.796000,0,1,0,1,17,0,17,30,52,0,
2021,4,25,16,19,52,922,1619331592.922000,0,1,0,1,17,0,17,30,52,0,
2021,4,25,16,19,53,43,1619331593.043000,0,1,0,1,17,0,17,30,52,0,
2021,4,25,16,19,53,163,1619331593.163000,0,1,0,1,17,0,17,30,52,0,
2021,4,25,16,19,53,281,1619331593.281000,0,1,0,1,17,0,17,30,52,0,
2021,4,25,16,19,53,405,1619331593.405000,0,1,0,1,17,0,17,30,52,0,
2021,4,25,16,19,53,532,1619331593.532000,0,1,0,1,17,0,17,30,52,0,
2021,4,25,16,19,53,652,1619331593.652000,0,1,0,1,17,0,17,30,52,0,
2021,4,25,16,19,53,776,1619331593.776000,0,1,0,1,17,0,17,30,52,0,
2021,4,25,16,19,53,894,1619331593.894000,0,1,0,1,17,0,17,30,52,0,
2021,4,25,16,19,54,13,1619331594.013000,0,1,0,1,17,0,17,30,52,0,
2021,4,25,16,19,54,142,1619331594.142000,0,1,0,1,17,0,17,30,52,0,
2021,4,25,16,19,54,261,1619331594.261000,0,1,0,1,17,0,17,30,52,0,
2021,4,25,16,19,54,382,1619331594.382000,0,1,0,1,17,0,17,30,52,0,
2021,4,25,16,19,54,498,1619331594.498000,0,1,0,1,17,0,17,30,52,0,
2021,4,25,16,19,54,619,1619331594.619000,0,1,0,1,17,0,17,30,52,0,
2021,4,25,16,19,54,748,1619331594.748000,0,1,0,1,17,0,17,30,52,0,
2021,4,25,16,19,54,868,1619331594.868000,0,1,0,1,17,0,17,30,52,0,
2021,4,25,16,19,54,986,1619331594.986000,0,1,0,1,17,0,17,30,52,0,
2021,4,25,16,19,55,108,1619331595.108000,0,1,0,1,17,0,17,30,52,0,
2021,4,25,16,19,55,233,1619331595.233000,0,1,0,1,17,0,17,30,52,0,
2021,4,25,16,19,55,354,1619331595.354000,0,1,0,1,17,0,17,30,52,0,
2021,4,25,16,19,55,476,1619331595.476000,0,1,0,1,17,0,17,30,52,0,
2021,4,25,16,19,55,593,1619331595.593000,0,1,0,1,17,0,17,30,52,0,
2021,4,25,16,19,55,711,1619331595.711000,0,1,0,1,17,0,17,30,52,0,
2021,4,25,16,19,55,831,1619331595.831000,0,1,0,1,17,0,17,30,52,0,
2021,4,25,16,19,55,960,1619331595.960000,0,1,0,1,17,0,17,30,52,0,
2021,4,25,16,19,56,78,1619331596.078000,0,1,0,1,17,0,17,30,52,0,
2021,4,25,16,19,56,198,1619331596.198000,0,1,0,1,17,0,17,30,52,0,
2021,4,25,16,19,56,318,1619331596.318000,0,1,0,1,17,0,17,30,52,0,
2021,4,25,16,19,56,433,1619331596.433000,0,1,0,1,17,0,17,30,52,0,
2021,4,25,16,19,56,553,1619331596.553000,0,1,0,1,17,0,17,30,52,0,
2021,4,25,16,19,56,672,1619331596.672000,0,1,0,1,17,0,17,30,52,0,
2021,4,25,16,19,56,802,1619331596.802000,0,1,0,1,17,0,17,30,52,0,
2021,4,25,16,19,56,925,1619331596.925000,0,1,0,1,17,0,17,30,52,0,
2021,4,25,16,19,57,49,1619331597.049000,0,1,0,1,17,0,17,30,52,0,
2021,4,25,16,19,57,173,1619331597.173000,0,1,0,1,17,0,17,30,52,0,
2021,4,25,16,19,57,291,1619331597.291000,0,1,0,1,17,0,17,30,52,0,
2021,4,25,16,19,57,415,1619331597.415000,0,1,0,1,17,0,17,30,52,0,
2021,4,25,16,19,57,535,1619331597.535000,0,1,0,1,17,0,17,30,52,0,
2021,4,25,16,19,57,661,1619331597.661000,0,1,0,1,17,0,17,30,52,0,
2021,4,25,16,19,57,783,1619331597.783000,0,1,0,1,17,0,17,30,52,0,
2021,4,25,16,19,57,899,1619331597.899000,0,1,0,1,17,0,17,30,52,0,
2021,4,25,16,19,58,15,1619331598.015000,0,1,0,1,17,0,17,30,52,0,
2021,4,25,16,19,58,134,1619331598.134000,0,1,0,1,17,0,17,30,52,0,
2021,4,25,16,19,58,258,1619331598.258000,0,1,0,1,17,0,17,30,52,0,
2021,4,25,16,19,58,389,1619331598.389000,0,1,0,1,17,0,17,30,52,0,
2021,4,25,16,19,58,504,1619331598.504000,0,1,0,1,17,0,17,30,52,0,
2021,4,25,16,19,58,621,1619331598.621000,0,1,0,1,17,0,17,30,52,0,
2021,4,25,16,19,58,742,1619331598.742000,0,1,0,1,17,0,17,30,52,0,
